INSERT INTO service (mnemonic) VALUES ('1');
INSERT INTO service (mnemonic) VALUES ('2');
INSERT INTO service (mnemonic) VALUES ('3');
INSERT INTO service (mnemonic) VALUES ('3A');
INSERT INTO service (mnemonic) VALUES ('4');
INSERT INTO service (mnemonic) VALUES ('5');
INSERT INTO service (mnemonic) VALUES ('7');
INSERT INTO service (mnemonic) VALUES ('8');
INSERT INTO service (mnemonic) VALUES ('10');
INSERT INTO service (mnemonic) VALUES ('11');
INSERT INTO service (mnemonic) VALUES ('12');
INSERT INTO service (mnemonic) VALUES ('14');
INSERT INTO service (mnemonic) VALUES ('15');
INSERT INTO service (mnemonic) VALUES ('15A');
INSERT INTO service (mnemonic) VALUES ('16');
INSERT INTO service (mnemonic) VALUES ('18');
INSERT INTO service (mnemonic) VALUES ('19');
INSERT INTO service (mnemonic) VALUES ('20');
INSERT INTO service (mnemonic) VALUES ('21');
INSERT INTO service (mnemonic) VALUES ('22');
INSERT INTO service (mnemonic) VALUES ('23');
INSERT INTO service (mnemonic) VALUES ('24');
INSERT INTO service (mnemonic) VALUES ('25');
INSERT INTO service (mnemonic) VALUES ('X25');
INSERT INTO service (mnemonic) VALUES ('26');
INSERT INTO service (mnemonic) VALUES ('X26');
INSERT INTO service (mnemonic) VALUES ('27');
INSERT INTO service (mnemonic) VALUES ('29');
INSERT INTO service (mnemonic) VALUES ('X29');
INSERT INTO service (mnemonic) VALUES ('30');
INSERT INTO service (mnemonic) VALUES ('31');
INSERT INTO service (mnemonic) VALUES ('X31');
INSERT INTO service (mnemonic) VALUES ('32');
INSERT INTO service (mnemonic) VALUES ('33');
INSERT INTO service (mnemonic) VALUES ('34');
INSERT INTO service (mnemonic) VALUES ('35');
INSERT INTO service (mnemonic) VALUES ('36');
INSERT INTO service (mnemonic) VALUES ('37');
INSERT INTO service (mnemonic) VALUES ('38');
INSERT INTO service (mnemonic) VALUES ('41');
INSERT INTO service (mnemonic) VALUES ('42');
INSERT INTO service (mnemonic) VALUES ('44');
INSERT INTO service (mnemonic) VALUES ('44A');
INSERT INTO service (mnemonic) VALUES ('45');
INSERT INTO service (mnemonic) VALUES ('47');
INSERT INTO service (mnemonic) VALUES ('X47');
INSERT INTO service (mnemonic) VALUES ('48');
INSERT INTO service (mnemonic) VALUES ('X48');
INSERT INTO service (mnemonic) VALUES ('49');
INSERT INTO service (mnemonic) VALUES ('61');
INSERT INTO service (mnemonic) VALUES ('67');
INSERT INTO service (mnemonic) VALUES ('69');
INSERT INTO service (mnemonic) VALUES ('100');
INSERT INTO service (mnemonic) VALUES ('109');
INSERT INTO service (mnemonic) VALUES ('N3');
INSERT INTO service (mnemonic) VALUES ('N8');
INSERT INTO service (mnemonic) VALUES ('N16');
INSERT INTO service (mnemonic) VALUES ('N22');
INSERT INTO service (mnemonic) VALUES ('N25');
INSERT INTO service (mnemonic) VALUES ('N26');
INSERT INTO service (mnemonic) VALUES ('N30');
INSERT INTO service (mnemonic) VALUES ('N31');
INSERT INTO service (mnemonic) VALUES ('N37');
INSERT INTO service (mnemonic) VALUES ('N44');
INSERT INTO busstop (sms, name, x, y) VALUES ('36236576', 'Atholl Crescent', '55.948062896729', '-3.2129299640656');
INSERT INTO stop (busstop, service) VALUES ('36236576', '3');
INSERT INTO stop (busstop, service) VALUES ('36236576', '3A');
INSERT INTO stop (busstop, service) VALUES ('36236576', '4');
INSERT INTO stop (busstop, service) VALUES ('36236576', '12');
INSERT INTO stop (busstop, service) VALUES ('36236576', '25');
INSERT INTO stop (busstop, service) VALUES ('36236576', '26');
INSERT INTO stop (busstop, service) VALUES ('36236576', 'X26');
INSERT INTO stop (busstop, service) VALUES ('36236576', '31');
INSERT INTO stop (busstop, service) VALUES ('36236576', 'X31');
INSERT INTO stop (busstop, service) VALUES ('36236576', '33');
INSERT INTO stop (busstop, service) VALUES ('36236576', '44');
INSERT INTO stop (busstop, service) VALUES ('36236576', '44A');
INSERT INTO stop (busstop, service) VALUES ('36236576', '48');
INSERT INTO stop (busstop, service) VALUES ('36236576', 'X48');
INSERT INTO stop (busstop, service) VALUES ('36236576', 'N25');
INSERT INTO stop (busstop, service) VALUES ('36236576', 'N26');
INSERT INTO stop (busstop, service) VALUES ('36236576', 'N44');
INSERT INTO busstop (sms, name, x, y) VALUES ('58232869', 'Racecourse', '55.945793151855', '-3.0384829044342');
INSERT INTO stop (busstop, service) VALUES ('58232869', 'N44');
INSERT INTO busstop (sms, name, x, y) VALUES ('36232879', 'St. Mary Street', '55.94987487793', '-3.1838409900665');
INSERT INTO stop (busstop, service) VALUES ('36232879', '36');
INSERT INTO busstop (sms, name, x, y) VALUES ('36232878', 'West Woods', '55.963104248047', '-3.2319519519806');
INSERT INTO stop (busstop, service) VALUES ('36232878', '19');
INSERT INTO stop (busstop, service) VALUES ('36232878', '24');
INSERT INTO stop (busstop, service) VALUES ('36232878', '29');
INSERT INTO stop (busstop, service) VALUES ('36232878', 'X29');
INSERT INTO stop (busstop, service) VALUES ('36232878', '37');
INSERT INTO stop (busstop, service) VALUES ('36232878', '38');
INSERT INTO stop (busstop, service) VALUES ('36232878', '47');
INSERT INTO stop (busstop, service) VALUES ('36232878', 'X47');
INSERT INTO stop (busstop, service) VALUES ('36232878', 'N37');
INSERT INTO busstop (sms, name, x, y) VALUES ('36236572', 'Shandwick Place', '55.949512481689', '-3.2098529338837');
INSERT INTO stop (busstop, service) VALUES ('36236572', '3');
INSERT INTO stop (busstop, service) VALUES ('36236572', '3A');
INSERT INTO stop (busstop, service) VALUES ('36236572', '31');
INSERT INTO stop (busstop, service) VALUES ('36236572', 'X31');
INSERT INTO stop (busstop, service) VALUES ('36236572', '33');
INSERT INTO stop (busstop, service) VALUES ('36236572', '48');
INSERT INTO stop (busstop, service) VALUES ('36236572', 'X48');
INSERT INTO stop (busstop, service) VALUES ('36236572', 'N3');
INSERT INTO busstop (sms, name, x, y) VALUES ('36236573', 'Shandwick Place', '55.949436187744', '-3.2102510929108');
INSERT INTO stop (busstop, service) VALUES ('36236573', '12');
INSERT INTO stop (busstop, service) VALUES ('36236573', '25');
INSERT INTO stop (busstop, service) VALUES ('36236573', 'N25');
INSERT INTO busstop (sms, name, x, y) VALUES ('36232875', 'North Werber Pla', '55.964656829834', '-3.2331550121307');
INSERT INTO stop (busstop, service) VALUES ('36232875', '19');
INSERT INTO stop (busstop, service) VALUES ('36232875', '24');
INSERT INTO stop (busstop, service) VALUES ('36232875', '29');
INSERT INTO stop (busstop, service) VALUES ('36232875', 'X29');
INSERT INTO stop (busstop, service) VALUES ('36232875', '37');
INSERT INTO stop (busstop, service) VALUES ('36232875', '38');
INSERT INTO stop (busstop, service) VALUES ('36232875', '47');
INSERT INTO stop (busstop, service) VALUES ('36232875', 'X47');
INSERT INTO stop (busstop, service) VALUES ('36232875', 'N37');
INSERT INTO busstop (sms, name, x, y) VALUES ('36232876', 'Davidson Road', '55.964218139648', '-3.233108997345');
INSERT INTO stop (busstop, service) VALUES ('36232876', '19');
INSERT INTO stop (busstop, service) VALUES ('36232876', '24');
INSERT INTO stop (busstop, service) VALUES ('36232876', '29');
INSERT INTO stop (busstop, service) VALUES ('36232876', 'X29');
INSERT INTO stop (busstop, service) VALUES ('36232876', '37');
INSERT INTO stop (busstop, service) VALUES ('36232876', '38');
INSERT INTO stop (busstop, service) VALUES ('36232876', '47');
INSERT INTO stop (busstop, service) VALUES ('36232876', 'X47');
INSERT INTO stop (busstop, service) VALUES ('36232876', 'N37');
INSERT INTO busstop (sms, name, x, y) VALUES ('36236578', 'Saughtonhall Dri', '55.944629669189', '-3.2524049282074');
INSERT INTO stop (busstop, service) VALUES ('36236578', '12');
INSERT INTO stop (busstop, service) VALUES ('36236578', '26');
INSERT INTO stop (busstop, service) VALUES ('36236578', 'X26');
INSERT INTO stop (busstop, service) VALUES ('36236578', '31');
INSERT INTO stop (busstop, service) VALUES ('36236578', '48');
INSERT INTO stop (busstop, service) VALUES ('36236578', 'X48');
INSERT INTO stop (busstop, service) VALUES ('36236578', 'N26');
INSERT INTO busstop (sms, name, x, y) VALUES ('36236579', 'Balgreen Road', '55.943283081055', '-3.2593588829041');
INSERT INTO stop (busstop, service) VALUES ('36236579', '12');
INSERT INTO stop (busstop, service) VALUES ('36236579', '26');
INSERT INTO stop (busstop, service) VALUES ('36236579', '31');
INSERT INTO stop (busstop, service) VALUES ('36236579', '48');
INSERT INTO stop (busstop, service) VALUES ('36236579', 'N26');
INSERT INTO busstop (sms, name, x, y) VALUES ('36232873', 'Western General', '55.961917877197', '-3.2309849262238');
INSERT INTO stop (busstop, service) VALUES ('36232873', '19');
INSERT INTO stop (busstop, service) VALUES ('36232873', '24');
INSERT INTO stop (busstop, service) VALUES ('36232873', '29');
INSERT INTO stop (busstop, service) VALUES ('36232873', 'X29');
INSERT INTO stop (busstop, service) VALUES ('36232873', '37');
INSERT INTO stop (busstop, service) VALUES ('36232873', '38');
INSERT INTO stop (busstop, service) VALUES ('36232873', '47');
INSERT INTO stop (busstop, service) VALUES ('36232873', 'X47');
INSERT INTO stop (busstop, service) VALUES ('36232873', 'N37');
INSERT INTO busstop (sms, name, x, y) VALUES ('36232872', 'Western General', '55.961540222168', '-3.230171918869');
INSERT INTO stop (busstop, service) VALUES ('36232872', '19');
INSERT INTO stop (busstop, service) VALUES ('36232872', '24');
INSERT INTO stop (busstop, service) VALUES ('36232872', '29');
INSERT INTO stop (busstop, service) VALUES ('36232872', 'X29');
INSERT INTO stop (busstop, service) VALUES ('36232872', '37');
INSERT INTO stop (busstop, service) VALUES ('36232872', '38');
INSERT INTO stop (busstop, service) VALUES ('36232872', '47');
INSERT INTO stop (busstop, service) VALUES ('36232872', 'X47');
INSERT INTO stop (busstop, service) VALUES ('36232872', 'N37');
INSERT INTO busstop (sms, name, x, y) VALUES ('36245872', 'Canning Street', '55.947917938232', '-3.2094030380249');
INSERT INTO stop (busstop, service) VALUES ('36245872', '61');
INSERT INTO busstop (sms, name, x, y) VALUES ('64323752', 'Laird and Dog', '55.883392333984', '-3.1151509284973');
INSERT INTO stop (busstop, service) VALUES ('64323752', '31');
INSERT INTO stop (busstop, service) VALUES ('64323752', 'X31');
INSERT INTO stop (busstop, service) VALUES ('64323752', 'N31');
INSERT INTO busstop (sms, name, x, y) VALUES ('36246389', 'Hermiston P&R (t', '55.917018890381', '-3.3143510818481');
INSERT INTO stop (busstop, service) VALUES ('36246389', '25');
INSERT INTO stop (busstop, service) VALUES ('36246389', 'X25');
INSERT INTO stop (busstop, service) VALUES ('36246389', '34');
INSERT INTO stop (busstop, service) VALUES ('36246389', '45');
INSERT INTO stop (busstop, service) VALUES ('36246389', 'N25');
INSERT INTO busstop (sms, name, x, y) VALUES ('36235752', 'Grange Road', '55.93660736084', '-3.1804111003876');
INSERT INTO stop (busstop, service) VALUES ('36235752', '42');
INSERT INTO stop (busstop, service) VALUES ('36235752', '67');
INSERT INTO busstop (sms, name, x, y) VALUES ('36239538', 'Glenlockhart Val', '55.921363830566', '-3.2386291027069');
INSERT INTO stop (busstop, service) VALUES ('36239538', '10');
INSERT INTO stop (busstop, service) VALUES ('36239538', '27');
INSERT INTO stop (busstop, service) VALUES ('36239538', '45');
INSERT INTO busstop (sms, name, x, y) VALUES ('36236378', 'Whitehouse Loan', '55.933917999268', '-3.1991539001465');
INSERT INTO stop (busstop, service) VALUES ('36236378', '5');
INSERT INTO busstop (sms, name, x, y) VALUES ('36236379', 'Whitehouse Loan', '55.93384552002', '-3.2001919746399');
INSERT INTO stop (busstop, service) VALUES ('36236379', '5');
INSERT INTO busstop (sms, name, x, y) VALUES ('36236376', 'Strathearn Road', '55.93424987793', '-3.1976749897003');
INSERT INTO stop (busstop, service) VALUES ('36236376', '5');
INSERT INTO busstop (sms, name, x, y) VALUES ('36242734', 'James Place', '55.972003936768', '-3.1622440814972');
INSERT INTO stop (busstop, service) VALUES ('36242734', '21');
INSERT INTO busstop (sms, name, x, y) VALUES ('36236374', 'Beaufort Road', '55.934997558594', '-3.1934080123901');
INSERT INTO stop (busstop, service) VALUES ('36236374', '5');
INSERT INTO stop (busstop, service) VALUES ('36236374', '24');
INSERT INTO busstop (sms, name, x, y) VALUES ('36236375', 'Mount Grange', '55.93452835083', '-3.1954910755157');
INSERT INTO stop (busstop, service) VALUES ('36236375', '5');
INSERT INTO busstop (sms, name, x, y) VALUES ('36236372', 'Dick Place', '55.93367767334', '-3.1859080791473');
INSERT INTO stop (busstop, service) VALUES ('36236372', '24');
INSERT INTO busstop (sms, name, x, y) VALUES ('36236373', 'Beaufort Road', '55.935012817383', '-3.1928160190582');
INSERT INTO stop (busstop, service) VALUES ('36236373', '5');
INSERT INTO stop (busstop, service) VALUES ('36236373', '24');
INSERT INTO busstop (sms, name, x, y) VALUES ('36238482', 'Drylaw Church', '55.965644836426', '-3.2499918937683');
INSERT INTO stop (busstop, service) VALUES ('36238482', '24');
INSERT INTO stop (busstop, service) VALUES ('36238482', '32');
INSERT INTO stop (busstop, service) VALUES ('36238482', '42');
INSERT INTO busstop (sms, name, x, y) VALUES ('36238483', 'Drylaw School', '55.962448120117', '-3.2479989528656');
INSERT INTO stop (busstop, service) VALUES ('36238483', '24');
INSERT INTO stop (busstop, service) VALUES ('36238483', '32');
INSERT INTO stop (busstop, service) VALUES ('36238483', '42');
INSERT INTO busstop (sms, name, x, y) VALUES ('36234562', 'Duddingston Vill', '55.942432403564', '-3.1447870731354');
INSERT INTO stop (busstop, service) VALUES ('36234562', '42');
INSERT INTO busstop (sms, name, x, y) VALUES ('36238484', 'Drylaw School', '55.96374130249', '-3.2490980625153');
INSERT INTO stop (busstop, service) VALUES ('36238484', '24');
INSERT INTO stop (busstop, service) VALUES ('36238484', '32');
INSERT INTO stop (busstop, service) VALUES ('36238484', '42');
INSERT INTO busstop (sms, name, x, y) VALUES ('36238485', 'Drylaw Parish ch', '55.964950561523', '-3.2494089603424');
INSERT INTO stop (busstop, service) VALUES ('36238485', '24');
INSERT INTO stop (busstop, service) VALUES ('36238485', '32');
INSERT INTO stop (busstop, service) VALUES ('36238485', '42');
INSERT INTO busstop (sms, name, x, y) VALUES ('36234564', 'Meadowfield Aven', '55.944793701172', '-3.1371870040894');
INSERT INTO stop (busstop, service) VALUES ('36234564', '42');
INSERT INTO busstop (sms, name, x, y) VALUES ('36238764', 'St Bernards Cres', '55.957500457764', '-3.2136740684509');
INSERT INTO stop (busstop, service) VALUES ('36238764', '36');
INSERT INTO busstop (sms, name, x, y) VALUES ('36234594', 'Craigmillar Cast', '55.932762145996', '-3.1402280330658');
INSERT INTO stop (busstop, service) VALUES ('36234594', '2');
INSERT INTO stop (busstop, service) VALUES ('36234594', '14');
INSERT INTO stop (busstop, service) VALUES ('36234594', '21');
INSERT INTO stop (busstop, service) VALUES ('36234594', '30');
INSERT INTO stop (busstop, service) VALUES ('36234594', 'N30');
INSERT INTO busstop (sms, name, x, y) VALUES ('36234595', 'Niddrie Mains Ro', '55.93302154541', '-3.1376419067383');
INSERT INTO stop (busstop, service) VALUES ('36234595', '2');
INSERT INTO stop (busstop, service) VALUES ('36234595', '14');
INSERT INTO stop (busstop, service) VALUES ('36234595', '21');
INSERT INTO stop (busstop, service) VALUES ('36234595', '30');
INSERT INTO stop (busstop, service) VALUES ('36234595', 'N30');
INSERT INTO busstop (sms, name, x, y) VALUES ('36234596', 'Harewood Drive', '55.932777404785', '-3.1347219944');
INSERT INTO stop (busstop, service) VALUES ('36234596', '2');
INSERT INTO stop (busstop, service) VALUES ('36234596', '14');
INSERT INTO stop (busstop, service) VALUES ('36234596', '21');
INSERT INTO stop (busstop, service) VALUES ('36234596', '30');
INSERT INTO stop (busstop, service) VALUES ('36234596', 'N30');
INSERT INTO busstop (sms, name, x, y) VALUES ('36234597', 'Thistle Foundati', '55.932514190674', '-3.1331610679626');
INSERT INTO stop (busstop, service) VALUES ('36234597', '2');
INSERT INTO stop (busstop, service) VALUES ('36234597', '14');
INSERT INTO stop (busstop, service) VALUES ('36234597', '21');
INSERT INTO stop (busstop, service) VALUES ('36234597', '30');
INSERT INTO stop (busstop, service) VALUES ('36234597', 'N30');
INSERT INTO busstop (sms, name, x, y) VALUES ('36234592', 'Duddingston Golf', '55.937175750732', '-3.1438629627228');
INSERT INTO stop (busstop, service) VALUES ('36234592', '42');
INSERT INTO busstop (sms, name, x, y) VALUES ('36234593', 'Drybroughs Brew', '55.933727264404', '-3.1416809558868');
INSERT INTO stop (busstop, service) VALUES ('36234593', '42');
INSERT INTO busstop (sms, name, x, y) VALUES ('36234598', 'Hay Road', '55.93286895752', '-3.127760887146');
INSERT INTO stop (busstop, service) VALUES ('36234598', '2');
INSERT INTO stop (busstop, service) VALUES ('36234598', '21');
INSERT INTO stop (busstop, service) VALUES ('36234598', '30');
INSERT INTO stop (busstop, service) VALUES ('36234598', 'N30');
INSERT INTO busstop (sms, name, x, y) VALUES ('36242938', 'Ocean Terminal', '55.980903625488', '-3.1768870353699');
INSERT INTO stop (busstop, service) VALUES ('36242938', '11');
INSERT INTO stop (busstop, service) VALUES ('36242938', '35');
INSERT INTO busstop (sms, name, x, y) VALUES ('64329268', 'Eskbank Court', '55.889019012451', '-3.0816400051117');
INSERT INTO stop (busstop, service) VALUES ('64329268', '3');
INSERT INTO stop (busstop, service) VALUES ('64329268', '3A');
INSERT INTO stop (busstop, service) VALUES ('64329268', 'N3');
INSERT INTO busstop (sms, name, x, y) VALUES ('64329269', 'Opp. Eskbank Cou', '55.889476776123', '-3.0817959308624');
INSERT INTO stop (busstop, service) VALUES ('64329269', '3');
INSERT INTO stop (busstop, service) VALUES ('64329269', '3A');
INSERT INTO stop (busstop, service) VALUES ('64329269', 'N3');
INSERT INTO busstop (sms, name, x, y) VALUES ('36237395', 'Ferniehill Road', '55.912506103516', '-3.1267058849335');
INSERT INTO stop (busstop, service) VALUES ('36237395', '33');
INSERT INTO busstop (sms, name, x, y) VALUES ('36238796', 'Royston Mains Ro', '55.978466033936', '-3.2331290245056');
INSERT INTO stop (busstop, service) VALUES ('36238796', '8');
INSERT INTO stop (busstop, service) VALUES ('36238796', '16');
INSERT INTO stop (busstop, service) VALUES ('36238796', '32');
INSERT INTO stop (busstop, service) VALUES ('36238796', 'N8');
INSERT INTO busstop (sms, name, x, y) VALUES ('36238797', 'Royston Mains St', '55.977870941162', '-3.2361550331116');
INSERT INTO stop (busstop, service) VALUES ('36238797', '8');
INSERT INTO stop (busstop, service) VALUES ('36238797', '16');
INSERT INTO stop (busstop, service) VALUES ('36238797', '32');
INSERT INTO stop (busstop, service) VALUES ('36238797', 'N8');
INSERT INTO busstop (sms, name, x, y) VALUES ('36234628', 'Seaview Terrace', '55.948097229004', '-3.0840709209442');
INSERT INTO stop (busstop, service) VALUES ('36234628', '26');
INSERT INTO stop (busstop, service) VALUES ('36234628', 'X26');
INSERT INTO stop (busstop, service) VALUES ('36234628', '44');
INSERT INTO stop (busstop, service) VALUES ('36234628', 'N26');
INSERT INTO busstop (sms, name, x, y) VALUES ('36234629', 'Seaview Terrace', '55.948535919189', '-3.0881340503693');
INSERT INTO stop (busstop, service) VALUES ('36234629', '15');
INSERT INTO stop (busstop, service) VALUES ('36234629', '15A');
INSERT INTO stop (busstop, service) VALUES ('36234629', '26');
INSERT INTO stop (busstop, service) VALUES ('36234629', 'X26');
INSERT INTO stop (busstop, service) VALUES ('36234629', 'N26');
INSERT INTO busstop (sms, name, x, y) VALUES ('36238792', 'Roseneath Street', '55.938121795654', '-3.1919519901276');
INSERT INTO stop (busstop, service) VALUES ('36238792', '41');
INSERT INTO busstop (sms, name, x, y) VALUES ('36238793', 'Roseneath Street', '55.938255310059', '-3.1922919750214');
INSERT INTO stop (busstop, service) VALUES ('36238793', '41');
INSERT INTO busstop (sms, name, x, y) VALUES ('36234623', 'Wauchope Square', '55.933776855469', '-3.1236898899078');
INSERT INTO stop (busstop, service) VALUES ('36234623', '2');
INSERT INTO stop (busstop, service) VALUES ('36234623', '21');
INSERT INTO stop (busstop, service) VALUES ('36234623', '30');
INSERT INTO stop (busstop, service) VALUES ('36234623', 'N30');
INSERT INTO busstop (sms, name, x, y) VALUES ('36234654', 'Mountcastle Gard', '55.950065612793', '-3.1279571056366');
INSERT INTO stop (busstop, service) VALUES ('36234654', '5');
INSERT INTO busstop (sms, name, x, y) VALUES ('36234626', 'Niddrie Mill Cot', '55.933952331543', '-3.1153230667114');
INSERT INTO stop (busstop, service) VALUES ('36234626', '2');
INSERT INTO stop (busstop, service) VALUES ('36234626', '21');
INSERT INTO stop (busstop, service) VALUES ('36234626', '30');
INSERT INTO stop (busstop, service) VALUES ('36234626', 'N30');
INSERT INTO busstop (sms, name, x, y) VALUES ('36234627', 'Seaview Terrace', '55.947040557861', '-3.0812709331512');
INSERT INTO stop (busstop, service) VALUES ('36234627', '26');
INSERT INTO stop (busstop, service) VALUES ('36234627', 'X26');
INSERT INTO stop (busstop, service) VALUES ('36234627', '44');
INSERT INTO stop (busstop, service) VALUES ('36234627', 'N26');
INSERT INTO busstop (sms, name, x, y) VALUES ('36234624', 'Hay Drive', '55.934272766113', '-3.1204218864441');
INSERT INTO stop (busstop, service) VALUES ('36234624', '2');
INSERT INTO stop (busstop, service) VALUES ('36234624', '21');
INSERT INTO stop (busstop, service) VALUES ('36234624', '30');
INSERT INTO stop (busstop, service) VALUES ('36234624', 'N30');
INSERT INTO busstop (sms, name, x, y) VALUES ('36234625', 'Jack Kane Centre', '55.934078216553', '-3.1182401180267');
INSERT INTO stop (busstop, service) VALUES ('36234625', '2');
INSERT INTO stop (busstop, service) VALUES ('36234625', '21');
INSERT INTO stop (busstop, service) VALUES ('36234625', '30');
INSERT INTO stop (busstop, service) VALUES ('36234625', 'N30');
INSERT INTO busstop (sms, name, x, y) VALUES ('36239828', 'Cultins Road', '55.922248840332', '-3.3025259971619');
INSERT INTO stop (busstop, service) VALUES ('36239828', '34');
INSERT INTO busstop (sms, name, x, y) VALUES ('58232767', 'Edinburgh Road', '55.945697784424', '-3.0756449699402');
INSERT INTO stop (busstop, service) VALUES ('58232767', '26');
INSERT INTO stop (busstop, service) VALUES ('58232767', 'X26');
INSERT INTO stop (busstop, service) VALUES ('58232767', '44');
INSERT INTO stop (busstop, service) VALUES ('58232767', '45');
INSERT INTO stop (busstop, service) VALUES ('58232767', 'N26');
INSERT INTO stop (busstop, service) VALUES ('58232767', 'N44');
INSERT INTO busstop (sms, name, x, y) VALUES ('58232769', 'North High Stree', '55.944007873535', '-3.0643420219421');
INSERT INTO stop (busstop, service) VALUES ('58232769', '26');
INSERT INTO stop (busstop, service) VALUES ('58232769', 'X26');
INSERT INTO stop (busstop, service) VALUES ('58232769', '30');
INSERT INTO stop (busstop, service) VALUES ('58232769', '44');
INSERT INTO stop (busstop, service) VALUES ('58232769', 'N26');
INSERT INTO stop (busstop, service) VALUES ('58232769', 'N30');
INSERT INTO stop (busstop, service) VALUES ('58232769', 'N44');
INSERT INTO busstop (sms, name, x, y) VALUES ('58232768', 'Maitland Park', '55.945259094238', '-3.0725109577179');
INSERT INTO stop (busstop, service) VALUES ('58232768', '26');
INSERT INTO stop (busstop, service) VALUES ('58232768', 'X26');
INSERT INTO stop (busstop, service) VALUES ('58232768', '44');
INSERT INTO stop (busstop, service) VALUES ('58232768', '45');
INSERT INTO stop (busstop, service) VALUES ('58232768', 'N26');
INSERT INTO stop (busstop, service) VALUES ('58232768', 'N44');
INSERT INTO busstop (sms, name, x, y) VALUES ('36247529', 'Supermarket', '55.9658203125', '-3.274286031723');
INSERT INTO stop (busstop, service) VALUES ('36247529', '42');
INSERT INTO busstop (sms, name, x, y) VALUES ('36235478', 'Learmonth Grove', '55.959297180176', '-3.2207460403442');
INSERT INTO stop (busstop, service) VALUES ('36235478', '24');
INSERT INTO stop (busstop, service) VALUES ('36235478', '29');
INSERT INTO stop (busstop, service) VALUES ('36235478', 'X29');
INSERT INTO stop (busstop, service) VALUES ('36235478', '42');
INSERT INTO busstop (sms, name, x, y) VALUES ('36235479', 'Cheyne Street', '55.95922088623', '-3.2129909992218');
INSERT INTO stop (busstop, service) VALUES ('36235479', '24');
INSERT INTO stop (busstop, service) VALUES ('36235479', '29');
INSERT INTO stop (busstop, service) VALUES ('36235479', 'X29');
INSERT INTO stop (busstop, service) VALUES ('36235479', '42');
INSERT INTO busstop (sms, name, x, y) VALUES ('36235474', 'Flora Stevenson', '55.95881652832', '-3.2249600887299');
INSERT INTO stop (busstop, service) VALUES ('36235474', '24');
INSERT INTO stop (busstop, service) VALUES ('36235474', '29');
INSERT INTO stop (busstop, service) VALUES ('36235474', 'X29');
INSERT INTO stop (busstop, service) VALUES ('36235474', '42');
INSERT INTO busstop (sms, name, x, y) VALUES ('36243863', 'Royal Infirmary', '55.921676635742', '-3.1379499435425');
INSERT INTO stop (busstop, service) VALUES ('36243863', '21');
INSERT INTO stop (busstop, service) VALUES ('36243863', '24');
INSERT INTO stop (busstop, service) VALUES ('36243863', '33');
INSERT INTO stop (busstop, service) VALUES ('36243863', '38');
INSERT INTO stop (busstop, service) VALUES ('36243863', '48');
INSERT INTO stop (busstop, service) VALUES ('36243863', 'X48');
INSERT INTO stop (busstop, service) VALUES ('36243863', '49');
INSERT INTO busstop (sms, name, x, y) VALUES ('36235476', 'Flora Stevenson', '55.95873260498', '-3.2244770526886');
INSERT INTO stop (busstop, service) VALUES ('36235476', '24');
INSERT INTO stop (busstop, service) VALUES ('36235476', '29');
INSERT INTO stop (busstop, service) VALUES ('36235476', 'X29');
INSERT INTO stop (busstop, service) VALUES ('36235476', '42');
INSERT INTO busstop (sms, name, x, y) VALUES ('36243867', 'Royal Infirmary', '55.921215057373', '-3.1364960670471');
INSERT INTO stop (busstop, service) VALUES ('36243867', '3');
INSERT INTO stop (busstop, service) VALUES ('36243867', '18');
INSERT INTO stop (busstop, service) VALUES ('36243867', '21');
INSERT INTO stop (busstop, service) VALUES ('36243867', '38');
INSERT INTO busstop (sms, name, x, y) VALUES ('36235472', 'Wardiefield', '55.977836608887', '-3.2189900875092');
INSERT INTO stop (busstop, service) VALUES ('36235472', '8');
INSERT INTO stop (busstop, service) VALUES ('36235472', '14');
INSERT INTO stop (busstop, service) VALUES ('36235472', 'N8');
INSERT INTO busstop (sms, name, x, y) VALUES ('36247524', 'Ingliston Park &', '55.938720703125', '-3.3557989597321');
INSERT INTO stop (busstop, service) VALUES ('36247524', '35');
INSERT INTO busstop (sms, name, x, y) VALUES ('36238468', 'Greenbank Row', '55.913772583008', '-3.2175869941711');
INSERT INTO stop (busstop, service) VALUES ('36238468', '5');
INSERT INTO stop (busstop, service) VALUES ('36238468', '16');
INSERT INTO stop (busstop, service) VALUES ('36238468', 'N16');
INSERT INTO busstop (sms, name, x, y) VALUES ('36238469', 'Greenbank Loan', '55.917701721191', '-3.2164459228516');
INSERT INTO stop (busstop, service) VALUES ('36238469', '5');
INSERT INTO stop (busstop, service) VALUES ('36238469', '16');
INSERT INTO stop (busstop, service) VALUES ('36238469', 'N16');
INSERT INTO busstop (sms, name, x, y) VALUES ('58234729', 'Stoneybank Garde', '55.93563079834', '-3.0648329257965');
INSERT INTO stop (busstop, service) VALUES ('58234729', '30');
INSERT INTO stop (busstop, service) VALUES ('58234729', 'N30');
INSERT INTO busstop (sms, name, x, y) VALUES ('36238462', 'Wardieburn Stree', '55.979122161865', '-3.2251210212708');
INSERT INTO stop (busstop, service) VALUES ('36238462', '19');
INSERT INTO busstop (sms, name, x, y) VALUES ('36238465', 'Granton Square', '55.98078918457', '-3.224837064743');
INSERT INTO stop (busstop, service) VALUES ('36238465', '16');
INSERT INTO stop (busstop, service) VALUES ('36238465', '38');
INSERT INTO stop (busstop, service) VALUES ('36238465', '47');
INSERT INTO stop (busstop, service) VALUES ('36238465', 'X47');
INSERT INTO busstop (sms, name, x, y) VALUES ('36238467', 'Greenbank Row', '55.913219451904', '-3.2179539203644');
INSERT INTO stop (busstop, service) VALUES ('36238467', '5');
INSERT INTO stop (busstop, service) VALUES ('36238467', '16');
INSERT INTO stop (busstop, service) VALUES ('36238467', 'N16');
INSERT INTO busstop (sms, name, x, y) VALUES ('36245429', 'supermarket nort', '55.95756149292', '-3.2416749000549');
INSERT INTO stop (busstop, service) VALUES ('36245429', '38');
INSERT INTO stop (busstop, service) VALUES ('36245429', '42');
INSERT INTO busstop (sms, name, x, y) VALUES ('36235984', 'St. Fillans Terr', '55.922698974609', '-3.2171308994293');
INSERT INTO stop (busstop, service) VALUES ('36235984', '41');
INSERT INTO busstop (sms, name, x, y) VALUES ('36235985', 'Craighouse Road', '55.922706604004', '-3.2238039970398');
INSERT INTO stop (busstop, service) VALUES ('36235985', '23');
INSERT INTO stop (busstop, service) VALUES ('36235985', '41');
INSERT INTO busstop (sms, name, x, y) VALUES ('36235986', 'Craighouse Campu', '55.92280960083', '-3.2258079051971');
INSERT INTO stop (busstop, service) VALUES ('36235986', '23');
INSERT INTO stop (busstop, service) VALUES ('36235986', '41');
INSERT INTO busstop (sms, name, x, y) VALUES ('36235987', 'Craighouse Garde', '55.924652099609', '-3.2223780155182');
INSERT INTO stop (busstop, service) VALUES ('36235987', '23');
INSERT INTO stop (busstop, service) VALUES ('36235987', '38');
INSERT INTO busstop (sms, name, x, y) VALUES ('36235981', 'Craighouse Campu', '55.92280960083', '-3.2258079051971');
INSERT INTO stop (busstop, service) VALUES ('36235981', '23');
INSERT INTO busstop (sms, name, x, y) VALUES ('36235982', 'Dalhousie Terrac', '55.922946929932', '-3.2146580219269');
INSERT INTO stop (busstop, service) VALUES ('36235982', '41');
INSERT INTO busstop (sms, name, x, y) VALUES ('36235983', 'Dalhousie Terrac', '55.923156738281', '-3.2143929004669');
INSERT INTO stop (busstop, service) VALUES ('36235983', '41');
INSERT INTO busstop (sms, name, x, y) VALUES ('36235989', 'Craighouse Garde', '55.92455291748', '-3.2215900421143');
INSERT INTO stop (busstop, service) VALUES ('36235989', '23');
INSERT INTO stop (busstop, service) VALUES ('36235989', '38');
INSERT INTO busstop (sms, name, x, y) VALUES ('36232827', 'Muirhouse Avenue', '55.970211029053', '-3.2508280277252');
INSERT INTO stop (busstop, service) VALUES ('36232827', '24');
INSERT INTO stop (busstop, service) VALUES ('36232827', '27');
INSERT INTO stop (busstop, service) VALUES ('36232827', '32');
INSERT INTO stop (busstop, service) VALUES ('36232827', '37');
INSERT INTO busstop (sms, name, x, y) VALUES ('36235872', 'Balgreen Primary', '55.936855316162', '-3.2498331069946');
INSERT INTO stop (busstop, service) VALUES ('36235872', '1');
INSERT INTO stop (busstop, service) VALUES ('36235872', '2');
INSERT INTO stop (busstop, service) VALUES ('36235872', '22');
INSERT INTO stop (busstop, service) VALUES ('36235872', 'N22');
INSERT INTO busstop (sms, name, x, y) VALUES ('36235873', 'Balgreen Primary', '55.936542510986', '-3.2478859424591');
INSERT INTO stop (busstop, service) VALUES ('36235873', '1');
INSERT INTO stop (busstop, service) VALUES ('36235873', '2');
INSERT INTO stop (busstop, service) VALUES ('36235873', '22');
INSERT INTO stop (busstop, service) VALUES ('36235873', '38');
INSERT INTO stop (busstop, service) VALUES ('36235873', 'N22');
INSERT INTO busstop (sms, name, x, y) VALUES ('36235874', 'Whitson Road', '55.937660217285', '-3.2494909763336');
INSERT INTO stop (busstop, service) VALUES ('36235874', '38');
INSERT INTO busstop (sms, name, x, y) VALUES ('36235875', 'Western Corner', '55.944625854492', '-3.2509319782257');
INSERT INTO stop (busstop, service) VALUES ('36235875', '38');
INSERT INTO busstop (sms, name, x, y) VALUES ('36235876', 'Crewe Toll', '55.968738555908', '-3.2346789836884');
INSERT INTO stop (busstop, service) VALUES ('36235876', '21');
INSERT INTO stop (busstop, service) VALUES ('36235876', '27');
INSERT INTO busstop (sms, name, x, y) VALUES ('36235878', 'South Bridge', '55.949390411377', '-3.1872689723969');
INSERT INTO stop (busstop, service) VALUES ('36235878', '3');
INSERT INTO stop (busstop, service) VALUES ('36235878', '3A');
INSERT INTO stop (busstop, service) VALUES ('36235878', '8');
INSERT INTO stop (busstop, service) VALUES ('36235878', '29');
INSERT INTO stop (busstop, service) VALUES ('36235878', 'X29');
INSERT INTO stop (busstop, service) VALUES ('36235878', '30');
INSERT INTO stop (busstop, service) VALUES ('36235878', '31');
INSERT INTO stop (busstop, service) VALUES ('36235878', 'X31');
INSERT INTO stop (busstop, service) VALUES ('36235878', '33');
INSERT INTO stop (busstop, service) VALUES ('36235878', '37');
INSERT INTO stop (busstop, service) VALUES ('36235878', '47');
INSERT INTO stop (busstop, service) VALUES ('36235878', 'X47');
INSERT INTO stop (busstop, service) VALUES ('36235878', '48');
INSERT INTO stop (busstop, service) VALUES ('36235878', 'X48');
INSERT INTO stop (busstop, service) VALUES ('36235878', 'N3');
INSERT INTO stop (busstop, service) VALUES ('36235878', 'N30');
INSERT INTO stop (busstop, service) VALUES ('36235878', 'N31');
INSERT INTO stop (busstop, service) VALUES ('36235878', 'N37');
INSERT INTO busstop (sms, name, x, y) VALUES ('36235879', 'North Bridge', '55.951332092285', '-3.1882569789886');
INSERT INTO stop (busstop, service) VALUES ('36235879', '5');
INSERT INTO stop (busstop, service) VALUES ('36235879', '7');
INSERT INTO stop (busstop, service) VALUES ('36235879', '14');
INSERT INTO stop (busstop, service) VALUES ('36235879', '49');
INSERT INTO busstop (sms, name, x, y) VALUES ('36237464', 'Dumbryden Garden', '55.920364379883', '-3.2712581157684');
INSERT INTO stop (busstop, service) VALUES ('36237464', '30');
INSERT INTO stop (busstop, service) VALUES ('36237464', 'N30');
INSERT INTO busstop (sms, name, x, y) VALUES ('36298659', 'Ocean Drive West', '55.981536865234', '-3.1912829875946');
INSERT INTO stop (busstop, service) VALUES ('36298659', '10');
INSERT INTO busstop (sms, name, x, y) VALUES ('36298652', 'Ocean Drive West', '55.981513977051', '-3.190929889679');
INSERT INTO stop (busstop, service) VALUES ('36298652', '10');
INSERT INTO busstop (sms, name, x, y) VALUES ('36236978', 'Pentland Terrace', '55.912860870361', '-3.2134308815002');
INSERT INTO stop (busstop, service) VALUES ('36236978', '11');
INSERT INTO stop (busstop, service) VALUES ('36236978', '15');
INSERT INTO stop (busstop, service) VALUES ('36236978', '15A');
INSERT INTO busstop (sms, name, x, y) VALUES ('36236979', 'Riselaw Crescent', '55.912994384766', '-3.2137229442596');
INSERT INTO stop (busstop, service) VALUES ('36236979', '11');
INSERT INTO stop (busstop, service) VALUES ('36236979', '15');
INSERT INTO stop (busstop, service) VALUES ('36236979', '15A');
INSERT INTO busstop (sms, name, x, y) VALUES ('36239536', 'Glenlockhart Val', '55.921096801758', '-3.239196062088');
INSERT INTO stop (busstop, service) VALUES ('36239536', '10');
INSERT INTO stop (busstop, service) VALUES ('36239536', '27');
INSERT INTO stop (busstop, service) VALUES ('36239536', '45');
INSERT INTO busstop (sms, name, x, y) VALUES ('58232956', 'Playground', '55.910430908203', '-2.9417281150818');
INSERT INTO stop (busstop, service) VALUES ('58232956', '44');
INSERT INTO busstop (sms, name, x, y) VALUES ('36245435', 'Scottish Gas HQ', '55.978805541992', '-3.2416338920593');
INSERT INTO stop (busstop, service) VALUES ('36245435', '14');
INSERT INTO stop (busstop, service) VALUES ('36245435', '24');
INSERT INTO busstop (sms, name, x, y) VALUES ('58232954', 'B6371 at A6093', '55.906120300293', '-2.9379599094391');
INSERT INTO stop (busstop, service) VALUES ('58232954', '44');
INSERT INTO busstop (sms, name, x, y) VALUES ('36236972', 'Braid Burn', '55.918643951416', '-3.2128920555115');
INSERT INTO stop (busstop, service) VALUES ('36236972', '11');
INSERT INTO stop (busstop, service) VALUES ('36236972', '15');
INSERT INTO stop (busstop, service) VALUES ('36236972', '15A');
INSERT INTO busstop (sms, name, x, y) VALUES ('36236973', 'Braid Hills Hote', '55.917499542236', '-3.2130799293518');
INSERT INTO stop (busstop, service) VALUES ('36236973', '11');
INSERT INTO stop (busstop, service) VALUES ('36236973', '15');
INSERT INTO stop (busstop, service) VALUES ('36236973', '15A');
INSERT INTO busstop (sms, name, x, y) VALUES ('36236974', 'Braid Hills Hote', '55.917282104492', '-3.2133450508118');
INSERT INTO stop (busstop, service) VALUES ('36236974', '11');
INSERT INTO stop (busstop, service) VALUES ('36236974', '15');
INSERT INTO stop (busstop, service) VALUES ('36236974', '15A');
INSERT INTO busstop (sms, name, x, y) VALUES ('36236975', 'Pentland Terrace', '55.915367126465', '-3.2133650779724');
INSERT INTO stop (busstop, service) VALUES ('36236975', '11');
INSERT INTO stop (busstop, service) VALUES ('36236975', '15');
INSERT INTO stop (busstop, service) VALUES ('36236975', '15A');
INSERT INTO busstop (sms, name, x, y) VALUES ('36236976', 'Riselaw Place', '55.915393829346', '-3.2136540412903');
INSERT INTO stop (busstop, service) VALUES ('36236976', '11');
INSERT INTO stop (busstop, service) VALUES ('36236976', '15');
INSERT INTO stop (busstop, service) VALUES ('36236976', '15A');
INSERT INTO busstop (sms, name, x, y) VALUES ('36236732', 'Union Canal Cent', '55.923049926758', '-3.3784248828888');
INSERT INTO stop (busstop, service) VALUES ('36236732', '48');
INSERT INTO stop (busstop, service) VALUES ('36236732', 'X48');
INSERT INTO busstop (sms, name, x, y) VALUES ('36232639', 'Haymarket Statio', '55.945869445801', '-3.2175860404968');
INSERT INTO stop (busstop, service) VALUES ('36232639', '48');
INSERT INTO stop (busstop, service) VALUES ('36232639', 'X48');
INSERT INTO stop (busstop, service) VALUES ('36232639', '100');
INSERT INTO busstop (sms, name, x, y) VALUES ('36234837', 'Salisbury Road', '55.937129974365', '-3.1775290966034');
INSERT INTO stop (busstop, service) VALUES ('36234837', '3');
INSERT INTO stop (busstop, service) VALUES ('36234837', '3A');
INSERT INTO stop (busstop, service) VALUES ('36234837', '7');
INSERT INTO stop (busstop, service) VALUES ('36234837', '8');
INSERT INTO stop (busstop, service) VALUES ('36234837', '29');
INSERT INTO stop (busstop, service) VALUES ('36234837', '31');
INSERT INTO stop (busstop, service) VALUES ('36234837', '37');
INSERT INTO stop (busstop, service) VALUES ('36234837', '47');
INSERT INTO stop (busstop, service) VALUES ('36234837', 'X47');
INSERT INTO stop (busstop, service) VALUES ('36234837', '49');
INSERT INTO stop (busstop, service) VALUES ('36234837', 'N3');
INSERT INTO stop (busstop, service) VALUES ('36234837', 'N31');
INSERT INTO stop (busstop, service) VALUES ('36234837', 'N37');
INSERT INTO busstop (sms, name, x, y) VALUES ('36234836', 'Commonwealth Poo', '55.938064575195', '-3.1727540493011');
INSERT INTO stop (busstop, service) VALUES ('36234836', '2');
INSERT INTO stop (busstop, service) VALUES ('36234836', '14');
INSERT INTO stop (busstop, service) VALUES ('36234836', '30');
INSERT INTO stop (busstop, service) VALUES ('36234836', '33');
INSERT INTO stop (busstop, service) VALUES ('36234836', '48');
INSERT INTO stop (busstop, service) VALUES ('36234836', 'X48');
INSERT INTO stop (busstop, service) VALUES ('36234836', 'N30');
INSERT INTO busstop (sms, name, x, y) VALUES ('36234835', 'Marchhall Place', '55.936351776123', '-3.1703329086304');
INSERT INTO stop (busstop, service) VALUES ('36234835', '2');
INSERT INTO stop (busstop, service) VALUES ('36234835', '14');
INSERT INTO stop (busstop, service) VALUES ('36234835', '30');
INSERT INTO stop (busstop, service) VALUES ('36234835', '33');
INSERT INTO stop (busstop, service) VALUES ('36234835', '48');
INSERT INTO stop (busstop, service) VALUES ('36234835', 'N30');
INSERT INTO busstop (sms, name, x, y) VALUES ('36234834', 'East Mayfield', '55.935276031494', '-3.169084072113');
INSERT INTO stop (busstop, service) VALUES ('36234834', '2');
INSERT INTO stop (busstop, service) VALUES ('36234834', '14');
INSERT INTO stop (busstop, service) VALUES ('36234834', '30');
INSERT INTO stop (busstop, service) VALUES ('36234834', '33');
INSERT INTO stop (busstop, service) VALUES ('36234834', '48');
INSERT INTO stop (busstop, service) VALUES ('36234834', 'N30');
INSERT INTO busstop (sms, name, x, y) VALUES ('36234832', 'Prestonfield Ave', '55.933567047119', '-3.1665999889374');
INSERT INTO stop (busstop, service) VALUES ('36234832', '2');
INSERT INTO stop (busstop, service) VALUES ('36234832', '14');
INSERT INTO stop (busstop, service) VALUES ('36234832', '30');
INSERT INTO stop (busstop, service) VALUES ('36234832', '33');
INSERT INTO stop (busstop, service) VALUES ('36234832', '48');
INSERT INTO stop (busstop, service) VALUES ('36234832', 'X48');
INSERT INTO stop (busstop, service) VALUES ('36234832', 'N30');
INSERT INTO busstop (sms, name, x, y) VALUES ('36234839', 'Peel Terrace', '55.932811737061', '-3.1730759143829');
INSERT INTO stop (busstop, service) VALUES ('36234839', '3');
INSERT INTO stop (busstop, service) VALUES ('36234839', '3A');
INSERT INTO stop (busstop, service) VALUES ('36234839', '7');
INSERT INTO stop (busstop, service) VALUES ('36234839', '8');
INSERT INTO stop (busstop, service) VALUES ('36234839', '29');
INSERT INTO stop (busstop, service) VALUES ('36234839', '31');
INSERT INTO stop (busstop, service) VALUES ('36234839', '37');
INSERT INTO stop (busstop, service) VALUES ('36234839', '47');
INSERT INTO stop (busstop, service) VALUES ('36234839', '49');
INSERT INTO stop (busstop, service) VALUES ('36234839', 'N3');
INSERT INTO stop (busstop, service) VALUES ('36234839', 'N31');
INSERT INTO stop (busstop, service) VALUES ('36234839', 'N37');
INSERT INTO busstop (sms, name, x, y) VALUES ('36234838', 'Mayfield Terrace', '55.93493270874', '-3.1752688884735');
INSERT INTO stop (busstop, service) VALUES ('36234838', '3');
INSERT INTO stop (busstop, service) VALUES ('36234838', '3A');
INSERT INTO stop (busstop, service) VALUES ('36234838', '7');
INSERT INTO stop (busstop, service) VALUES ('36234838', '8');
INSERT INTO stop (busstop, service) VALUES ('36234838', '29');
INSERT INTO stop (busstop, service) VALUES ('36234838', '31');
INSERT INTO stop (busstop, service) VALUES ('36234838', '37');
INSERT INTO stop (busstop, service) VALUES ('36234838', '47');
INSERT INTO stop (busstop, service) VALUES ('36234838', '49');
INSERT INTO stop (busstop, service) VALUES ('36234838', 'N3');
INSERT INTO stop (busstop, service) VALUES ('36234838', 'N31');
INSERT INTO stop (busstop, service) VALUES ('36234838', 'N37');
INSERT INTO busstop (sms, name, x, y) VALUES ('36237238', 'Fairmile Inn', '55.897674560547', '-3.2035689353943');
INSERT INTO stop (busstop, service) VALUES ('36237238', '4');
INSERT INTO stop (busstop, service) VALUES ('36237238', '15');
INSERT INTO stop (busstop, service) VALUES ('36237238', '15A');
INSERT INTO busstop (sms, name, x, y) VALUES ('36237239', 'Fairmile Inn', '55.897006988525', '-3.2036759853363');
INSERT INTO stop (busstop, service) VALUES ('36237239', '4');
INSERT INTO stop (busstop, service) VALUES ('36237239', '11');
INSERT INTO stop (busstop, service) VALUES ('36237239', '15');
INSERT INTO stop (busstop, service) VALUES ('36237239', '15A');
INSERT INTO busstop (sms, name, x, y) VALUES ('36237262', 'East Trinity Roa', '55.974983215332', '-3.2095100879669');
INSERT INTO stop (busstop, service) VALUES ('36237262', '23');
INSERT INTO busstop (sms, name, x, y) VALUES ('36237234', 'Fairmilehead Cro', '55.902339935303', '-3.2048649787903');
INSERT INTO stop (busstop, service) VALUES ('36237234', '11');
INSERT INTO stop (busstop, service) VALUES ('36237234', '15');
INSERT INTO stop (busstop, service) VALUES ('36237234', '15A');
INSERT INTO busstop (sms, name, x, y) VALUES ('36237235', 'Buckstone Terrac', '55.90213394165', '-3.2050349712372');
INSERT INTO stop (busstop, service) VALUES ('36237235', '11');
INSERT INTO stop (busstop, service) VALUES ('36237235', '15');
INSERT INTO stop (busstop, service) VALUES ('36237235', '15A');
INSERT INTO busstop (sms, name, x, y) VALUES ('36237236', 'Winton Grove', '55.899383544922', '-3.2039740085602');
INSERT INTO stop (busstop, service) VALUES ('36237236', '4');
INSERT INTO stop (busstop, service) VALUES ('36237236', '15');
INSERT INTO stop (busstop, service) VALUES ('36237236', '15A');
INSERT INTO busstop (sms, name, x, y) VALUES ('36237237', 'Swanston Avenue', '55.899166107178', '-3.2041590213776');
INSERT INTO stop (busstop, service) VALUES ('36237237', '4');
INSERT INTO stop (busstop, service) VALUES ('36237237', '11');
INSERT INTO stop (busstop, service) VALUES ('36237237', '15');
INSERT INTO stop (busstop, service) VALUES ('36237237', '15A');
INSERT INTO busstop (sms, name, x, y) VALUES ('58232373', 'Castle Park', '55.955394744873', '-2.9797999858856');
INSERT INTO stop (busstop, service) VALUES ('58232373', '26');
INSERT INTO busstop (sms, name, x, y) VALUES ('36237232', 'Buckstone Terrac', '55.904148101807', '-3.2067449092865');
INSERT INTO stop (busstop, service) VALUES ('36237232', '11');
INSERT INTO stop (busstop, service) VALUES ('36237232', '15');
INSERT INTO stop (busstop, service) VALUES ('36237232', '15A');
INSERT INTO busstop (sms, name, x, y) VALUES ('58232824', 'Whitehill Ave', '55.934768676758', '-3.066682100296');
INSERT INTO stop (busstop, service) VALUES ('58232824', '30');
INSERT INTO stop (busstop, service) VALUES ('58232824', 'N30');
INSERT INTO busstop (sms, name, x, y) VALUES ('58232825', 'Whitehill Garden', '55.933948516846', '-3.0692050457001');
INSERT INTO stop (busstop, service) VALUES ('58232825', '30');
INSERT INTO stop (busstop, service) VALUES ('58232825', 'N30');
INSERT INTO busstop (sms, name, x, y) VALUES ('58232823', 'Stoneybank Plc.', '55.933994293213', '-3.0628190040588');
INSERT INTO stop (busstop, service) VALUES ('58232823', '30');
INSERT INTO stop (busstop, service) VALUES ('58232823', 'N30');
INSERT INTO busstop (sms, name, x, y) VALUES ('36238523', 'Hill Park', '55.962120056152', '-3.2678520679474');
INSERT INTO stop (busstop, service) VALUES ('36238523', '32');
INSERT INTO busstop (sms, name, x, y) VALUES ('58232828', 'Denholm Drive', '55.934539794922', '-3.0713019371033');
INSERT INTO stop (busstop, service) VALUES ('58232828', '30');
INSERT INTO stop (busstop, service) VALUES ('58232828', '45');
INSERT INTO stop (busstop, service) VALUES ('58232828', 'N30');
INSERT INTO busstop (sms, name, x, y) VALUES ('58232829', 'Clayknowes Court', '55.935424804688', '-3.0727510452271');
INSERT INTO stop (busstop, service) VALUES ('58232829', '30');
INSERT INTO stop (busstop, service) VALUES ('58232829', '45');
INSERT INTO stop (busstop, service) VALUES ('58232829', 'N30');
INSERT INTO busstop (sms, name, x, y) VALUES ('64323923', 'Westhouses Drive', '55.866008758545', '-3.0374720096588');
INSERT INTO stop (busstop, service) VALUES ('64323923', '3');
INSERT INTO stop (busstop, service) VALUES ('64323923', '29');
INSERT INTO busstop (sms, name, x, y) VALUES ('64323437', 'Bush Research Pa', '55.859878540039', '-3.1981980800629');
INSERT INTO stop (busstop, service) VALUES ('64323437', '15A');
INSERT INTO stop (busstop, service) VALUES ('64323437', '47');
INSERT INTO stop (busstop, service) VALUES ('64323437', '67');
INSERT INTO busstop (sms, name, x, y) VALUES ('64323436', 'Bush Research Pa', '55.859786987305', '-3.1981949806213');
INSERT INTO stop (busstop, service) VALUES ('64323436', '15A');
INSERT INTO stop (busstop, service) VALUES ('64323436', '47');
INSERT INTO stop (busstop, service) VALUES ('64323436', '67');
INSERT INTO busstop (sms, name, x, y) VALUES ('64323926', 'Buckie Road', '55.872020721436', '-3.0385909080505');
INSERT INTO stop (busstop, service) VALUES ('64323926', '3');
INSERT INTO stop (busstop, service) VALUES ('64323926', '29');
INSERT INTO stop (busstop, service) VALUES ('64323926', 'N3');
INSERT INTO busstop (sms, name, x, y) VALUES ('64323925', 'Oak Place', '55.869270324707', '-3.0342030525208');
INSERT INTO stop (busstop, service) VALUES ('64323925', '3');
INSERT INTO stop (busstop, service) VALUES ('64323925', '29');
INSERT INTO busstop (sms, name, x, y) VALUES ('64323432', 'Wolsey Avenue', '55.872127532959', '-3.0988459587097');
INSERT INTO stop (busstop, service) VALUES ('64323432', '31');
INSERT INTO stop (busstop, service) VALUES ('64323432', 'X31');
INSERT INTO stop (busstop, service) VALUES ('64323432', 'N31');
INSERT INTO busstop (sms, name, x, y) VALUES ('36238525', 'Quality Street', '55.962493896484', '-3.2699949741364');
INSERT INTO stop (busstop, service) VALUES ('36238525', '32');
INSERT INTO busstop (sms, name, x, y) VALUES ('64323439', 'Bush Road End', '55.869476318359', '-3.1903429031372');
INSERT INTO stop (busstop, service) VALUES ('64323439', '15');
INSERT INTO stop (busstop, service) VALUES ('64323439', '15A');
INSERT INTO busstop (sms, name, x, y) VALUES ('64323438', 'Bush Estate', '55.869747161865', '-3.1905109882355');
INSERT INTO stop (busstop, service) VALUES ('64323438', '15');
INSERT INTO stop (busstop, service) VALUES ('64323438', '15A');
INSERT INTO busstop (sms, name, x, y) VALUES ('36238524', 'Blackhall Centre', '55.961666107178', '-3.2630159854889');
INSERT INTO stop (busstop, service) VALUES ('36238524', '32');
INSERT INTO stop (busstop, service) VALUES ('36238524', '41');
INSERT INTO busstop (sms, name, x, y) VALUES ('36234282', 'Portobello Town', '55.953258514404', '-3.1148369312286');
INSERT INTO stop (busstop, service) VALUES ('36234282', '21');
INSERT INTO stop (busstop, service) VALUES ('36234282', '42');
INSERT INTO stop (busstop, service) VALUES ('36234282', '49');
INSERT INTO stop (busstop, service) VALUES ('36234282', '69');
INSERT INTO busstop (sms, name, x, y) VALUES ('36237582', 'Craigmount Avenu', '55.957599639893', '-3.2997241020203');
INSERT INTO stop (busstop, service) VALUES ('36237582', '32');
INSERT INTO busstop (sms, name, x, y) VALUES ('36237583', 'Parkgrove Drive', '55.958847045898', '-3.3001980781555');
INSERT INTO stop (busstop, service) VALUES ('36237583', '32');
INSERT INTO busstop (sms, name, x, y) VALUES ('36234283', 'PortobelloTown H', '55.953212738037', '-3.1147389411926');
INSERT INTO stop (busstop, service) VALUES ('36234283', '15');
INSERT INTO stop (busstop, service) VALUES ('36234283', '15A');
INSERT INTO stop (busstop, service) VALUES ('36234283', '26');
INSERT INTO stop (busstop, service) VALUES ('36234283', 'X26');
INSERT INTO stop (busstop, service) VALUES ('36234283', 'N26');
INSERT INTO busstop (sms, name, x, y) VALUES ('36237586', 'Clermiston Road', '55.958637237549', '-3.2795760631561');
INSERT INTO stop (busstop, service) VALUES ('36237586', '21');
INSERT INTO busstop (sms, name, x, y) VALUES ('36237587', 'Clermiston Road', '55.958915710449', '-3.2798728942871');
INSERT INTO stop (busstop, service) VALUES ('36237587', '21');
INSERT INTO busstop (sms, name, x, y) VALUES ('36237584', 'Craigmount Ave N', '55.957336425781', '-3.2993791103363');
INSERT INTO stop (busstop, service) VALUES ('36237584', '32');
INSERT INTO busstop (sms, name, x, y) VALUES ('36237585', 'Clermiston termi', '55.956707000732', '-3.2802810668945');
INSERT INTO stop (busstop, service) VALUES ('36237585', '21');
INSERT INTO stop (busstop, service) VALUES ('36237585', '26');
INSERT INTO stop (busstop, service) VALUES ('36237585', 'N26');
INSERT INTO busstop (sms, name, x, y) VALUES ('58232343', 'Morrisons Haven', '55.953384399414', '-3.0048780441284');
INSERT INTO stop (busstop, service) VALUES ('58232343', '26');
INSERT INTO stop (busstop, service) VALUES ('58232343', 'X26');
INSERT INTO stop (busstop, service) VALUES ('58232343', 'N26');
INSERT INTO busstop (sms, name, x, y) VALUES ('36245269', 'Tollcross', '55.942859649658', '-3.203784942627');
INSERT INTO stop (busstop, service) VALUES ('36245269', '10');
INSERT INTO stop (busstop, service) VALUES ('36245269', '11');
INSERT INTO stop (busstop, service) VALUES ('36245269', '15');
INSERT INTO stop (busstop, service) VALUES ('36245269', '15A');
INSERT INTO stop (busstop, service) VALUES ('36245269', '16');
INSERT INTO stop (busstop, service) VALUES ('36245269', '23');
INSERT INTO stop (busstop, service) VALUES ('36245269', '27');
INSERT INTO stop (busstop, service) VALUES ('36245269', '45');
INSERT INTO stop (busstop, service) VALUES ('36245269', 'N16');
INSERT INTO busstop (sms, name, x, y) VALUES ('58232342', 'Heritage Museum', '55.949718475342', '-3.0136070251465');
INSERT INTO stop (busstop, service) VALUES ('58232342', '26');
INSERT INTO stop (busstop, service) VALUES ('58232342', 'X26');
INSERT INTO stop (busstop, service) VALUES ('58232342', 'N26');
INSERT INTO busstop (sms, name, x, y) VALUES ('36237342', 'Junction Place', '55.972263336182', '-3.1747019290924');
INSERT INTO stop (busstop, service) VALUES ('36237342', '1');
INSERT INTO stop (busstop, service) VALUES ('36237342', '7');
INSERT INTO stop (busstop, service) VALUES ('36237342', '10');
INSERT INTO stop (busstop, service) VALUES ('36237342', '14');
INSERT INTO stop (busstop, service) VALUES ('36237342', '21');
INSERT INTO stop (busstop, service) VALUES ('36237342', '34');
INSERT INTO stop (busstop, service) VALUES ('36237342', '36');
INSERT INTO busstop (sms, name, x, y) VALUES ('36237343', 'Leith Walk Foot', '55.97114944458', '-3.1728899478912');
INSERT INTO stop (busstop, service) VALUES ('36237343', '1');
INSERT INTO stop (busstop, service) VALUES ('36237343', '7');
INSERT INTO stop (busstop, service) VALUES ('36237343', '10');
INSERT INTO stop (busstop, service) VALUES ('36237343', '14');
INSERT INTO stop (busstop, service) VALUES ('36237343', '21');
INSERT INTO stop (busstop, service) VALUES ('36237343', '22');
INSERT INTO stop (busstop, service) VALUES ('36237343', '34');
INSERT INTO stop (busstop, service) VALUES ('36237343', 'N22');
INSERT INTO busstop (sms, name, x, y) VALUES ('36237345', 'Kirkgate Centre', '55.97114944458', '-3.1727778911591');
INSERT INTO stop (busstop, service) VALUES ('36237345', '1');
INSERT INTO stop (busstop, service) VALUES ('36237345', '7');
INSERT INTO stop (busstop, service) VALUES ('36237345', '10');
INSERT INTO stop (busstop, service) VALUES ('36237345', '14');
INSERT INTO stop (busstop, service) VALUES ('36237345', '21');
INSERT INTO stop (busstop, service) VALUES ('36237345', '22');
INSERT INTO stop (busstop, service) VALUES ('36237345', '34');
INSERT INTO stop (busstop, service) VALUES ('36237345', 'N22');
INSERT INTO busstop (sms, name, x, y) VALUES ('36237346', 'Foot of the Walk', '55.969795227051', '-3.172336101532');
INSERT INTO stop (busstop, service) VALUES ('36237346', '7');
INSERT INTO stop (busstop, service) VALUES ('36237346', '10');
INSERT INTO stop (busstop, service) VALUES ('36237346', '12');
INSERT INTO stop (busstop, service) VALUES ('36237346', '14');
INSERT INTO stop (busstop, service) VALUES ('36237346', '16');
INSERT INTO stop (busstop, service) VALUES ('36237346', '22');
INSERT INTO stop (busstop, service) VALUES ('36237346', '25');
INSERT INTO stop (busstop, service) VALUES ('36237346', '49');
INSERT INTO stop (busstop, service) VALUES ('36237346', 'N22');
INSERT INTO stop (busstop, service) VALUES ('36237346', 'N25');
INSERT INTO busstop (sms, name, x, y) VALUES ('36237347', 'Smiths Place', '55.967613220215', '-3.174241065979');
INSERT INTO stop (busstop, service) VALUES ('36237347', '7');
INSERT INTO stop (busstop, service) VALUES ('36237347', '10');
INSERT INTO stop (busstop, service) VALUES ('36237347', '12');
INSERT INTO stop (busstop, service) VALUES ('36237347', '14');
INSERT INTO stop (busstop, service) VALUES ('36237347', '16');
INSERT INTO stop (busstop, service) VALUES ('36237347', '22');
INSERT INTO stop (busstop, service) VALUES ('36237347', '25');
INSERT INTO stop (busstop, service) VALUES ('36237347', '49');
INSERT INTO stop (busstop, service) VALUES ('36237347', 'N22');
INSERT INTO stop (busstop, service) VALUES ('36237347', 'N25');
INSERT INTO busstop (sms, name, x, y) VALUES ('36237348', 'Steads Place', '55.968055725098', '-3.1739819049835');
INSERT INTO stop (busstop, service) VALUES ('36237348', '7');
INSERT INTO stop (busstop, service) VALUES ('36237348', '10');
INSERT INTO stop (busstop, service) VALUES ('36237348', '12');
INSERT INTO stop (busstop, service) VALUES ('36237348', '14');
INSERT INTO stop (busstop, service) VALUES ('36237348', '16');
INSERT INTO stop (busstop, service) VALUES ('36237348', '22');
INSERT INTO stop (busstop, service) VALUES ('36237348', '25');
INSERT INTO stop (busstop, service) VALUES ('36237348', '49');
INSERT INTO stop (busstop, service) VALUES ('36237348', 'N22');
INSERT INTO stop (busstop, service) VALUES ('36237348', 'N25');
INSERT INTO busstop (sms, name, x, y) VALUES ('36237349', 'Orchardfield', '55.966415405273', '-3.1753900051117');
INSERT INTO stop (busstop, service) VALUES ('36237349', '7');
INSERT INTO stop (busstop, service) VALUES ('36237349', '10');
INSERT INTO stop (busstop, service) VALUES ('36237349', '12');
INSERT INTO stop (busstop, service) VALUES ('36237349', '14');
INSERT INTO stop (busstop, service) VALUES ('36237349', '16');
INSERT INTO stop (busstop, service) VALUES ('36237349', '22');
INSERT INTO stop (busstop, service) VALUES ('36237349', '25');
INSERT INTO stop (busstop, service) VALUES ('36237349', '49');
INSERT INTO stop (busstop, service) VALUES ('36237349', 'N22');
INSERT INTO stop (busstop, service) VALUES ('36237349', 'N25');
INSERT INTO busstop (sms, name, x, y) VALUES ('58232736', 'Strawberry Corne', '55.942657470703', '-3.0069060325623');
INSERT INTO stop (busstop, service) VALUES ('58232736', '44');
INSERT INTO stop (busstop, service) VALUES ('58232736', '44A');
INSERT INTO stop (busstop, service) VALUES ('58232736', 'N44');
INSERT INTO busstop (sms, name, x, y) VALUES ('58232737', 'Winton Place', '55.945663452148', '-2.9544160366058');
INSERT INTO stop (busstop, service) VALUES ('58232737', '26');
INSERT INTO busstop (sms, name, x, y) VALUES ('58232734', 'Dolphingstone Fa', '55.944644927979', '-2.9903209209442');
INSERT INTO stop (busstop, service) VALUES ('58232734', '44');
INSERT INTO stop (busstop, service) VALUES ('58232734', '44A');
INSERT INTO stop (busstop, service) VALUES ('58232734', 'N44');
INSERT INTO busstop (sms, name, x, y) VALUES ('58232735', 'Dolphingstone Fa', '55.944736480713', '-2.9908840656281');
INSERT INTO stop (busstop, service) VALUES ('58232735', '44');
INSERT INTO stop (busstop, service) VALUES ('58232735', 'N44');
INSERT INTO busstop (sms, name, x, y) VALUES ('36237568', 'Cramond Place', '55.974594116211', '-3.2979700565338');
INSERT INTO stop (busstop, service) VALUES ('36237568', '41');
INSERT INTO busstop (sms, name, x, y) VALUES ('36237524', 'Juniper Avenue', '55.90177154541', '-3.289458990097');
INSERT INTO stop (busstop, service) VALUES ('36237524', '44');
INSERT INTO stop (busstop, service) VALUES ('36237524', '44A');
INSERT INTO stop (busstop, service) VALUES ('36237524', '45');
INSERT INTO stop (busstop, service) VALUES ('36237524', 'N44');
INSERT INTO busstop (sms, name, x, y) VALUES ('36246267', 'outside GAP', '55.950748443604', '-3.2048308849335');
INSERT INTO stop (busstop, service) VALUES ('36246267', '3');
INSERT INTO stop (busstop, service) VALUES ('36246267', '3A');
INSERT INTO stop (busstop, service) VALUES ('36246267', '30');
INSERT INTO stop (busstop, service) VALUES ('36246267', '31');
INSERT INTO stop (busstop, service) VALUES ('36246267', 'X31');
INSERT INTO stop (busstop, service) VALUES ('36246267', '33');
INSERT INTO stop (busstop, service) VALUES ('36246267', '48');
INSERT INTO stop (busstop, service) VALUES ('36246267', 'X48');
INSERT INTO stop (busstop, service) VALUES ('36246267', 'N3');
INSERT INTO stop (busstop, service) VALUES ('36246267', 'N30');
INSERT INTO stop (busstop, service) VALUES ('36246267', 'N31');
INSERT INTO busstop (sms, name, x, y) VALUES ('36245282', 'St Anthonys', '55.971900939941', '-3.1728971004486');
INSERT INTO stop (busstop, service) VALUES ('36245282', '22');
INSERT INTO stop (busstop, service) VALUES ('36245282', '36');
INSERT INTO stop (busstop, service) VALUES ('36245282', 'N22');
INSERT INTO busstop (sms, name, x, y) VALUES ('36237563', 'Curriehill Road', '55.896835327148', '-3.306056022644');
INSERT INTO stop (busstop, service) VALUES ('36237563', '44');
INSERT INTO stop (busstop, service) VALUES ('36237563', '44A');
INSERT INTO stop (busstop, service) VALUES ('36237563', '45');
INSERT INTO stop (busstop, service) VALUES ('36237563', 'N44');
INSERT INTO busstop (sms, name, x, y) VALUES ('36237564', 'Morningside Driv', '55.924453735352', '-3.2105929851532');
INSERT INTO stop (busstop, service) VALUES ('36237564', '41');
INSERT INTO busstop (sms, name, x, y) VALUES ('36242583', 'Viewcraig Garden', '55.949432373047', '-3.1818900108337');
INSERT INTO stop (busstop, service) VALUES ('36242583', '36');
INSERT INTO busstop (sms, name, x, y) VALUES ('36235276', 'Lasswade Grove', '55.903217315674', '-3.1508769989014');
INSERT INTO stop (busstop, service) VALUES ('36235276', '7');
INSERT INTO stop (busstop, service) VALUES ('36235276', '11');
INSERT INTO stop (busstop, service) VALUES ('36235276', '18');
INSERT INTO stop (busstop, service) VALUES ('36235276', '37');
INSERT INTO busstop (sms, name, x, y) VALUES ('36235274', 'Gilmerton Dykes', '55.904102325439', '-3.1435770988464');
INSERT INTO stop (busstop, service) VALUES ('36235274', '7');
INSERT INTO stop (busstop, service) VALUES ('36235274', '11');
INSERT INTO stop (busstop, service) VALUES ('36235274', '18');
INSERT INTO stop (busstop, service) VALUES ('36235274', '37');
INSERT INTO busstop (sms, name, x, y) VALUES ('36235275', 'Gilmerton Dykes', '55.904186248779', '-3.1471309661865');
INSERT INTO stop (busstop, service) VALUES ('36235275', '7');
INSERT INTO stop (busstop, service) VALUES ('36235275', '11');
INSERT INTO stop (busstop, service) VALUES ('36235275', '18');
INSERT INTO stop (busstop, service) VALUES ('36235275', '37');
INSERT INTO busstop (sms, name, x, y) VALUES ('36235272', 'Hyvots Park', '55.903709411621', '-3.1377120018005');
INSERT INTO stop (busstop, service) VALUES ('36235272', '7');
INSERT INTO stop (busstop, service) VALUES ('36235272', '11');
INSERT INTO stop (busstop, service) VALUES ('36235272', '18');
INSERT INTO stop (busstop, service) VALUES ('36235272', '33');
INSERT INTO stop (busstop, service) VALUES ('36235272', '37');
INSERT INTO busstop (sms, name, x, y) VALUES ('36235273', 'Hyvot Gardens', '55.903705596924', '-3.1401269435883');
INSERT INTO stop (busstop, service) VALUES ('36235273', '7');
INSERT INTO stop (busstop, service) VALUES ('36235273', '11');
INSERT INTO stop (busstop, service) VALUES ('36235273', '18');
INSERT INTO stop (busstop, service) VALUES ('36235273', '37');
INSERT INTO busstop (sms, name, x, y) VALUES ('36235278', 'Southhouse Loan', '55.90132522583', '-3.1582100391388');
INSERT INTO stop (busstop, service) VALUES ('36235278', '7');
INSERT INTO stop (busstop, service) VALUES ('36235278', '11');
INSERT INTO stop (busstop, service) VALUES ('36235278', '18');
INSERT INTO stop (busstop, service) VALUES ('36235278', '37');
INSERT INTO busstop (sms, name, x, y) VALUES ('36235279', 'Gracemount Leisu', '55.902072906494', '-3.1551940441132');
INSERT INTO stop (busstop, service) VALUES ('36235279', '7');
INSERT INTO stop (busstop, service) VALUES ('36235279', '11');
INSERT INTO stop (busstop, service) VALUES ('36235279', '18');
INSERT INTO stop (busstop, service) VALUES ('36235279', '37');
INSERT INTO busstop (sms, name, x, y) VALUES ('36238925', 'Royston Mains Ro', '55.978595733643', '-3.2327969074249');
INSERT INTO stop (busstop, service) VALUES ('36238925', '8');
INSERT INTO stop (busstop, service) VALUES ('36238925', '16');
INSERT INTO stop (busstop, service) VALUES ('36238925', '32');
INSERT INTO stop (busstop, service) VALUES ('36238925', 'N8');
INSERT INTO busstop (sms, name, x, y) VALUES ('36238924', 'Granton View', '55.980541229248', '-3.2259509563446');
INSERT INTO stop (busstop, service) VALUES ('36238924', '16');
INSERT INTO stop (busstop, service) VALUES ('36238924', '19');
INSERT INTO stop (busstop, service) VALUES ('36238924', '32');
INSERT INTO busstop (sms, name, x, y) VALUES ('36238927', 'Caroline Park Gr', '55.977657318115', '-3.2376389503479');
INSERT INTO stop (busstop, service) VALUES ('36238927', '8');
INSERT INTO stop (busstop, service) VALUES ('36238927', '16');
INSERT INTO stop (busstop, service) VALUES ('36238927', '32');
INSERT INTO stop (busstop, service) VALUES ('36238927', 'N8');
INSERT INTO busstop (sms, name, x, y) VALUES ('36238926', 'Royston Mains St', '55.978107452393', '-3.2358100414276');
INSERT INTO stop (busstop, service) VALUES ('36238926', '8');
INSERT INTO stop (busstop, service) VALUES ('36238926', '16');
INSERT INTO stop (busstop, service) VALUES ('36238926', '32');
INSERT INTO stop (busstop, service) VALUES ('36238926', 'N8');
INSERT INTO busstop (sms, name, x, y) VALUES ('36236749', 'Marionville Park', '55.95881652832', '-3.1569149494171');
INSERT INTO stop (busstop, service) VALUES ('36236749', '19');
INSERT INTO stop (busstop, service) VALUES ('36236749', '34');
INSERT INTO stop (busstop, service) VALUES ('36236749', '42');
INSERT INTO busstop (sms, name, x, y) VALUES ('36236748', 'Meadowbank Stati', '55.958015441895', '-3.1583330631256');
INSERT INTO stop (busstop, service) VALUES ('36236748', '19');
INSERT INTO stop (busstop, service) VALUES ('36236748', '34');
INSERT INTO busstop (sms, name, x, y) VALUES ('36236747', 'Meadowbank', '55.957504272461', '-3.1601600646973');
INSERT INTO stop (busstop, service) VALUES ('36236747', '19');
INSERT INTO stop (busstop, service) VALUES ('36236747', '34');
INSERT INTO busstop (sms, name, x, y) VALUES ('36236746', 'Montrose Terrace', '55.956546783447', '-3.1718719005585');
INSERT INTO stop (busstop, service) VALUES ('36236746', 'X26');
INSERT INTO busstop (sms, name, x, y) VALUES ('36238928', 'Granton Park Ave', '55.979919433594', '-3.2307879924774');
INSERT INTO stop (busstop, service) VALUES ('36238928', '16');
INSERT INTO stop (busstop, service) VALUES ('36238928', '19');
INSERT INTO stop (busstop, service) VALUES ('36238928', '32');
INSERT INTO busstop (sms, name, x, y) VALUES ('36237696', 'Oxgangs Primary', '55.911869049072', '-3.2381339073181');
INSERT INTO stop (busstop, service) VALUES ('36237696', '4');
INSERT INTO stop (busstop, service) VALUES ('36237696', '18');
INSERT INTO stop (busstop, service) VALUES ('36237696', '27');
INSERT INTO busstop (sms, name, x, y) VALUES ('36237697', 'Colinton Mains L', '55.910293579102', '-3.2355558872223');
INSERT INTO stop (busstop, service) VALUES ('36237697', '4');
INSERT INTO stop (busstop, service) VALUES ('36237697', '18');
INSERT INTO stop (busstop, service) VALUES ('36237697', '27');
INSERT INTO busstop (sms, name, x, y) VALUES ('36237694', 'Firrhill High', '55.913494110107', '-3.2391300201416');
INSERT INTO stop (busstop, service) VALUES ('36237694', '4');
INSERT INTO stop (busstop, service) VALUES ('36237694', '18');
INSERT INTO stop (busstop, service) VALUES ('36237694', '27');
INSERT INTO busstop (sms, name, x, y) VALUES ('36237695', 'Oxgangs Primary', '55.91231918335', '-3.2380840778351');
INSERT INTO stop (busstop, service) VALUES ('36237695', '4');
INSERT INTO stop (busstop, service) VALUES ('36237695', '18');
INSERT INTO stop (busstop, service) VALUES ('36237695', '27');
INSERT INTO busstop (sms, name, x, y) VALUES ('36237692', 'Elliot Road', '55.913272857666', '-3.2441310882568');
INSERT INTO stop (busstop, service) VALUES ('36237692', '10');
INSERT INTO stop (busstop, service) VALUES ('36237692', '18');
INSERT INTO stop (busstop, service) VALUES ('36237692', '45');
INSERT INTO busstop (sms, name, x, y) VALUES ('36237693', 'Elliot Road', '55.914436340332', '-3.2421200275421');
INSERT INTO stop (busstop, service) VALUES ('36237693', '10');
INSERT INTO stop (busstop, service) VALUES ('36237693', '18');
INSERT INTO stop (busstop, service) VALUES ('36237693', '45');
INSERT INTO busstop (sms, name, x, y) VALUES ('36237482', 'Westside Plaza 4', '55.916568756104', '-3.2855980396271');
INSERT INTO stop (busstop, service) VALUES ('36237482', '30');
INSERT INTO stop (busstop, service) VALUES ('36237482', '33');
INSERT INTO stop (busstop, service) VALUES ('36237482', 'N30');
INSERT INTO busstop (sms, name, x, y) VALUES ('36237698', 'Colinton Mains L', '55.910144805908', '-3.2346069812775');
INSERT INTO stop (busstop, service) VALUES ('36237698', '4');
INSERT INTO stop (busstop, service) VALUES ('36237698', '18');
INSERT INTO stop (busstop, service) VALUES ('36237698', '27');
INSERT INTO busstop (sms, name, x, y) VALUES ('36235853', 'Orchard Place', '55.958148956299', '-3.2289431095123');
INSERT INTO stop (busstop, service) VALUES ('36235853', '38');
INSERT INTO stop (busstop, service) VALUES ('36235853', '42');
INSERT INTO busstop (sms, name, x, y) VALUES ('36236567', 'Shandwick Place', '55.949535369873', '-3.2094531059265');
INSERT INTO stop (busstop, service) VALUES ('36236567', '48');
INSERT INTO stop (busstop, service) VALUES ('36236567', 'X48');
INSERT INTO stop (busstop, service) VALUES ('36236567', '100');
INSERT INTO busstop (sms, name, x, y) VALUES ('36236565', 'Shandwick Place', '55.949810028076', '-3.2089810371399');
INSERT INTO stop (busstop, service) VALUES ('36236565', '12');
INSERT INTO stop (busstop, service) VALUES ('36236565', '26');
INSERT INTO stop (busstop, service) VALUES ('36236565', 'X26');
INSERT INTO stop (busstop, service) VALUES ('36236565', '31');
INSERT INTO stop (busstop, service) VALUES ('36236565', 'X31');
INSERT INTO stop (busstop, service) VALUES ('36236565', 'N26');
INSERT INTO busstop (sms, name, x, y) VALUES ('36236563', 'Surgeons Hall', '55.945774078369', '-3.184916973114');
INSERT INTO stop (busstop, service) VALUES ('36236563', '3');
INSERT INTO stop (busstop, service) VALUES ('36236563', '3A');
INSERT INTO stop (busstop, service) VALUES ('36236563', '5');
INSERT INTO stop (busstop, service) VALUES ('36236563', '7');
INSERT INTO stop (busstop, service) VALUES ('36236563', '8');
INSERT INTO stop (busstop, service) VALUES ('36236563', '14');
INSERT INTO stop (busstop, service) VALUES ('36236563', '29');
INSERT INTO stop (busstop, service) VALUES ('36236563', 'X29');
INSERT INTO stop (busstop, service) VALUES ('36236563', '30');
INSERT INTO stop (busstop, service) VALUES ('36236563', '31');
INSERT INTO stop (busstop, service) VALUES ('36236563', 'X31');
INSERT INTO stop (busstop, service) VALUES ('36236563', '33');
INSERT INTO stop (busstop, service) VALUES ('36236563', '37');
INSERT INTO stop (busstop, service) VALUES ('36236563', '47');
INSERT INTO stop (busstop, service) VALUES ('36236563', 'X47');
INSERT INTO stop (busstop, service) VALUES ('36236563', '48');
INSERT INTO stop (busstop, service) VALUES ('36236563', 'X48');
INSERT INTO stop (busstop, service) VALUES ('36236563', '49');
INSERT INTO stop (busstop, service) VALUES ('36236563', 'N3');
INSERT INTO stop (busstop, service) VALUES ('36236563', 'N30');
INSERT INTO stop (busstop, service) VALUES ('36236563', 'N31');
INSERT INTO stop (busstop, service) VALUES ('36236563', 'N37');
INSERT INTO busstop (sms, name, x, y) VALUES ('36236562', 'Lutton Place', '55.940467834473', '-3.1807360649109');
INSERT INTO stop (busstop, service) VALUES ('36236562', '3');
INSERT INTO stop (busstop, service) VALUES ('36236562', '3A');
INSERT INTO stop (busstop, service) VALUES ('36236562', '5');
INSERT INTO stop (busstop, service) VALUES ('36236562', '7');
INSERT INTO stop (busstop, service) VALUES ('36236562', '8');
INSERT INTO stop (busstop, service) VALUES ('36236562', '14');
INSERT INTO stop (busstop, service) VALUES ('36236562', '29');
INSERT INTO stop (busstop, service) VALUES ('36236562', '30');
INSERT INTO stop (busstop, service) VALUES ('36236562', '31');
INSERT INTO stop (busstop, service) VALUES ('36236562', '33');
INSERT INTO stop (busstop, service) VALUES ('36236562', '37');
INSERT INTO stop (busstop, service) VALUES ('36236562', '47');
INSERT INTO stop (busstop, service) VALUES ('36236562', 'X47');
INSERT INTO stop (busstop, service) VALUES ('36236562', '48');
INSERT INTO stop (busstop, service) VALUES ('36236562', '49');
INSERT INTO stop (busstop, service) VALUES ('36236562', 'N3');
INSERT INTO stop (busstop, service) VALUES ('36236562', 'N30');
INSERT INTO stop (busstop, service) VALUES ('36236562', 'N31');
INSERT INTO stop (busstop, service) VALUES ('36236562', 'N37');
INSERT INTO busstop (sms, name, x, y) VALUES ('36238329', 'Corbiehill Cresc', '55.96460723877', '-3.2681260108948');
INSERT INTO stop (busstop, service) VALUES ('36238329', '41');
INSERT INTO busstop (sms, name, x, y) VALUES ('36242936', 'W.H.E.C.', '55.917938232422', '-3.2909879684448');
INSERT INTO stop (busstop, service) VALUES ('36242936', '20');
INSERT INTO busstop (sms, name, x, y) VALUES ('36238327', 'Corbiehill Avenu', '55.963237762451', '-3.2650370597839');
INSERT INTO stop (busstop, service) VALUES ('36238327', '41');
INSERT INTO busstop (sms, name, x, y) VALUES ('36238326', 'Queensferry Road', '55.96212387085', '-3.2641520500183');
INSERT INTO stop (busstop, service) VALUES ('36238326', '41');
INSERT INTO busstop (sms, name, x, y) VALUES ('36238325', 'Laurie Street', '55.974082946777', '-3.1675140857697');
INSERT INTO stop (busstop, service) VALUES ('36238325', '16');
INSERT INTO stop (busstop, service) VALUES ('36238325', '35');
INSERT INTO busstop (sms, name, x, y) VALUES ('36238324', 'Queen Charlotte', '55.971717834473', '-3.1695899963379');
INSERT INTO stop (busstop, service) VALUES ('36238324', '16');
INSERT INTO stop (busstop, service) VALUES ('36238324', '35');
INSERT INTO busstop (sms, name, x, y) VALUES ('36236569', 'Shandwick Place', '55.949897766113', '-3.2089838981628');
INSERT INTO stop (busstop, service) VALUES ('36236569', '100');
INSERT INTO busstop (sms, name, x, y) VALUES ('36236568', 'Shandwick Place', '55.949710845947', '-3.2096190452576');
INSERT INTO stop (busstop, service) VALUES ('36236568', '4');
INSERT INTO stop (busstop, service) VALUES ('36236568', '26');
INSERT INTO stop (busstop, service) VALUES ('36236568', 'X26');
INSERT INTO stop (busstop, service) VALUES ('36236568', '44');
INSERT INTO stop (busstop, service) VALUES ('36236568', 'N26');
INSERT INTO stop (busstop, service) VALUES ('36236568', 'N44');
INSERT INTO busstop (sms, name, x, y) VALUES ('36242837', 'Hallhead Road', '55.923221588135', '-3.1708660125732');
INSERT INTO stop (busstop, service) VALUES ('36242837', '67');
INSERT INTO busstop (sms, name, x, y) VALUES ('64323749', 'Laird and Dog', '55.883750915527', '-3.115082025528');
INSERT INTO stop (busstop, service) VALUES ('64323749', '31');
INSERT INTO stop (busstop, service) VALUES ('64323749', 'X31');
INSERT INTO stop (busstop, service) VALUES ('64323749', 'N31');
INSERT INTO busstop (sms, name, x, y) VALUES ('36242835', 'Gylemuir Road', '55.942016601562', '-3.2931020259857');
INSERT INTO stop (busstop, service) VALUES ('36242835', '1');
INSERT INTO stop (busstop, service) VALUES ('36242835', '12');
INSERT INTO stop (busstop, service) VALUES ('36242835', '21');
INSERT INTO stop (busstop, service) VALUES ('36242835', '32');
INSERT INTO busstop (sms, name, x, y) VALUES ('36245847', 'Montrose Terrace', '55.957126617432', '-3.1724660396576');
INSERT INTO stop (busstop, service) VALUES ('36245847', '35');
INSERT INTO busstop (sms, name, x, y) VALUES ('64323747', 'Elm Row Garage', '55.883728027344', '-3.1127150058746');
INSERT INTO stop (busstop, service) VALUES ('64323747', '31');
INSERT INTO stop (busstop, service) VALUES ('64323747', 'X31');
INSERT INTO stop (busstop, service) VALUES ('64323747', 'N31');
INSERT INTO busstop (sms, name, x, y) VALUES ('64323698', 'Newbyres Crescen', '55.844436645508', '-3.0488750934601');
INSERT INTO stop (busstop, service) VALUES ('64323698', '3');
INSERT INTO stop (busstop, service) VALUES ('64323698', '3A');
INSERT INTO stop (busstop, service) VALUES ('64323698', '29');
INSERT INTO stop (busstop, service) VALUES ('64323698', 'X29');
INSERT INTO busstop (sms, name, x, y) VALUES ('36236363', 'Monkwood Court', '55.932262420654', '-3.1929080486298');
INSERT INTO stop (busstop, service) VALUES ('36236363', '41');
INSERT INTO busstop (sms, name, x, y) VALUES ('36236362', 'Oswald Road', '55.92993927002', '-3.1907079219818');
INSERT INTO stop (busstop, service) VALUES ('36236362', '41');
INSERT INTO busstop (sms, name, x, y) VALUES ('36236365', 'Grange Road', '55.935108184814', '-3.1869120597839');
INSERT INTO stop (busstop, service) VALUES ('36236365', '24');
INSERT INTO busstop (sms, name, x, y) VALUES ('36236367', 'St Thomas Road', '55.93147277832', '-3.1872489452362');
INSERT INTO stop (busstop, service) VALUES ('36236367', '24');
INSERT INTO busstop (sms, name, x, y) VALUES ('64323691', 'Newbyres Crescen', '55.844436645508', '-3.0488750934601');
INSERT INTO stop (busstop, service) VALUES ('64323691', '3');
INSERT INTO stop (busstop, service) VALUES ('64323691', '3A');
INSERT INTO stop (busstop, service) VALUES ('64323691', '29');
INSERT INTO stop (busstop, service) VALUES ('64323691', 'X29');
INSERT INTO stop (busstop, service) VALUES ('64323691', 'N3');
INSERT INTO busstop (sms, name, x, y) VALUES ('36236368', 'Grange Road', '55.933284759521', '-3.1849520206451');
INSERT INTO stop (busstop, service) VALUES ('36236368', '24');
INSERT INTO busstop (sms, name, x, y) VALUES ('64323693', 'Leisure Centre', '55.844909667969', '-3.0503249168396');
INSERT INTO stop (busstop, service) VALUES ('64323693', '3');
INSERT INTO stop (busstop, service) VALUES ('64323693', '3A');
INSERT INTO stop (busstop, service) VALUES ('64323693', '29');
INSERT INTO stop (busstop, service) VALUES ('64323693', 'X29');
INSERT INTO stop (busstop, service) VALUES ('64323693', 'N3');
INSERT INTO busstop (sms, name, x, y) VALUES ('64323692', 'Leisure Centre', '55.845497131348', '-3.0511400699615');
INSERT INTO stop (busstop, service) VALUES ('64323692', '3');
INSERT INTO stop (busstop, service) VALUES ('64323692', '3A');
INSERT INTO stop (busstop, service) VALUES ('64323692', '29');
INSERT INTO stop (busstop, service) VALUES ('64323692', 'X29');
INSERT INTO stop (busstop, service) VALUES ('64323692', 'N3');
INSERT INTO busstop (sms, name, x, y) VALUES ('64323695', 'New Huntersfield', '55.848712921143', '-3.0552999973297');
INSERT INTO stop (busstop, service) VALUES ('64323695', '3');
INSERT INTO stop (busstop, service) VALUES ('64323695', '3A');
INSERT INTO stop (busstop, service) VALUES ('64323695', '29');
INSERT INTO stop (busstop, service) VALUES ('64323695', 'X29');
INSERT INTO stop (busstop, service) VALUES ('64323695', 'N3');
INSERT INTO busstop (sms, name, x, y) VALUES ('36246468', 'Calder Grove', '55.918079376221', '-3.2980809211731');
INSERT INTO stop (busstop, service) VALUES ('36246468', '20');
INSERT INTO busstop (sms, name, x, y) VALUES ('64323697', 'Newbyres Crescen', '55.844707489014', '-3.0488820075989');
INSERT INTO stop (busstop, service) VALUES ('64323697', '3');
INSERT INTO stop (busstop, service) VALUES ('64323697', '3A');
INSERT INTO stop (busstop, service) VALUES ('64323697', 'N3');
INSERT INTO busstop (sms, name, x, y) VALUES ('36237832', 'Cockit hat', '55.904296875', '-3.2226009368896');
INSERT INTO stop (busstop, service) VALUES ('36237832', '4');
INSERT INTO stop (busstop, service) VALUES ('36237832', '16');
INSERT INTO stop (busstop, service) VALUES ('36237832', '18');
INSERT INTO stop (busstop, service) VALUES ('36237832', '27');
INSERT INTO busstop (sms, name, x, y) VALUES ('36238497', 'Craigcrook Road', '55.962322235107', '-3.2700700759888');
INSERT INTO stop (busstop, service) VALUES ('36238497', '32');
INSERT INTO busstop (sms, name, x, y) VALUES ('36238496', 'Chalmers Close', '55.950572967529', '-3.1857841014862');
INSERT INTO stop (busstop, service) VALUES ('36238496', '35');
INSERT INTO busstop (sms, name, x, y) VALUES ('36237836', 'Howe Park', '55.901214599609', '-3.2224879264832');
INSERT INTO stop (busstop, service) VALUES ('36237836', '16');
INSERT INTO stop (busstop, service) VALUES ('36237836', '27');
INSERT INTO busstop (sms, name, x, y) VALUES ('36237837', 'Hunters Tryst', '55.90104675293', '-3.2259540557861');
INSERT INTO stop (busstop, service) VALUES ('36237837', '16');
INSERT INTO stop (busstop, service) VALUES ('36237837', '27');
INSERT INTO busstop (sms, name, x, y) VALUES ('36237834', 'Oxgangs Avenue', '55.906532287598', '-3.225662946701');
INSERT INTO stop (busstop, service) VALUES ('36237834', '4');
INSERT INTO stop (busstop, service) VALUES ('36237834', '5');
INSERT INTO stop (busstop, service) VALUES ('36237834', '16');
INSERT INTO stop (busstop, service) VALUES ('36237834', '18');
INSERT INTO stop (busstop, service) VALUES ('36237834', '27');
INSERT INTO stop (busstop, service) VALUES ('36237834', 'N16');
INSERT INTO busstop (sms, name, x, y) VALUES ('36237835', 'Howe Park', '55.901279449463', '-3.2216579914093');
INSERT INTO stop (busstop, service) VALUES ('36237835', '16');
INSERT INTO stop (busstop, service) VALUES ('36237835', '27');
INSERT INTO busstop (sms, name, x, y) VALUES ('36243478', 'Corstorphine Ban', '55.942893981934', '-3.2918980121613');
INSERT INTO stop (busstop, service) VALUES ('36243478', '12');
INSERT INTO stop (busstop, service) VALUES ('36243478', '26');
INSERT INTO stop (busstop, service) VALUES ('36243478', '31');
INSERT INTO stop (busstop, service) VALUES ('36243478', '48');
INSERT INTO stop (busstop, service) VALUES ('36243478', 'X48');
INSERT INTO stop (busstop, service) VALUES ('36243478', '100');
INSERT INTO busstop (sms, name, x, y) VALUES ('36237838', 'Elliot Place', '55.914894104004', '-3.2411739826202');
INSERT INTO stop (busstop, service) VALUES ('36237838', '10');
INSERT INTO stop (busstop, service) VALUES ('36237838', '18');
INSERT INTO stop (busstop, service) VALUES ('36237838', '45');
INSERT INTO busstop (sms, name, x, y) VALUES ('36237839', 'Ferniehill Drive', '55.913990020752', '-3.1267490386963');
INSERT INTO stop (busstop, service) VALUES ('36237839', '33');
INSERT INTO stop (busstop, service) VALUES ('36237839', '48');
INSERT INTO stop (busstop, service) VALUES ('36237839', '49');
INSERT INTO busstop (sms, name, x, y) VALUES ('36238498', 'Corbiehill Road', '55.961849212646', '-3.2653119564056');
INSERT INTO stop (busstop, service) VALUES ('36238498', '32');
INSERT INTO busstop (sms, name, x, y) VALUES ('36235692', 'Mansfield Place', '55.9596824646', '-3.1915090084076');
INSERT INTO stop (busstop, service) VALUES ('36235692', '8');
INSERT INTO stop (busstop, service) VALUES ('36235692', '27');
INSERT INTO stop (busstop, service) VALUES ('36235692', 'N8');
INSERT INTO busstop (sms, name, x, y) VALUES ('36235693', 'Mansfield Place', '55.959957122803', '-3.1911969184875');
INSERT INTO stop (busstop, service) VALUES ('36235693', '8');
INSERT INTO stop (busstop, service) VALUES ('36235693', '27');
INSERT INTO stop (busstop, service) VALUES ('36235693', '36');
INSERT INTO stop (busstop, service) VALUES ('36235693', 'N8');
INSERT INTO busstop (sms, name, x, y) VALUES ('36238257', 'Royston Mains Ga', '55.975536346436', '-3.2324430942535');
INSERT INTO stop (busstop, service) VALUES ('36238257', '14');
INSERT INTO stop (busstop, service) VALUES ('36238257', '19');
INSERT INTO busstop (sms, name, x, y) VALUES ('36238256', 'Royston Mains Pl', '55.975120544434', '-3.238135099411');
INSERT INTO stop (busstop, service) VALUES ('36238256', '14');
INSERT INTO stop (busstop, service) VALUES ('36238256', '19');
INSERT INTO busstop (sms, name, x, y) VALUES ('36235696', 'Carlton Street', '55.957767486572', '-3.2111029624939');
INSERT INTO stop (busstop, service) VALUES ('36235696', '36');
INSERT INTO busstop (sms, name, x, y) VALUES ('36235697', 'Redbraes Place', '55.967784881592', '-3.1873359680176');
INSERT INTO stop (busstop, service) VALUES ('36235697', '36');
INSERT INTO busstop (sms, name, x, y) VALUES ('36235698', 'Rosebank Cemeter', '55.967460632324', '-3.1874859333038');
INSERT INTO stop (busstop, service) VALUES ('36235698', '36');
INSERT INTO busstop (sms, name, x, y) VALUES ('36238258', 'Royston School', '55.975311279297', '-3.2352080345154');
INSERT INTO stop (busstop, service) VALUES ('36238258', '14');
INSERT INTO stop (busstop, service) VALUES ('36238258', '19');
INSERT INTO busstop (sms, name, x, y) VALUES ('36234587', 'Meadowfield gard', '55.943698883057', '-3.1410610675812');
INSERT INTO stop (busstop, service) VALUES ('36234587', '42');
INSERT INTO busstop (sms, name, x, y) VALUES ('36234586', 'New Bellfield', '55.947444915771', '-3.1371200084686');
INSERT INTO stop (busstop, service) VALUES ('36234586', '44');
INSERT INTO stop (busstop, service) VALUES ('36234586', '45');
INSERT INTO stop (busstop, service) VALUES ('36234586', 'N44');
INSERT INTO busstop (sms, name, x, y) VALUES ('36234585', 'Woodland Grove', '55.945182800293', '-3.1360290050507');
INSERT INTO stop (busstop, service) VALUES ('36234585', '42');
INSERT INTO busstop (sms, name, x, y) VALUES ('36234584', 'Duddingston Aven', '55.94665145874', '-3.1318130493164');
INSERT INTO stop (busstop, service) VALUES ('36234584', '42');
INSERT INTO busstop (sms, name, x, y) VALUES ('36234583', 'Mountcastle Driv', '55.947494506836', '-3.1271929740906');
INSERT INTO stop (busstop, service) VALUES ('36234583', '42');
INSERT INTO busstop (sms, name, x, y) VALUES ('36234582', 'Duddingston Park', '55.948963165283', '-3.120542049408');
INSERT INTO stop (busstop, service) VALUES ('36234582', '42');
INSERT INTO busstop (sms, name, x, y) VALUES ('64324279', 'Craigiebield Cre', '55.827964782715', '-3.2267510890961');
INSERT INTO stop (busstop, service) VALUES ('64324279', '37');
INSERT INTO stop (busstop, service) VALUES ('64324279', 'X47');
INSERT INTO stop (busstop, service) VALUES ('64324279', 'N37');
INSERT INTO busstop (sms, name, x, y) VALUES ('58232875', 'Newhailes Road', '55.943710327148', '-3.0677919387817');
INSERT INTO stop (busstop, service) VALUES ('58232875', '30');
INSERT INTO stop (busstop, service) VALUES ('58232875', '45');
INSERT INTO stop (busstop, service) VALUES ('58232875', 'N30');
INSERT INTO busstop (sms, name, x, y) VALUES ('36234589', 'Holyrood School', '55.942897796631', '-3.1433110237122');
INSERT INTO stop (busstop, service) VALUES ('36234589', '42');
INSERT INTO busstop (sms, name, x, y) VALUES ('64329273', 'Burnbrae Terrace', '55.862396240234', '-3.1005370616913');
INSERT INTO stop (busstop, service) VALUES ('64329273', '31');
INSERT INTO busstop (sms, name, x, y) VALUES ('64329275', 'Midfield House', '55.865222930908', '-3.1328949928284');
INSERT INTO stop (busstop, service) VALUES ('64329275', '49');
INSERT INTO busstop (sms, name, x, y) VALUES ('36243989', 'Redheughs Avenue', '55.933170318604', '-3.308974981308');
INSERT INTO stop (busstop, service) VALUES ('36243989', '2');
INSERT INTO stop (busstop, service) VALUES ('36243989', '12');
INSERT INTO stop (busstop, service) VALUES ('36243989', '18');
INSERT INTO stop (busstop, service) VALUES ('36243989', '21');
INSERT INTO stop (busstop, service) VALUES ('36243989', '22');
INSERT INTO stop (busstop, service) VALUES ('36243989', 'X26');
INSERT INTO stop (busstop, service) VALUES ('36243989', '35');
INSERT INTO stop (busstop, service) VALUES ('36243989', 'N22');
INSERT INTO busstop (sms, name, x, y) VALUES ('58232874', 'Dunedin House', '55.943096160889', '-3.0680320262909');
INSERT INTO stop (busstop, service) VALUES ('58232874', '30');
INSERT INTO stop (busstop, service) VALUES ('58232874', '45');
INSERT INTO stop (busstop, service) VALUES ('58232874', 'N30');
INSERT INTO busstop (sms, name, x, y) VALUES ('36238784', 'Stevenson Grove', '55.935977935791', '-3.2453219890594');
INSERT INTO stop (busstop, service) VALUES ('36238784', '1');
INSERT INTO stop (busstop, service) VALUES ('36238784', '2');
INSERT INTO stop (busstop, service) VALUES ('36238784', '22');
INSERT INTO stop (busstop, service) VALUES ('36238784', '30');
INSERT INTO stop (busstop, service) VALUES ('36238784', 'N22');
INSERT INTO stop (busstop, service) VALUES ('36238784', 'N30');
INSERT INTO busstop (sms, name, x, y) VALUES ('36247356', 'Harvesters Way (', '55.911819458008', '-3.2824010848999');
INSERT INTO stop (busstop, service) VALUES ('36247356', '30');
INSERT INTO busstop (sms, name, x, y) VALUES ('36238786', 'Summerhall', '55.940021514893', '-3.1825160980225');
INSERT INTO stop (busstop, service) VALUES ('36238786', '42');
INSERT INTO stop (busstop, service) VALUES ('36238786', '67');
INSERT INTO busstop (sms, name, x, y) VALUES ('36246732', 'Scottish Gas HQ', '55.979183197021', '-3.2415180206299');
INSERT INTO stop (busstop, service) VALUES ('36246732', '38');
INSERT INTO stop (busstop, service) VALUES ('36246732', '47');
INSERT INTO stop (busstop, service) VALUES ('36246732', 'X47');
INSERT INTO busstop (sms, name, x, y) VALUES ('36234639', 'Windsor Place', '55.952159881592', '-3.112163066864');
INSERT INTO stop (busstop, service) VALUES ('36234639', '15');
INSERT INTO stop (busstop, service) VALUES ('36234639', '15A');
INSERT INTO stop (busstop, service) VALUES ('36234639', '26');
INSERT INTO stop (busstop, service) VALUES ('36234639', 'X26');
INSERT INTO stop (busstop, service) VALUES ('36234639', 'N26');
INSERT INTO busstop (sms, name, x, y) VALUES ('36234638', 'Phoenix House', '55.951641082764', '-3.1099050045013');
INSERT INTO stop (busstop, service) VALUES ('36234638', '15');
INSERT INTO stop (busstop, service) VALUES ('36234638', '15A');
INSERT INTO stop (busstop, service) VALUES ('36234638', '26');
INSERT INTO stop (busstop, service) VALUES ('36234638', 'X26');
INSERT INTO stop (busstop, service) VALUES ('36234638', 'N26');
INSERT INTO busstop (sms, name, x, y) VALUES ('36234635', 'Morton Street', '55.949306488037', '-3.1004550457001');
INSERT INTO stop (busstop, service) VALUES ('36234635', '15');
INSERT INTO stop (busstop, service) VALUES ('36234635', '15A');
INSERT INTO stop (busstop, service) VALUES ('36234635', '26');
INSERT INTO stop (busstop, service) VALUES ('36234635', 'X26');
INSERT INTO stop (busstop, service) VALUES ('36234635', 'N26');
INSERT INTO busstop (sms, name, x, y) VALUES ('36234634', 'Coillesdene Driv', '55.948795318604', '-3.0944349765778');
INSERT INTO stop (busstop, service) VALUES ('36234634', '15');
INSERT INTO stop (busstop, service) VALUES ('36234634', '15A');
INSERT INTO stop (busstop, service) VALUES ('36234634', '26');
INSERT INTO stop (busstop, service) VALUES ('36234634', 'X26');
INSERT INTO stop (busstop, service) VALUES ('36234634', 'N26');
INSERT INTO busstop (sms, name, x, y) VALUES ('36234637', 'Pitville Street', '55.950866699219', '-3.1068410873413');
INSERT INTO stop (busstop, service) VALUES ('36234637', '15');
INSERT INTO stop (busstop, service) VALUES ('36234637', '15A');
INSERT INTO stop (busstop, service) VALUES ('36234637', '26');
INSERT INTO stop (busstop, service) VALUES ('36234637', 'X26');
INSERT INTO stop (busstop, service) VALUES ('36234637', 'N26');
INSERT INTO busstop (sms, name, x, y) VALUES ('36234636', 'Brunstane Road', '55.950077056885', '-3.1035830974579');
INSERT INTO stop (busstop, service) VALUES ('36234636', '15');
INSERT INTO stop (busstop, service) VALUES ('36234636', '15A');
INSERT INTO stop (busstop, service) VALUES ('36234636', '26');
INSERT INTO stop (busstop, service) VALUES ('36234636', 'X26');
INSERT INTO stop (busstop, service) VALUES ('36234636', 'N26');
INSERT INTO busstop (sms, name, x, y) VALUES ('36234632', 'Seaview Terrace', '55.948596954346', '-3.0912590026855');
INSERT INTO stop (busstop, service) VALUES ('36234632', '15');
INSERT INTO stop (busstop, service) VALUES ('36234632', '15A');
INSERT INTO stop (busstop, service) VALUES ('36234632', '26');
INSERT INTO stop (busstop, service) VALUES ('36234632', 'X26');
INSERT INTO stop (busstop, service) VALUES ('36234632', 'N26');
INSERT INTO busstop (sms, name, x, y) VALUES ('36247287', 'Clovenstone Driv', '55.910140991211', '-3.2726030349731');
INSERT INTO stop (busstop, service) VALUES ('36247287', '3');
INSERT INTO stop (busstop, service) VALUES ('36247287', '3A');
INSERT INTO stop (busstop, service) VALUES ('36247287', '30');
INSERT INTO stop (busstop, service) VALUES ('36247287', 'N30');
INSERT INTO busstop (sms, name, x, y) VALUES ('36236985', 'Braid Road', '55.909164428711', '-3.2100360393524');
INSERT INTO stop (busstop, service) VALUES ('36236985', '11');
INSERT INTO stop (busstop, service) VALUES ('36236985', '15');
INSERT INTO stop (busstop, service) VALUES ('36236985', '15A');
INSERT INTO busstop (sms, name, x, y) VALUES ('36236984', 'Pentland Terrace', '55.909229278564', '-3.2098300457001');
INSERT INTO stop (busstop, service) VALUES ('36236984', '11');
INSERT INTO stop (busstop, service) VALUES ('36236984', '15');
INSERT INTO stop (busstop, service) VALUES ('36236984', '15A');
INSERT INTO busstop (sms, name, x, y) VALUES ('36236987', 'Buckstone Terrac', '55.906826019287', '-3.2085390090942');
INSERT INTO stop (busstop, service) VALUES ('36236987', '11');
INSERT INTO stop (busstop, service) VALUES ('36236987', '15');
INSERT INTO stop (busstop, service) VALUES ('36236987', '15A');
INSERT INTO busstop (sms, name, x, y) VALUES ('36236986', 'Buckstone Terrac', '55.906879425049', '-3.2083489894867');
INSERT INTO stop (busstop, service) VALUES ('36236986', '11');
INSERT INTO stop (busstop, service) VALUES ('36236986', '15');
INSERT INTO stop (busstop, service) VALUES ('36236986', '15A');
INSERT INTO busstop (sms, name, x, y) VALUES ('36236983', 'Comiston Rise', '55.910587310791', '-3.2115840911865');
INSERT INTO stop (busstop, service) VALUES ('36236983', '11');
INSERT INTO stop (busstop, service) VALUES ('36236983', '15');
INSERT INTO stop (busstop, service) VALUES ('36236983', '15A');
INSERT INTO busstop (sms, name, x, y) VALUES ('36236982', 'Pentland Terrace', '55.911212921143', '-3.2120358943939');
INSERT INTO stop (busstop, service) VALUES ('36236982', '11');
INSERT INTO stop (busstop, service) VALUES ('36236982', '15');
INSERT INTO stop (busstop, service) VALUES ('36236982', '15A');
INSERT INTO busstop (sms, name, x, y) VALUES ('36236989', 'Caiystane Cresce', '55.904270172119', '-3.2071640491486');
INSERT INTO stop (busstop, service) VALUES ('36236989', '11');
INSERT INTO stop (busstop, service) VALUES ('36236989', '15');
INSERT INTO stop (busstop, service) VALUES ('36236989', '15A');
INSERT INTO busstop (sms, name, x, y) VALUES ('36238679', 'Ashley Terrace', '55.931346893311', '-3.2257099151611');
INSERT INTO stop (busstop, service) VALUES ('36238679', '10');
INSERT INTO stop (busstop, service) VALUES ('36238679', '27');
INSERT INTO busstop (sms, name, x, y) VALUES ('36238678', 'Colinton Road', '55.929534912109', '-3.2273170948029');
INSERT INTO stop (busstop, service) VALUES ('36238678', '10');
INSERT INTO stop (busstop, service) VALUES ('36238678', '27');
INSERT INTO busstop (sms, name, x, y) VALUES ('36238675', 'Polwarth Crescen', '55.936931610107', '-3.2180740833282');
INSERT INTO stop (busstop, service) VALUES ('36238675', '10');
INSERT INTO stop (busstop, service) VALUES ('36238675', '27');
INSERT INTO busstop (sms, name, x, y) VALUES ('36238674', 'Polwarth Crescen', '55.937271118164', '-3.2174758911133');
INSERT INTO stop (busstop, service) VALUES ('36238674', '10');
INSERT INTO stop (busstop, service) VALUES ('36238674', '27');
INSERT INTO busstop (sms, name, x, y) VALUES ('36235465', 'Boswall Loan', '55.977832794189', '-3.2221150398254');
INSERT INTO stop (busstop, service) VALUES ('36235465', '19');
INSERT INTO busstop (sms, name, x, y) VALUES ('36238676', 'Polwarth Park', '55.936401367188', '-3.2201380729675');
INSERT INTO stop (busstop, service) VALUES ('36238676', '10');
INSERT INTO stop (busstop, service) VALUES ('36238676', '27');
INSERT INTO busstop (sms, name, x, y) VALUES ('36235463', 'Granton Primary', '55.975833892822', '-3.2252728939056');
INSERT INTO stop (busstop, service) VALUES ('36235463', '8');
INSERT INTO stop (busstop, service) VALUES ('36235463', '14');
INSERT INTO stop (busstop, service) VALUES ('36235463', '19');
INSERT INTO stop (busstop, service) VALUES ('36235463', 'N8');
INSERT INTO busstop (sms, name, x, y) VALUES ('36235462', 'Granton Primary', '55.975826263428', '-3.2268919944763');
INSERT INTO stop (busstop, service) VALUES ('36235462', '8');
INSERT INTO stop (busstop, service) VALUES ('36235462', '14');
INSERT INTO stop (busstop, service) VALUES ('36235462', '19');
INSERT INTO stop (busstop, service) VALUES ('36235462', 'N8');
INSERT INTO busstop (sms, name, x, y) VALUES ('36238673', 'Polwarth Park', '55.936100006104', '-3.220673084259');
INSERT INTO stop (busstop, service) VALUES ('36238673', '10');
INSERT INTO stop (busstop, service) VALUES ('36238673', '27');
INSERT INTO busstop (sms, name, x, y) VALUES ('36243872', 'Royal Infirmary', '55.921295166016', '-3.136482000351');
INSERT INTO stop (busstop, service) VALUES ('36243872', '18');
INSERT INTO stop (busstop, service) VALUES ('36243872', '33');
INSERT INTO stop (busstop, service) VALUES ('36243872', '38');
INSERT INTO stop (busstop, service) VALUES ('36243872', '48');
INSERT INTO stop (busstop, service) VALUES ('36243872', 'X48');
INSERT INTO stop (busstop, service) VALUES ('36243872', '49');
INSERT INTO busstop (sms, name, x, y) VALUES ('36239676', 'Gillsland Road', '55.930625915527', '-3.2207889556885');
INSERT INTO stop (busstop, service) VALUES ('36239676', '45');
INSERT INTO busstop (sms, name, x, y) VALUES ('36238479', 'Wester Drylaw Ro', '55.961277008057', '-3.2475121021271');
INSERT INTO stop (busstop, service) VALUES ('36238479', '24');
INSERT INTO stop (busstop, service) VALUES ('36238479', '32');
INSERT INTO stop (busstop, service) VALUES ('36238479', '42');
INSERT INTO busstop (sms, name, x, y) VALUES ('36238473', 'Greenbank Park', '55.915073394775', '-3.2167959213257');
INSERT INTO stop (busstop, service) VALUES ('36238473', '5');
INSERT INTO stop (busstop, service) VALUES ('36238473', '16');
INSERT INTO stop (busstop, service) VALUES ('36238473', 'N16');
INSERT INTO busstop (sms, name, x, y) VALUES ('36238472', 'Greenbank Loan', '55.918125152588', '-3.2164759635925');
INSERT INTO stop (busstop, service) VALUES ('36238472', '5');
INSERT INTO stop (busstop, service) VALUES ('36238472', '16');
INSERT INTO stop (busstop, service) VALUES ('36238472', 'N16');
INSERT INTO busstop (sms, name, x, y) VALUES ('64323834', 'Station Road', '55.877777099609', '-3.1490368843079');
INSERT INTO stop (busstop, service) VALUES ('64323834', '37');
INSERT INTO stop (busstop, service) VALUES ('64323834', 'N37');
INSERT INTO busstop (sms, name, x, y) VALUES ('36238476', 'Greenbank Villag', '55.916778564453', '-3.2277460098267');
INSERT INTO stop (busstop, service) VALUES ('36238476', '23');
INSERT INTO busstop (sms, name, x, y) VALUES ('36238475', 'Comiston Road', '55.91919708252', '-3.2132930755615');
INSERT INTO stop (busstop, service) VALUES ('36238475', '5');
INSERT INTO stop (busstop, service) VALUES ('36238475', '16');
INSERT INTO stop (busstop, service) VALUES ('36238475', 'N16');
INSERT INTO busstop (sms, name, x, y) VALUES ('36238474', 'Greenbank Park', '55.915836334229', '-3.2170441150665');
INSERT INTO stop (busstop, service) VALUES ('36238474', '5');
INSERT INTO stop (busstop, service) VALUES ('36238474', '16');
INSERT INTO stop (busstop, service) VALUES ('36238474', 'N16');
INSERT INTO busstop (sms, name, x, y) VALUES ('36242765', 'City Art Centre', '55.951072692871', '-3.1899631023407');
INSERT INTO stop (busstop, service) VALUES ('36242765', '36');
INSERT INTO busstop (sms, name, x, y) VALUES ('64323968', 'Bryans Avenue', '55.871299743652', '-3.0599870681763');
INSERT INTO stop (busstop, service) VALUES ('64323968', '3');
INSERT INTO stop (busstop, service) VALUES ('64323968', '3A');
INSERT INTO stop (busstop, service) VALUES ('64323968', '29');
INSERT INTO stop (busstop, service) VALUES ('64323968', 'N3');
INSERT INTO busstop (sms, name, x, y) VALUES ('64323967', 'Bryans Avenue', '55.871116638184', '-3.0604619979858');
INSERT INTO stop (busstop, service) VALUES ('64323967', '3');
INSERT INTO stop (busstop, service) VALUES ('64323967', '3A');
INSERT INTO stop (busstop, service) VALUES ('64323967', '29');
INSERT INTO stop (busstop, service) VALUES ('64323967', 'N3');
INSERT INTO busstop (sms, name, x, y) VALUES ('36245487', 'Napier Craiglock', '55.919185638428', '-3.2380950450897');
INSERT INTO stop (busstop, service) VALUES ('36245487', '23');
INSERT INTO busstop (sms, name, x, y) VALUES ('64323965', 'Bryans Farm', '55.871868133545', '-3.0564870834351');
INSERT INTO stop (busstop, service) VALUES ('64323965', '3');
INSERT INTO stop (busstop, service) VALUES ('64323965', '3A');
INSERT INTO stop (busstop, service) VALUES ('64323965', '29');
INSERT INTO stop (busstop, service) VALUES ('64323965', 'N3');
INSERT INTO busstop (sms, name, x, y) VALUES ('64323964', 'Bryans', '55.871601104736', '-3.0561599731445');
INSERT INTO stop (busstop, service) VALUES ('64323964', '3');
INSERT INTO stop (busstop, service) VALUES ('64323964', '3A');
INSERT INTO stop (busstop, service) VALUES ('64323964', '29');
INSERT INTO stop (busstop, service) VALUES ('64323964', 'N3');
INSERT INTO busstop (sms, name, x, y) VALUES ('36238636', 'Nicolson Square', '55.946159362793', '-3.1858088970184');
INSERT INTO stop (busstop, service) VALUES ('36238636', '2');
INSERT INTO stop (busstop, service) VALUES ('36238636', '7');
INSERT INTO stop (busstop, service) VALUES ('36238636', '8');
INSERT INTO stop (busstop, service) VALUES ('36238636', '41');
INSERT INTO busstop (sms, name, x, y) VALUES ('58232647', 'Levenhall', '55.944446563721', '-3.0275590419769');
INSERT INTO stop (busstop, service) VALUES ('58232647', '26');
INSERT INTO stop (busstop, service) VALUES ('58232647', 'N44');
INSERT INTO busstop (sms, name, x, y) VALUES ('36235863', 'Stenhouse Drive', '55.932563781738', '-3.2715768814087');
INSERT INTO stop (busstop, service) VALUES ('36235863', '1');
INSERT INTO stop (busstop, service) VALUES ('36235863', '2');
INSERT INTO stop (busstop, service) VALUES ('36235863', '22');
INSERT INTO stop (busstop, service) VALUES ('36235863', 'N22');
INSERT INTO busstop (sms, name, x, y) VALUES ('36235862', 'Broomhall Avenue', '55.934150695801', '-3.276447057724');
INSERT INTO stop (busstop, service) VALUES ('36235862', '1');
INSERT INTO busstop (sms, name, x, y) VALUES ('36247634', 'Kingsknowe Road', '55.914566040039', '-3.2626519203186');
INSERT INTO stop (busstop, service) VALUES ('36247634', '20');
INSERT INTO busstop (sms, name, x, y) VALUES ('36235867', 'Stenhouse Cross', '55.932933807373', '-3.2592630386353');
INSERT INTO stop (busstop, service) VALUES ('36235867', '1');
INSERT INTO stop (busstop, service) VALUES ('36235867', '2');
INSERT INTO stop (busstop, service) VALUES ('36235867', '22');
INSERT INTO stop (busstop, service) VALUES ('36235867', 'N22');
INSERT INTO busstop (sms, name, x, y) VALUES ('36235864', 'Saughton Mains S', '55.933605194092', '-3.2656879425049');
INSERT INTO stop (busstop, service) VALUES ('36235864', '1');
INSERT INTO stop (busstop, service) VALUES ('36235864', '2');
INSERT INTO stop (busstop, service) VALUES ('36235864', '22');
INSERT INTO stop (busstop, service) VALUES ('36235864', 'N22');
INSERT INTO busstop (sms, name, x, y) VALUES ('36235869', 'Whitson Crescent', '55.935508728027', '-3.2532958984375');
INSERT INTO stop (busstop, service) VALUES ('36235869', '1');
INSERT INTO stop (busstop, service) VALUES ('36235869', '2');
INSERT INTO stop (busstop, service) VALUES ('36235869', '22');
INSERT INTO stop (busstop, service) VALUES ('36235869', 'N22');
INSERT INTO busstop (sms, name, x, y) VALUES ('36235868', 'Whitson Grove', '55.933917999268', '-3.2571339607239');
INSERT INTO stop (busstop, service) VALUES ('36235868', '1');
INSERT INTO stop (busstop, service) VALUES ('36235868', '2');
INSERT INTO stop (busstop, service) VALUES ('36235868', '22');
INSERT INTO stop (busstop, service) VALUES ('36235868', 'N22');
INSERT INTO busstop (sms, name, x, y) VALUES ('64324364', 'Ravendean', '55.829177856445', '-3.2403590679169');
INSERT INTO stop (busstop, service) VALUES ('64324364', '37');
INSERT INTO stop (busstop, service) VALUES ('64324364', 'X47');
INSERT INTO stop (busstop, service) VALUES ('64324364', 'N37');
INSERT INTO busstop (sms, name, x, y) VALUES ('64324365', 'Royal Court', '55.837905883789', '-3.2302570343018');
INSERT INTO stop (busstop, service) VALUES ('64324365', '37');
INSERT INTO stop (busstop, service) VALUES ('64324365', 'X47');
INSERT INTO stop (busstop, service) VALUES ('64324365', 'N37');
INSERT INTO busstop (sms, name, x, y) VALUES ('64324367', 'Royal Court', '55.837985992432', '-3.231057882309');
INSERT INTO stop (busstop, service) VALUES ('64324367', '37');
INSERT INTO stop (busstop, service) VALUES ('64324367', 'X47');
INSERT INTO stop (busstop, service) VALUES ('64324367', 'N37');
INSERT INTO busstop (sms, name, x, y) VALUES ('64324362', 'Ravelsykes Road', '55.830196380615', '-3.24613904953');
INSERT INTO stop (busstop, service) VALUES ('64324362', '37');
INSERT INTO stop (busstop, service) VALUES ('64324362', 'X47');
INSERT INTO stop (busstop, service) VALUES ('64324362', 'N37');
INSERT INTO busstop (sms, name, x, y) VALUES ('64324363', 'Ravendean', '55.82935333252', '-3.2405240535736');
INSERT INTO stop (busstop, service) VALUES ('64324363', '37');
INSERT INTO stop (busstop, service) VALUES ('64324363', 'X47');
INSERT INTO stop (busstop, service) VALUES ('64324363', 'N37');
INSERT INTO busstop (sms, name, x, y) VALUES ('64324368', 'Carlops Road', '55.828720092773', '-3.2320430278778');
INSERT INTO stop (busstop, service) VALUES ('64324368', '37');
INSERT INTO stop (busstop, service) VALUES ('64324368', 'X47');
INSERT INTO stop (busstop, service) VALUES ('64324368', 'N37');
INSERT INTO busstop (sms, name, x, y) VALUES ('64324369', 'Samoa Terrace', '55.843437194824', '-3.2067959308624');
INSERT INTO stop (busstop, service) VALUES ('64324369', '15');
INSERT INTO stop (busstop, service) VALUES ('64324369', '15A');
INSERT INTO stop (busstop, service) VALUES ('64324369', '37');
INSERT INTO stop (busstop, service) VALUES ('64324369', '47');
INSERT INTO stop (busstop, service) VALUES ('64324369', 'X47');
INSERT INTO stop (busstop, service) VALUES ('64324369', 'N37');
INSERT INTO busstop (sms, name, x, y) VALUES ('36298625', 'School Road', '55.983074188232', '-3.1941349506378');
INSERT INTO stop (busstop, service) VALUES ('36298625', '10');
INSERT INTO busstop (sms, name, x, y) VALUES ('36236969', 'Greenbank Terrac', '55.919860839844', '-3.2126259803772');
INSERT INTO stop (busstop, service) VALUES ('36236969', '5');
INSERT INTO stop (busstop, service) VALUES ('36236969', '11');
INSERT INTO stop (busstop, service) VALUES ('36236969', '15');
INSERT INTO stop (busstop, service) VALUES ('36236969', '15A');
INSERT INTO stop (busstop, service) VALUES ('36236969', '16');
INSERT INTO stop (busstop, service) VALUES ('36236969', 'N16');
INSERT INTO busstop (sms, name, x, y) VALUES ('36236968', 'Braid Crescent', '55.920829772949', '-3.2118880748749');
INSERT INTO stop (busstop, service) VALUES ('36236968', '5');
INSERT INTO stop (busstop, service) VALUES ('36236968', '11');
INSERT INTO stop (busstop, service) VALUES ('36236968', '15');
INSERT INTO stop (busstop, service) VALUES ('36236968', '15A');
INSERT INTO stop (busstop, service) VALUES ('36236968', '16');
INSERT INTO stop (busstop, service) VALUES ('36236968', 'N16');
INSERT INTO busstop (sms, name, x, y) VALUES ('36236963', 'Comiston Place', '55.923439025879', '-3.210608959198');
INSERT INTO stop (busstop, service) VALUES ('36236963', '5');
INSERT INTO stop (busstop, service) VALUES ('36236963', '11');
INSERT INTO stop (busstop, service) VALUES ('36236963', '15');
INSERT INTO stop (busstop, service) VALUES ('36236963', '15A');
INSERT INTO stop (busstop, service) VALUES ('36236963', '16');
INSERT INTO stop (busstop, service) VALUES ('36236963', 'N16');
INSERT INTO busstop (sms, name, x, y) VALUES ('36242659', 'Curriehill', '55.896144866943', '-3.3100469112396');
INSERT INTO stop (busstop, service) VALUES ('36242659', '44');
INSERT INTO stop (busstop, service) VALUES ('36242659', '44A');
INSERT INTO stop (busstop, service) VALUES ('36242659', '45');
INSERT INTO stop (busstop, service) VALUES ('36242659', 'N44');
INSERT INTO busstop (sms, name, x, y) VALUES ('36236967', 'Sth Morningside', '55.921276092529', '-3.2118539810181');
INSERT INTO stop (busstop, service) VALUES ('36236967', '5');
INSERT INTO stop (busstop, service) VALUES ('36236967', '11');
INSERT INTO stop (busstop, service) VALUES ('36236967', '15');
INSERT INTO stop (busstop, service) VALUES ('36236967', '15A');
INSERT INTO stop (busstop, service) VALUES ('36236967', '16');
INSERT INTO stop (busstop, service) VALUES ('36236967', 'N16');
INSERT INTO busstop (sms, name, x, y) VALUES ('36236965', 'Morningside Ceme', '55.922416687012', '-3.2110090255737');
INSERT INTO stop (busstop, service) VALUES ('36236965', '5');
INSERT INTO stop (busstop, service) VALUES ('36236965', '11');
INSERT INTO stop (busstop, service) VALUES ('36236965', '15');
INSERT INTO stop (busstop, service) VALUES ('36236965', '15A');
INSERT INTO stop (busstop, service) VALUES ('36236965', '16');
INSERT INTO stop (busstop, service) VALUES ('36236965', 'N16');
INSERT INTO busstop (sms, name, x, y) VALUES ('36238798', 'Caroline Park Gr', '55.977336883545', '-3.2385098934174');
INSERT INTO stop (busstop, service) VALUES ('36238798', '8');
INSERT INTO stop (busstop, service) VALUES ('36238798', '16');
INSERT INTO stop (busstop, service) VALUES ('36238798', '32');
INSERT INTO stop (busstop, service) VALUES ('36238798', 'N8');
INSERT INTO busstop (sms, name, x, y) VALUES ('36239454', 'Calder Gardens', '55.920722961426', '-3.2948091030121');
INSERT INTO stop (busstop, service) VALUES ('36239454', '20');
INSERT INTO busstop (sms, name, x, y) VALUES ('64324563', 'Straiton', '55.887466430664', '-3.1641449928284');
INSERT INTO stop (busstop, service) VALUES ('64324563', '47');
INSERT INTO stop (busstop, service) VALUES ('64324563', 'X47');
INSERT INTO stop (busstop, service) VALUES ('64324563', '67');
INSERT INTO busstop (sms, name, x, y) VALUES ('64324567', 'Straiton Cottage', '55.884803771973', '-3.1663520336151');
INSERT INTO stop (busstop, service) VALUES ('64324567', '47');
INSERT INTO stop (busstop, service) VALUES ('64324567', 'X47');
INSERT INTO stop (busstop, service) VALUES ('64324567', '67');
INSERT INTO busstop (sms, name, x, y) VALUES ('64324564', 'Straiton', '55.887504577637', '-3.1637461185455');
INSERT INTO stop (busstop, service) VALUES ('64324564', '47');
INSERT INTO stop (busstop, service) VALUES ('64324564', 'X47');
INSERT INTO stop (busstop, service) VALUES ('64324564', '67');
INSERT INTO busstop (sms, name, x, y) VALUES ('64324565', 'Straiton Cottage', '55.884246826172', '-3.166335105896');
INSERT INTO stop (busstop, service) VALUES ('64324565', '47');
INSERT INTO stop (busstop, service) VALUES ('64324565', 'X47');
INSERT INTO stop (busstop, service) VALUES ('64324565', '67');
INSERT INTO busstop (sms, name, x, y) VALUES ('36232679', 'Gorgie Primary S', '55.936412811279', '-3.2402620315552');
INSERT INTO stop (busstop, service) VALUES ('36232679', '3');
INSERT INTO stop (busstop, service) VALUES ('36232679', '3A');
INSERT INTO stop (busstop, service) VALUES ('36232679', '25');
INSERT INTO stop (busstop, service) VALUES ('36232679', '33');
INSERT INTO stop (busstop, service) VALUES ('36232679', '38');
INSERT INTO stop (busstop, service) VALUES ('36232679', 'N25');
INSERT INTO busstop (sms, name, x, y) VALUES ('36232678', 'Gorgie', '55.937305450439', '-3.2346711158752');
INSERT INTO stop (busstop, service) VALUES ('36232678', '1');
INSERT INTO stop (busstop, service) VALUES ('36232678', '2');
INSERT INTO stop (busstop, service) VALUES ('36232678', '3');
INSERT INTO stop (busstop, service) VALUES ('36232678', '3A');
INSERT INTO stop (busstop, service) VALUES ('36232678', '25');
INSERT INTO stop (busstop, service) VALUES ('36232678', '33');
INSERT INTO stop (busstop, service) VALUES ('36232678', 'N25');
INSERT INTO busstop (sms, name, x, y) VALUES ('36232676', 'Tynecastle', '55.937877655029', '-3.2322080135345');
INSERT INTO stop (busstop, service) VALUES ('36232676', '1');
INSERT INTO stop (busstop, service) VALUES ('36232676', '2');
INSERT INTO stop (busstop, service) VALUES ('36232676', '3');
INSERT INTO stop (busstop, service) VALUES ('36232676', '3A');
INSERT INTO stop (busstop, service) VALUES ('36232676', '25');
INSERT INTO stop (busstop, service) VALUES ('36232676', '33');
INSERT INTO stop (busstop, service) VALUES ('36232676', 'N25');
INSERT INTO busstop (sms, name, x, y) VALUES ('36232675', 'Gorgie City Farm', '55.938831329346', '-3.2285239696503');
INSERT INTO stop (busstop, service) VALUES ('36232675', '1');
INSERT INTO stop (busstop, service) VALUES ('36232675', '2');
INSERT INTO stop (busstop, service) VALUES ('36232675', '3');
INSERT INTO stop (busstop, service) VALUES ('36232675', '3A');
INSERT INTO stop (busstop, service) VALUES ('36232675', '25');
INSERT INTO stop (busstop, service) VALUES ('36232675', '33');
INSERT INTO stop (busstop, service) VALUES ('36232675', 'N25');
INSERT INTO busstop (sms, name, x, y) VALUES ('36232674', 'Murieston Cresce', '55.939853668213', '-3.2253220081329');
INSERT INTO stop (busstop, service) VALUES ('36232674', '2');
INSERT INTO stop (busstop, service) VALUES ('36232674', '3');
INSERT INTO stop (busstop, service) VALUES ('36232674', '3A');
INSERT INTO stop (busstop, service) VALUES ('36232674', '4');
INSERT INTO stop (busstop, service) VALUES ('36232674', '25');
INSERT INTO stop (busstop, service) VALUES ('36232674', '33');
INSERT INTO stop (busstop, service) VALUES ('36232674', '44');
INSERT INTO stop (busstop, service) VALUES ('36232674', '44A');
INSERT INTO stop (busstop, service) VALUES ('36232674', 'N25');
INSERT INTO stop (busstop, service) VALUES ('36232674', 'N44');
INSERT INTO busstop (sms, name, x, y) VALUES ('36232673', 'Dalry Primary Sc', '55.941402435303', '-3.2231290340424');
INSERT INTO stop (busstop, service) VALUES ('36232673', '2');
INSERT INTO stop (busstop, service) VALUES ('36232673', '3');
INSERT INTO stop (busstop, service) VALUES ('36232673', '3A');
INSERT INTO stop (busstop, service) VALUES ('36232673', '4');
INSERT INTO stop (busstop, service) VALUES ('36232673', '25');
INSERT INTO stop (busstop, service) VALUES ('36232673', '33');
INSERT INTO stop (busstop, service) VALUES ('36232673', '44');
INSERT INTO stop (busstop, service) VALUES ('36232673', '44A');
INSERT INTO stop (busstop, service) VALUES ('36232673', 'N25');
INSERT INTO stop (busstop, service) VALUES ('36232673', 'N44');
INSERT INTO busstop (sms, name, x, y) VALUES ('36232672', 'Caledonian Villa', '55.942588806152', '-3.2214050292969');
INSERT INTO stop (busstop, service) VALUES ('36232672', '2');
INSERT INTO stop (busstop, service) VALUES ('36232672', '3');
INSERT INTO stop (busstop, service) VALUES ('36232672', '3A');
INSERT INTO stop (busstop, service) VALUES ('36232672', '4');
INSERT INTO stop (busstop, service) VALUES ('36232672', '25');
INSERT INTO stop (busstop, service) VALUES ('36232672', '33');
INSERT INTO stop (busstop, service) VALUES ('36232672', '44');
INSERT INTO stop (busstop, service) VALUES ('36232672', '44A');
INSERT INTO stop (busstop, service) VALUES ('36232672', 'N25');
INSERT INTO stop (busstop, service) VALUES ('36232672', 'N44');
INSERT INTO busstop (sms, name, x, y) VALUES ('58232839', 'Clayknowes Court', '55.935348510742', '-3.0725409984589');
INSERT INTO stop (busstop, service) VALUES ('58232839', '30');
INSERT INTO stop (busstop, service) VALUES ('58232839', '45');
INSERT INTO stop (busstop, service) VALUES ('58232839', 'N30');
INSERT INTO busstop (sms, name, x, y) VALUES ('58232838', 'Clayknowes Avenu', '55.937217712402', '-3.0733609199524');
INSERT INTO stop (busstop, service) VALUES ('58232838', '30');
INSERT INTO stop (busstop, service) VALUES ('58232838', '45');
INSERT INTO stop (busstop, service) VALUES ('58232838', 'N30');
INSERT INTO busstop (sms, name, x, y) VALUES ('58232832', 'Clayknowes Avenu', '55.937118530273', '-3.073646068573');
INSERT INTO stop (busstop, service) VALUES ('58232832', '30');
INSERT INTO stop (busstop, service) VALUES ('58232832', '45');
INSERT INTO stop (busstop, service) VALUES ('58232832', 'N30');
INSERT INTO busstop (sms, name, x, y) VALUES ('58232835', 'Stoneyhill Drive', '55.94006729126', '-3.0730879306793');
INSERT INTO stop (busstop, service) VALUES ('58232835', '30');
INSERT INTO stop (busstop, service) VALUES ('58232835', '45');
INSERT INTO stop (busstop, service) VALUES ('58232835', 'N30');
INSERT INTO busstop (sms, name, x, y) VALUES ('58232834', 'Clayknowes Way', '55.938121795654', '-3.0727140903473');
INSERT INTO stop (busstop, service) VALUES ('58232834', '30');
INSERT INTO stop (busstop, service) VALUES ('58232834', '45');
INSERT INTO stop (busstop, service) VALUES ('58232834', 'N30');
INSERT INTO busstop (sms, name, x, y) VALUES ('58232837', 'Clayknowes Way', '55.938098907471', '-3.0724730491638');
INSERT INTO stop (busstop, service) VALUES ('58232837', '30');
INSERT INTO stop (busstop, service) VALUES ('58232837', '45');
INSERT INTO stop (busstop, service) VALUES ('58232837', 'N30');
INSERT INTO busstop (sms, name, x, y) VALUES ('58232836', 'Stoneyhill Drive', '55.93977355957', '-3.0731279850006');
INSERT INTO stop (busstop, service) VALUES ('58232836', '30');
INSERT INTO stop (busstop, service) VALUES ('58232836', '45');
INSERT INTO stop (busstop, service) VALUES ('58232836', 'N30');
INSERT INTO busstop (sms, name, x, y) VALUES ('36234936', 'Currie Primary', '55.897804260254', '-3.3138771057129');
INSERT INTO stop (busstop, service) VALUES ('36234936', '45');
INSERT INTO busstop (sms, name, x, y) VALUES ('58232548', 'Forth Wynd', '55.970638275146', '-2.9400489330292');
INSERT INTO stop (busstop, service) VALUES ('58232548', 'X26');
INSERT INTO busstop (sms, name, x, y) VALUES ('36234934', 'Baberton Mains H', '55.910953521729', '-3.2915558815002');
INSERT INTO stop (busstop, service) VALUES ('36234934', '33');
INSERT INTO busstop (sms, name, x, y) VALUES ('36234935', 'Curriehill Stati', '55.89684677124', '-3.3126130104065');
INSERT INTO stop (busstop, service) VALUES ('36234935', '25');
INSERT INTO stop (busstop, service) VALUES ('36234935', '45');
INSERT INTO busstop (sms, name, x, y) VALUES ('36234932', 'Baberton Mains D', '55.910991668701', '-3.2912049293518');
INSERT INTO stop (busstop, service) VALUES ('36234932', '33');
INSERT INTO stop (busstop, service) VALUES ('36234932', 'N30');
INSERT INTO busstop (sms, name, x, y) VALUES ('36234748', 'Leopold Place', '55.957832336426', '-3.1830110549927');
INSERT INTO stop (busstop, service) VALUES ('36234748', '1');
INSERT INTO stop (busstop, service) VALUES ('36234748', '4');
INSERT INTO stop (busstop, service) VALUES ('36234748', '5');
INSERT INTO stop (busstop, service) VALUES ('36234748', '15');
INSERT INTO stop (busstop, service) VALUES ('36234748', '15A');
INSERT INTO stop (busstop, service) VALUES ('36234748', '19');
INSERT INTO stop (busstop, service) VALUES ('36234748', '26');
INSERT INTO stop (busstop, service) VALUES ('36234748', '34');
INSERT INTO stop (busstop, service) VALUES ('36234748', '44');
INSERT INTO stop (busstop, service) VALUES ('36234748', '44A');
INSERT INTO stop (busstop, service) VALUES ('36234748', '45');
INSERT INTO stop (busstop, service) VALUES ('36234748', 'N26');
INSERT INTO stop (busstop, service) VALUES ('36234748', 'N44');
INSERT INTO busstop (sms, name, x, y) VALUES ('58232543', 'Poplar Park', '55.967555999756', '-2.9479370117188');
INSERT INTO stop (busstop, service) VALUES ('58232543', 'X26');
INSERT INTO stop (busstop, service) VALUES ('58232543', 'N26');
INSERT INTO busstop (sms, name, x, y) VALUES ('58232542', 'Poplar Park', '55.967380523682', '-2.9477250576019');
INSERT INTO stop (busstop, service) VALUES ('58232542', 'X26');
INSERT INTO busstop (sms, name, x, y) VALUES ('58232545', 'Seton Wynd', '55.968860626221', '-2.9418170452118');
INSERT INTO stop (busstop, service) VALUES ('58232545', 'X26');
INSERT INTO busstop (sms, name, x, y) VALUES ('58232547', 'Forth Wynd', '55.970428466797', '-2.9402530193329');
INSERT INTO stop (busstop, service) VALUES ('58232547', 'X26');
INSERT INTO stop (busstop, service) VALUES ('58232547', 'N26');
INSERT INTO busstop (sms, name, x, y) VALUES ('58232546', 'Seton Wynd', '55.969066619873', '-2.9421100616455');
INSERT INTO stop (busstop, service) VALUES ('58232546', 'X26');
INSERT INTO stop (busstop, service) VALUES ('58232546', 'N26');
INSERT INTO busstop (sms, name, x, y) VALUES ('36237595', 'Pearce Road', '55.947250366211', '-3.294508934021');
INSERT INTO stop (busstop, service) VALUES ('36237595', '1');
INSERT INTO stop (busstop, service) VALUES ('36237595', '21');
INSERT INTO stop (busstop, service) VALUES ('36237595', '26');
INSERT INTO stop (busstop, service) VALUES ('36237595', '32');
INSERT INTO stop (busstop, service) VALUES ('36237595', 'N26');
INSERT INTO busstop (sms, name, x, y) VALUES ('36237594', 'Templeland Road', '55.945350646973', '-3.2939820289612');
INSERT INTO stop (busstop, service) VALUES ('36237594', '1');
INSERT INTO stop (busstop, service) VALUES ('36237594', '21');
INSERT INTO stop (busstop, service) VALUES ('36237594', '26');
INSERT INTO stop (busstop, service) VALUES ('36237594', '32');
INSERT INTO busstop (sms, name, x, y) VALUES ('36237597', 'Drum Brae Garden', '55.948757171631', '-3.2949280738831');
INSERT INTO stop (busstop, service) VALUES ('36237597', '1');
INSERT INTO stop (busstop, service) VALUES ('36237597', '21');
INSERT INTO stop (busstop, service) VALUES ('36237597', '26');
INSERT INTO stop (busstop, service) VALUES ('36237597', '32');
INSERT INTO busstop (sms, name, x, y) VALUES ('36237596', 'Drum Brae Garden', '55.948699951172', '-3.2950699329376');
INSERT INTO stop (busstop, service) VALUES ('36237596', '1');
INSERT INTO stop (busstop, service) VALUES ('36237596', '21');
INSERT INTO stop (busstop, service) VALUES ('36237596', '26');
INSERT INTO stop (busstop, service) VALUES ('36237596', '32');
INSERT INTO stop (busstop, service) VALUES ('36237596', 'N26');
INSERT INTO busstop (sms, name, x, y) VALUES ('36237593', 'Templeland Road', '55.945007324219', '-3.2940819263458');
INSERT INTO stop (busstop, service) VALUES ('36237593', '1');
INSERT INTO stop (busstop, service) VALUES ('36237593', '21');
INSERT INTO stop (busstop, service) VALUES ('36237593', '26');
INSERT INTO stop (busstop, service) VALUES ('36237593', '32');
INSERT INTO stop (busstop, service) VALUES ('36237593', 'N26');
INSERT INTO busstop (sms, name, x, y) VALUES ('36237592', 'Barnton Resevoir', '55.961387634277', '-3.2821500301361');
INSERT INTO stop (busstop, service) VALUES ('36237592', '21');
INSERT INTO busstop (sms, name, x, y) VALUES ('64323295', 'Pendreich View', '55.879512786865', '-3.096657037735');
INSERT INTO stop (busstop, service) VALUES ('64323295', '49');
INSERT INTO busstop (sms, name, x, y) VALUES ('36237598', 'Drum Brae Park', '55.949729919434', '-3.2954089641571');
INSERT INTO stop (busstop, service) VALUES ('36237598', '1');
INSERT INTO stop (busstop, service) VALUES ('36237598', '21');
INSERT INTO stop (busstop, service) VALUES ('36237598', '26');
INSERT INTO stop (busstop, service) VALUES ('36237598', '32');
INSERT INTO busstop (sms, name, x, y) VALUES ('36237352', 'Dalmeny Street', '55.965347290039', '-3.1761751174927');
INSERT INTO stop (busstop, service) VALUES ('36237352', '7');
INSERT INTO stop (busstop, service) VALUES ('36237352', '10');
INSERT INTO stop (busstop, service) VALUES ('36237352', '12');
INSERT INTO stop (busstop, service) VALUES ('36237352', '14');
INSERT INTO stop (busstop, service) VALUES ('36237352', '16');
INSERT INTO stop (busstop, service) VALUES ('36237352', '22');
INSERT INTO stop (busstop, service) VALUES ('36237352', '25');
INSERT INTO stop (busstop, service) VALUES ('36237352', '49');
INSERT INTO stop (busstop, service) VALUES ('36237352', 'N22');
INSERT INTO stop (busstop, service) VALUES ('36237352', 'N25');
INSERT INTO busstop (sms, name, x, y) VALUES ('58232878', 'Ormiston Road', '55.941452026367', '-2.9481639862061');
INSERT INTO stop (busstop, service) VALUES ('58232878', '26');
INSERT INTO stop (busstop, service) VALUES ('58232878', '44');
INSERT INTO stop (busstop, service) VALUES ('58232878', 'N44');
INSERT INTO busstop (sms, name, x, y) VALUES ('36237357', 'Dryden Street', '55.965614318848', '-3.1802520751953');
INSERT INTO stop (busstop, service) VALUES ('36237357', '11');
INSERT INTO busstop (sms, name, x, y) VALUES ('36237356', 'Pilrig Gardens', '55.967311859131', '-3.1822419166565');
INSERT INTO stop (busstop, service) VALUES ('36237356', '11');
INSERT INTO busstop (sms, name, x, y) VALUES ('36237354', 'Rosebank Cemeter', '55.968723297119', '-3.1841280460358');
INSERT INTO stop (busstop, service) VALUES ('36237354', '11');
INSERT INTO busstop (sms, name, x, y) VALUES ('58232724', 'Bridge Street', '55.944606781006', '-2.9552381038666');
INSERT INTO stop (busstop, service) VALUES ('58232724', '44');
INSERT INTO stop (busstop, service) VALUES ('58232724', '44A');
INSERT INTO stop (busstop, service) VALUES ('58232724', 'N44');
INSERT INTO busstop (sms, name, x, y) VALUES ('36237359', 'Bonnington Toll', '55.968505859375', '-3.1840410232544');
INSERT INTO stop (busstop, service) VALUES ('36237359', '11');
INSERT INTO busstop (sms, name, x, y) VALUES ('36237358', 'Dryden Street', '55.965843200684', '-3.1807079315186');
INSERT INTO stop (busstop, service) VALUES ('36237358', '11');
INSERT INTO busstop (sms, name, x, y) VALUES ('58232723', 'Bridge Street', '55.944625854492', '-2.9552230834961');
INSERT INTO stop (busstop, service) VALUES ('58232723', '44');
INSERT INTO stop (busstop, service) VALUES ('58232723', 'N44');
INSERT INTO busstop (sms, name, x, y) VALUES ('36235269', 'Newtoft Street', '55.904674530029', '-3.1361238956451');
INSERT INTO stop (busstop, service) VALUES ('36235269', '7');
INSERT INTO stop (busstop, service) VALUES ('36235269', '18');
INSERT INTO stop (busstop, service) VALUES ('36235269', '33');
INSERT INTO busstop (sms, name, x, y) VALUES ('36235268', 'Drum Street', '55.90539932251', '-3.1346418857574');
INSERT INTO stop (busstop, service) VALUES ('36235268', '18');
INSERT INTO stop (busstop, service) VALUES ('36235268', '33');
INSERT INTO busstop (sms, name, x, y) VALUES ('36237579', 'Duart Crescent', '55.953205108643', '-3.2973508834839');
INSERT INTO stop (busstop, service) VALUES ('36237579', '1');
INSERT INTO stop (busstop, service) VALUES ('36237579', '21');
INSERT INTO stop (busstop, service) VALUES ('36237579', '26');
INSERT INTO stop (busstop, service) VALUES ('36237579', '32');
INSERT INTO stop (busstop, service) VALUES ('36237579', 'N26');
INSERT INTO busstop (sms, name, x, y) VALUES ('36237578', 'Duart Crescent', '55.952651977539', '-3.2969160079956');
INSERT INTO stop (busstop, service) VALUES ('36237578', '1');
INSERT INTO stop (busstop, service) VALUES ('36237578', '21');
INSERT INTO stop (busstop, service) VALUES ('36237578', '26');
INSERT INTO stop (busstop, service) VALUES ('36237578', '32');
INSERT INTO busstop (sms, name, x, y) VALUES ('36242594', 'Northumberland S', '55.956569671631', '-3.2022891044617');
INSERT INTO stop (busstop, service) VALUES ('36242594', '24');
INSERT INTO stop (busstop, service) VALUES ('36242594', '29');
INSERT INTO stop (busstop, service) VALUES ('36242594', 'X29');
INSERT INTO stop (busstop, service) VALUES ('36242594', '42');
INSERT INTO busstop (sms, name, x, y) VALUES ('36242597', 'Morgan Court', '55.950752258301', '-3.1765010356903');
INSERT INTO stop (busstop, service) VALUES ('36242597', '36');
INSERT INTO busstop (sms, name, x, y) VALUES ('36237573', 'Main Street', '55.965549468994', '-3.2725470066071');
INSERT INTO stop (busstop, service) VALUES ('36237573', '21');
INSERT INTO stop (busstop, service) VALUES ('36237573', '41');
INSERT INTO stop (busstop, service) VALUES ('36237573', '42');
INSERT INTO busstop (sms, name, x, y) VALUES ('36237572', 'Davidsons Mains', '55.965435028076', '-3.2731521129608');
INSERT INTO stop (busstop, service) VALUES ('36237572', '21');
INSERT INTO stop (busstop, service) VALUES ('36237572', '41');
INSERT INTO stop (busstop, service) VALUES ('36237572', '42');
INSERT INTO busstop (sms, name, x, y) VALUES ('36235263', 'Fernieside Drive', '55.91524887085', '-3.1287848949432');
INSERT INTO stop (busstop, service) VALUES ('36235263', '33');
INSERT INTO stop (busstop, service) VALUES ('36235263', '48');
INSERT INTO stop (busstop, service) VALUES ('36235263', '49');
INSERT INTO busstop (sms, name, x, y) VALUES ('36235262', 'Craigmillar cast', '55.920825958252', '-3.1423580646515');
INSERT INTO stop (busstop, service) VALUES ('36235262', '21');
INSERT INTO stop (busstop, service) VALUES ('36235262', '24');
INSERT INTO stop (busstop, service) VALUES ('36235262', '33');
INSERT INTO stop (busstop, service) VALUES ('36235262', '38');
INSERT INTO stop (busstop, service) VALUES ('36235262', '48');
INSERT INTO stop (busstop, service) VALUES ('36235262', '49');
INSERT INTO busstop (sms, name, x, y) VALUES ('36245297', 'Hailesland Place', '55.916889190674', '-3.2788400650024');
INSERT INTO stop (busstop, service) VALUES ('36245297', '3');
INSERT INTO stop (busstop, service) VALUES ('36245297', '3A');
INSERT INTO stop (busstop, service) VALUES ('36245297', '18');
INSERT INTO stop (busstop, service) VALUES ('36245297', '20');
INSERT INTO stop (busstop, service) VALUES ('36245297', '21');
INSERT INTO stop (busstop, service) VALUES ('36245297', '32');
INSERT INTO busstop (sms, name, x, y) VALUES ('36237576', 'Corbiehill', '55.965633392334', '-3.2678229808807');
INSERT INTO stop (busstop, service) VALUES ('36237576', '21');
INSERT INTO stop (busstop, service) VALUES ('36237576', '42');
INSERT INTO busstop (sms, name, x, y) VALUES ('36237575', 'Corbiehill Road', '55.965660095215', '-3.2695059776306');
INSERT INTO stop (busstop, service) VALUES ('36237575', '21');
INSERT INTO stop (busstop, service) VALUES ('36237575', '42');
INSERT INTO busstop (sms, name, x, y) VALUES ('36237574', 'Davidsons Mains', '55.965496063232', '-3.2708470821381');
INSERT INTO stop (busstop, service) VALUES ('36237574', '21');
INSERT INTO stop (busstop, service) VALUES ('36237574', '41');
INSERT INTO stop (busstop, service) VALUES ('36237574', '42');
INSERT INTO busstop (sms, name, x, y) VALUES ('36236329', 'Torphin Bank', '55.901245117188', '-3.268345117569');
INSERT INTO stop (busstop, service) VALUES ('36236329', '10');
INSERT INTO stop (busstop, service) VALUES ('36236329', 'N16');
INSERT INTO busstop (sms, name, x, y) VALUES ('64323596', 'The Wisp', '55.913383483887', '-3.1172919273376');
INSERT INTO stop (busstop, service) VALUES ('64323596', '48');
INSERT INTO stop (busstop, service) VALUES ('64323596', 'X48');
INSERT INTO stop (busstop, service) VALUES ('64323596', '49');
INSERT INTO busstop (sms, name, x, y) VALUES ('64323597', 'The Wisp', '55.91321182251', '-3.1166470050812');
INSERT INTO stop (busstop, service) VALUES ('64323597', '48');
INSERT INTO stop (busstop, service) VALUES ('64323597', 'X48');
INSERT INTO stop (busstop, service) VALUES ('64323597', '49');
INSERT INTO busstop (sms, name, x, y) VALUES ('36236328', 'Woodfield Avenue', '55.903026580811', '-3.2681310176849');
INSERT INTO stop (busstop, service) VALUES ('36236328', '10');
INSERT INTO stop (busstop, service) VALUES ('36236328', 'N16');
INSERT INTO busstop (sms, name, x, y) VALUES ('36237689', 'Redford Barracks', '55.911884307861', '-3.2471580505371');
INSERT INTO stop (busstop, service) VALUES ('36237689', '10');
INSERT INTO stop (busstop, service) VALUES ('36237689', '18');
INSERT INTO stop (busstop, service) VALUES ('36237689', '45');
INSERT INTO busstop (sms, name, x, y) VALUES ('36237683', 'Cumin Place', '55.936218261719', '-3.1852650642395');
INSERT INTO stop (busstop, service) VALUES ('36237683', '5');
INSERT INTO busstop (sms, name, x, y) VALUES ('36237685', 'Merchiston Castl', '55.90885925293', '-3.2513799667358');
INSERT INTO stop (busstop, service) VALUES ('36237685', '10');
INSERT INTO stop (busstop, service) VALUES ('36237685', '18');
INSERT INTO stop (busstop, service) VALUES ('36237685', '45');
INSERT INTO busstop (sms, name, x, y) VALUES ('36237684', 'Lauder Road', '55.936019897461', '-3.1872599124908');
INSERT INTO stop (busstop, service) VALUES ('36237684', '5');
INSERT INTO busstop (sms, name, x, y) VALUES ('36237687', 'Redford Barracks', '55.911346435547', '-3.2479250431061');
INSERT INTO stop (busstop, service) VALUES ('36237687', '10');
INSERT INTO stop (busstop, service) VALUES ('36237687', '18');
INSERT INTO stop (busstop, service) VALUES ('36237687', '45');
INSERT INTO busstop (sms, name, x, y) VALUES ('36237686', 'Merchiston Cstl', '55.91003036499', '-3.2501060962677');
INSERT INTO stop (busstop, service) VALUES ('36237686', '10');
INSERT INTO stop (busstop, service) VALUES ('36237686', '18');
INSERT INTO stop (busstop, service) VALUES ('36237686', '45');
INSERT INTO busstop (sms, name, x, y) VALUES ('36239584', 'George Watsons', '55.931522369385', '-3.2172958850861');
INSERT INTO stop (busstop, service) VALUES ('36239584', '45');
INSERT INTO busstop (sms, name, x, y) VALUES ('36242785', 'Kings Buildings', '55.923393249512', '-3.1713509559631');
INSERT INTO stop (busstop, service) VALUES ('36242785', '67');
INSERT INTO busstop (sms, name, x, y) VALUES ('36236798', 'Saughton House', '55.931304931641', '-3.2770578861237');
INSERT INTO stop (busstop, service) VALUES ('36236798', '2');
INSERT INTO stop (busstop, service) VALUES ('36236798', '22');
INSERT INTO stop (busstop, service) VALUES ('36236798', 'N22');
INSERT INTO busstop (sms, name, x, y) VALUES ('36232892', 'London Road', '55.958251953125', '-3.172082901001');
INSERT INTO stop (busstop, service) VALUES ('36232892', '1');
INSERT INTO stop (busstop, service) VALUES ('36232892', '35');
INSERT INTO busstop (sms, name, x, y) VALUES ('36232897', 'Academy Park', '55.968078613281', '-3.1686470508575');
INSERT INTO stop (busstop, service) VALUES ('36232897', '1');
INSERT INTO stop (busstop, service) VALUES ('36232897', '35');
INSERT INTO busstop (sms, name, x, y) VALUES ('36232896', 'Easter Road', '55.966178894043', '-3.1702399253845');
INSERT INTO stop (busstop, service) VALUES ('36232896', '1');
INSERT INTO stop (busstop, service) VALUES ('36232896', '35');
INSERT INTO busstop (sms, name, x, y) VALUES ('36232895', 'Dalmeny Street', '55.964195251465', '-3.1706609725952');
INSERT INTO stop (busstop, service) VALUES ('36232895', '1');
INSERT INTO stop (busstop, service) VALUES ('36232895', '35');
INSERT INTO busstop (sms, name, x, y) VALUES ('36232894', 'Albert Street', '55.96293258667', '-3.1711030006409');
INSERT INTO stop (busstop, service) VALUES ('36232894', '1');
INSERT INTO stop (busstop, service) VALUES ('36232894', '35');
INSERT INTO busstop (sms, name, x, y) VALUES ('36236792', 'Forester Park Av', '55.933193206787', '-3.2878940105438');
INSERT INTO stop (busstop, service) VALUES ('36236792', '12');
INSERT INTO stop (busstop, service) VALUES ('36236792', '21');
INSERT INTO stop (busstop, service) VALUES ('36236792', '32');
INSERT INTO busstop (sms, name, x, y) VALUES ('36232898', 'Vanburgh Place', '55.969226837158', '-3.1661341190338');
INSERT INTO stop (busstop, service) VALUES ('36232898', '12');
INSERT INTO stop (busstop, service) VALUES ('36232898', '21');
INSERT INTO stop (busstop, service) VALUES ('36232898', '25');
INSERT INTO stop (busstop, service) VALUES ('36232898', 'N25');
INSERT INTO busstop (sms, name, x, y) VALUES ('36236794', 'Broomhouse Avenu', '55.930282592773', '-3.2843720912933');
INSERT INTO stop (busstop, service) VALUES ('36236794', '2');
INSERT INTO stop (busstop, service) VALUES ('36236794', '22');
INSERT INTO stop (busstop, service) VALUES ('36236794', 'N22');
INSERT INTO busstop (sms, name, x, y) VALUES ('36236795', 'Broomhouse Avenu', '55.930465698242', '-3.2833530902863');
INSERT INTO stop (busstop, service) VALUES ('36236795', '2');
INSERT INTO stop (busstop, service) VALUES ('36236795', '22');
INSERT INTO stop (busstop, service) VALUES ('36236795', 'N22');
INSERT INTO busstop (sms, name, x, y) VALUES ('36236796', 'Broomhouse Garde', '55.93111038208', '-3.2808129787445');
INSERT INTO stop (busstop, service) VALUES ('36236796', '2');
INSERT INTO stop (busstop, service) VALUES ('36236796', '22');
INSERT INTO stop (busstop, service) VALUES ('36236796', 'N22');
INSERT INTO busstop (sms, name, x, y) VALUES ('36236797', 'Saughton House', '55.931427001953', '-3.2773659229279');
INSERT INTO stop (busstop, service) VALUES ('36236797', '2');
INSERT INTO stop (busstop, service) VALUES ('36236797', '22');
INSERT INTO stop (busstop, service) VALUES ('36236797', 'N22');
INSERT INTO busstop (sms, name, x, y) VALUES ('36242782', 'Fruitmarket Gall', '55.95125579834', '-3.1894879341125');
INSERT INTO stop (busstop, service) VALUES ('36242782', '36');
INSERT INTO busstop (sms, name, x, y) VALUES ('58232349', 'Inchview', '55.956218719482', '-2.9947159290314');
INSERT INTO stop (busstop, service) VALUES ('58232349', '26');
INSERT INTO stop (busstop, service) VALUES ('58232349', 'X26');
INSERT INTO stop (busstop, service) VALUES ('58232349', 'N26');
INSERT INTO busstop (sms, name, x, y) VALUES ('36232458', 'Bughtlin Drive', '55.951717376709', '-3.3073740005493');
INSERT INTO stop (busstop, service) VALUES ('36232458', '31');
INSERT INTO busstop (sms, name, x, y) VALUES ('64323798', 'New Pentland', '55.879779815674', '-3.1701970100403');
INSERT INTO stop (busstop, service) VALUES ('64323798', '47');
INSERT INTO stop (busstop, service) VALUES ('64323798', 'X47');
INSERT INTO stop (busstop, service) VALUES ('64323798', '67');
INSERT INTO busstop (sms, name, x, y) VALUES ('36237825', 'Oxgangs Terrace', '55.908622741699', '-3.2295680046082');
INSERT INTO stop (busstop, service) VALUES ('36237825', '4');
INSERT INTO stop (busstop, service) VALUES ('36237825', '18');
INSERT INTO stop (busstop, service) VALUES ('36237825', '27');
INSERT INTO busstop (sms, name, x, y) VALUES ('36237824', 'Oxgangs Terrace', '55.908653259277', '-3.2292010784149');
INSERT INTO stop (busstop, service) VALUES ('36237824', '4');
INSERT INTO stop (busstop, service) VALUES ('36237824', '18');
INSERT INTO stop (busstop, service) VALUES ('36237824', '27');
INSERT INTO busstop (sms, name, x, y) VALUES ('36237827', 'Oxgangs Library', '55.905239105225', '-3.2237660884857');
INSERT INTO stop (busstop, service) VALUES ('36237827', '4');
INSERT INTO stop (busstop, service) VALUES ('36237827', '16');
INSERT INTO stop (busstop, service) VALUES ('36237827', '18');
INSERT INTO stop (busstop, service) VALUES ('36237827', '27');
INSERT INTO stop (busstop, service) VALUES ('36237827', 'N16');
INSERT INTO busstop (sms, name, x, y) VALUES ('36237826', 'Oxgangs Avenue', '55.907051086426', '-3.2266390323639');
INSERT INTO stop (busstop, service) VALUES ('36237826', '4');
INSERT INTO stop (busstop, service) VALUES ('36237826', '5');
INSERT INTO stop (busstop, service) VALUES ('36237826', '16');
INSERT INTO stop (busstop, service) VALUES ('36237826', '18');
INSERT INTO stop (busstop, service) VALUES ('36237826', '27');
INSERT INTO stop (busstop, service) VALUES ('36237826', 'N16');
INSERT INTO busstop (sms, name, x, y) VALUES ('36237823', 'Colinton Mains R', '55.909618377686', '-3.2332470417023');
INSERT INTO stop (busstop, service) VALUES ('36237823', '4');
INSERT INTO stop (busstop, service) VALUES ('36237823', '18');
INSERT INTO stop (busstop, service) VALUES ('36237823', '27');
INSERT INTO busstop (sms, name, x, y) VALUES ('36237829', 'Cockit Hat', '55.904487609863', '-3.2231509685516');
INSERT INTO stop (busstop, service) VALUES ('36237829', '4');
INSERT INTO stop (busstop, service) VALUES ('36237829', '16');
INSERT INTO stop (busstop, service) VALUES ('36237829', '18');
INSERT INTO stop (busstop, service) VALUES ('36237829', '27');
INSERT INTO stop (busstop, service) VALUES ('36237829', 'N16');
INSERT INTO busstop (sms, name, x, y) VALUES ('36237828', 'Oxgangs Library', '55.9055519104', '-3.2245280742645');
INSERT INTO stop (busstop, service) VALUES ('36237828', '4');
INSERT INTO stop (busstop, service) VALUES ('36237828', '5');
INSERT INTO stop (busstop, service) VALUES ('36237828', '16');
INSERT INTO stop (busstop, service) VALUES ('36237828', '18');
INSERT INTO stop (busstop, service) VALUES ('36237828', '27');
INSERT INTO stop (busstop, service) VALUES ('36237828', 'N16');
INSERT INTO busstop (sms, name, x, y) VALUES ('36235683', 'Pilrig', '55.962844848633', '-3.1787579059601');
INSERT INTO stop (busstop, service) VALUES ('36235683', '7');
INSERT INTO stop (busstop, service) VALUES ('36235683', '10');
INSERT INTO stop (busstop, service) VALUES ('36235683', '11');
INSERT INTO stop (busstop, service) VALUES ('36235683', '12');
INSERT INTO stop (busstop, service) VALUES ('36235683', '14');
INSERT INTO stop (busstop, service) VALUES ('36235683', '16');
INSERT INTO stop (busstop, service) VALUES ('36235683', '22');
INSERT INTO stop (busstop, service) VALUES ('36235683', '25');
INSERT INTO stop (busstop, service) VALUES ('36235683', '49');
INSERT INTO stop (busstop, service) VALUES ('36235683', 'N22');
INSERT INTO stop (busstop, service) VALUES ('36235683', 'N25');
INSERT INTO busstop (sms, name, x, y) VALUES ('36235682', 'Lochend Drive', '55.9612159729', '-3.1521489620209');
INSERT INTO stop (busstop, service) VALUES ('36235682', '19');
INSERT INTO stop (busstop, service) VALUES ('36235682', '34');
INSERT INTO stop (busstop, service) VALUES ('36235682', '42');
INSERT INTO busstop (sms, name, x, y) VALUES ('36238264', 'Royston Primary', '55.97546005249', '-3.2345879077911');
INSERT INTO stop (busstop, service) VALUES ('36238264', '14');
INSERT INTO stop (busstop, service) VALUES ('36238264', '19');
INSERT INTO busstop (sms, name, x, y) VALUES ('36235687', 'Rodney Street', '55.961982727051', '-3.195424079895');
INSERT INTO stop (busstop, service) VALUES ('36235687', '8');
INSERT INTO stop (busstop, service) VALUES ('36235687', 'N8');
INSERT INTO busstop (sms, name, x, y) VALUES ('36235686', 'Rodney Place', '55.962154388428', '-3.1962299346924');
INSERT INTO stop (busstop, service) VALUES ('36235686', '8');
INSERT INTO stop (busstop, service) VALUES ('36235686', '27');
INSERT INTO stop (busstop, service) VALUES ('36235686', 'N8');
INSERT INTO busstop (sms, name, x, y) VALUES ('36235685', 'Logie Green Road', '55.963333129883', '-3.1951448917389');
INSERT INTO stop (busstop, service) VALUES ('36235685', '36');
INSERT INTO busstop (sms, name, x, y) VALUES ('36235684', 'Shrubhill', '55.961971282959', '-3.1798689365387');
INSERT INTO stop (busstop, service) VALUES ('36235684', '7');
INSERT INTO stop (busstop, service) VALUES ('36235684', '10');
INSERT INTO stop (busstop, service) VALUES ('36235684', '11');
INSERT INTO stop (busstop, service) VALUES ('36235684', '12');
INSERT INTO stop (busstop, service) VALUES ('36235684', '14');
INSERT INTO stop (busstop, service) VALUES ('36235684', '16');
INSERT INTO stop (busstop, service) VALUES ('36235684', '22');
INSERT INTO stop (busstop, service) VALUES ('36235684', '25');
INSERT INTO stop (busstop, service) VALUES ('36235684', '49');
INSERT INTO stop (busstop, service) VALUES ('36235684', 'N22');
INSERT INTO stop (busstop, service) VALUES ('36235684', 'N25');
INSERT INTO busstop (sms, name, x, y) VALUES ('36246767', 'Liberton Place', '55.911590576172', '-3.163428068161');
INSERT INTO stop (busstop, service) VALUES ('36246767', '7');
INSERT INTO stop (busstop, service) VALUES ('36246767', '37');
INSERT INTO stop (busstop, service) VALUES ('36246767', '47');
INSERT INTO stop (busstop, service) VALUES ('36246767', '67');
INSERT INTO stop (busstop, service) VALUES ('36246767', 'N37');
INSERT INTO busstop (sms, name, x, y) VALUES ('36235689', 'Bellevue', '55.960922241211', '-3.1934690475464');
INSERT INTO stop (busstop, service) VALUES ('36235689', '8');
INSERT INTO stop (busstop, service) VALUES ('36235689', '27');
INSERT INTO stop (busstop, service) VALUES ('36235689', 'N8');
INSERT INTO busstop (sms, name, x, y) VALUES ('64323293', 'Park Road', '55.877258300781', '-3.1076231002808');
INSERT INTO stop (busstop, service) VALUES ('64323293', '31');
INSERT INTO stop (busstop, service) VALUES ('64323293', 'X31');
INSERT INTO stop (busstop, service) VALUES ('64323293', 'N31');
INSERT INTO busstop (sms, name, x, y) VALUES ('36237647', 'Muirhouse Loan', '55.972015380859', '-3.2590429782867');
INSERT INTO stop (busstop, service) VALUES ('36237647', '37');
INSERT INTO stop (busstop, service) VALUES ('36237647', 'N37');
INSERT INTO busstop (sms, name, x, y) VALUES ('36238268', 'Pilrig Street', '55.968738555908', '-3.1850581169128');
INSERT INTO stop (busstop, service) VALUES ('36238268', '36');
INSERT INTO busstop (sms, name, x, y) VALUES ('64323797', 'McNeil Avenue', '55.87633895874', '-3.1585850715637');
INSERT INTO stop (busstop, service) VALUES ('64323797', '37');
INSERT INTO stop (busstop, service) VALUES ('64323797', 'N37');
INSERT INTO busstop (sms, name, x, y) VALUES ('36248746', 'Saltire Square', '55.98067855835', '-3.2365810871124');
INSERT INTO stop (busstop, service) VALUES ('36248746', '38');
INSERT INTO stop (busstop, service) VALUES ('36248746', '47');
INSERT INTO stop (busstop, service) VALUES ('36248746', 'X47');
INSERT INTO busstop (sms, name, x, y) VALUES ('36236738', 'Wilkieston Road', '55.920524597168', '-3.3886580467224');
INSERT INTO stop (busstop, service) VALUES ('36236738', '48');
INSERT INTO stop (busstop, service) VALUES ('36236738', 'X48');
INSERT INTO busstop (sms, name, x, y) VALUES ('64323292', 'Park Road', '55.876369476318', '-3.1067979335785');
INSERT INTO stop (busstop, service) VALUES ('64323292', '31');
INSERT INTO stop (busstop, service) VALUES ('64323292', 'X31');
INSERT INTO stop (busstop, service) VALUES ('64323292', 'N31');
INSERT INTO busstop (sms, name, x, y) VALUES ('36237642', 'Columba Avenue', '55.959415435791', '-3.2545969486237');
INSERT INTO stop (busstop, service) VALUES ('36237642', '41');
INSERT INTO stop (busstop, service) VALUES ('36237642', '42');
INSERT INTO busstop (sms, name, x, y) VALUES ('58232846', 'Stoneybank Cresc', '55.934646606445', '-3.0631411075592');
INSERT INTO stop (busstop, service) VALUES ('58232846', '30');
INSERT INTO stop (busstop, service) VALUES ('58232846', 'N30');
INSERT INTO busstop (sms, name, x, y) VALUES ('36236457', 'Brougham Street', '55.943340301514', '-3.2024710178375');
INSERT INTO stop (busstop, service) VALUES ('36236457', '24');
INSERT INTO busstop (sms, name, x, y) VALUES ('36234784', 'East Preston Str', '55.938766479492', '-3.1790189743042');
INSERT INTO stop (busstop, service) VALUES ('36234784', '3');
INSERT INTO stop (busstop, service) VALUES ('36234784', '3A');
INSERT INTO stop (busstop, service) VALUES ('36234784', '5');
INSERT INTO stop (busstop, service) VALUES ('36234784', '7');
INSERT INTO stop (busstop, service) VALUES ('36234784', '8');
INSERT INTO stop (busstop, service) VALUES ('36234784', '29');
INSERT INTO stop (busstop, service) VALUES ('36234784', '31');
INSERT INTO stop (busstop, service) VALUES ('36234784', '37');
INSERT INTO stop (busstop, service) VALUES ('36234784', '47');
INSERT INTO stop (busstop, service) VALUES ('36234784', 'X47');
INSERT INTO stop (busstop, service) VALUES ('36234784', '49');
INSERT INTO stop (busstop, service) VALUES ('36234784', 'N3');
INSERT INTO stop (busstop, service) VALUES ('36234784', 'N31');
INSERT INTO stop (busstop, service) VALUES ('36234784', 'N37');
INSERT INTO busstop (sms, name, x, y) VALUES ('58232840', 'Stoneybank Grove', '55.933403015137', '-3.0617139339447');
INSERT INTO stop (busstop, service) VALUES ('58232840', '30');
INSERT INTO busstop (sms, name, x, y) VALUES ('36234786', 'Salisbury Place', '55.937740325928', '-3.1783480644226');
INSERT INTO stop (busstop, service) VALUES ('36234786', '3');
INSERT INTO stop (busstop, service) VALUES ('36234786', '3A');
INSERT INTO stop (busstop, service) VALUES ('36234786', '5');
INSERT INTO stop (busstop, service) VALUES ('36234786', '7');
INSERT INTO stop (busstop, service) VALUES ('36234786', '8');
INSERT INTO stop (busstop, service) VALUES ('36234786', '29');
INSERT INTO stop (busstop, service) VALUES ('36234786', '31');
INSERT INTO stop (busstop, service) VALUES ('36234786', '37');
INSERT INTO stop (busstop, service) VALUES ('36234786', '47');
INSERT INTO stop (busstop, service) VALUES ('36234786', 'X47');
INSERT INTO stop (busstop, service) VALUES ('36234786', '49');
INSERT INTO stop (busstop, service) VALUES ('36234786', 'N3');
INSERT INTO stop (busstop, service) VALUES ('36234786', 'N31');
INSERT INTO stop (busstop, service) VALUES ('36234786', 'N37');
INSERT INTO busstop (sms, name, x, y) VALUES ('58232842', 'Denholm Drive', '55.934299468994', '-3.0709590911865');
INSERT INTO stop (busstop, service) VALUES ('58232842', '30');
INSERT INTO stop (busstop, service) VALUES ('58232842', '45');
INSERT INTO stop (busstop, service) VALUES ('58232842', 'N30');
INSERT INTO busstop (sms, name, x, y) VALUES ('36246742', 'Port Hamilton', '55.943572998047', '-3.208163022995');
INSERT INTO stop (busstop, service) VALUES ('36246742', '1');
INSERT INTO stop (busstop, service) VALUES ('36246742', '34');
INSERT INTO stop (busstop, service) VALUES ('36246742', '35');
INSERT INTO busstop (sms, name, x, y) VALUES ('36235475', 'Learmonth Grove', '55.959300994873', '-3.2214510440826');
INSERT INTO stop (busstop, service) VALUES ('36235475', '24');
INSERT INTO stop (busstop, service) VALUES ('36235475', '29');
INSERT INTO stop (busstop, service) VALUES ('36235475', 'X29');
INSERT INTO stop (busstop, service) VALUES ('36235475', '42');
INSERT INTO busstop (sms, name, x, y) VALUES ('58232843', 'Mucklets Avenue', '55.934120178223', '-3.0689051151276');
INSERT INTO stop (busstop, service) VALUES ('58232843', '30');
INSERT INTO stop (busstop, service) VALUES ('58232843', 'N30');
INSERT INTO busstop (sms, name, x, y) VALUES ('58232345', 'Burns yard', '55.954044342041', '-3.0001220703125');
INSERT INTO stop (busstop, service) VALUES ('58232345', '26');
INSERT INTO stop (busstop, service) VALUES ('58232345', 'X26');
INSERT INTO stop (busstop, service) VALUES ('58232345', 'N26');
INSERT INTO busstop (sms, name, x, y) VALUES ('58232863', 'Olive Bank Road', '55.941474914551', '-3.0663220882416');
INSERT INTO stop (busstop, service) VALUES ('58232863', '30');
INSERT INTO busstop (sms, name, x, y) VALUES ('58232925', 'Tranent Co-op', '55.942970275879', '-2.9470319747925');
INSERT INTO stop (busstop, service) VALUES ('58232925', '26');
INSERT INTO busstop (sms, name, x, y) VALUES ('36235452', 'Craigmillar Cast', '55.920909881592', '-3.14328789711');
INSERT INTO stop (busstop, service) VALUES ('36235452', '21');
INSERT INTO stop (busstop, service) VALUES ('36235452', '24');
INSERT INTO stop (busstop, service) VALUES ('36235452', '33');
INSERT INTO stop (busstop, service) VALUES ('36235452', '38');
INSERT INTO stop (busstop, service) VALUES ('36235452', '48');
INSERT INTO stop (busstop, service) VALUES ('36235452', '49');
INSERT INTO busstop (sms, name, x, y) VALUES ('36235453', 'Kirklands', '55.921768188477', '-3.1474900245667');
INSERT INTO stop (busstop, service) VALUES ('36235453', '21');
INSERT INTO stop (busstop, service) VALUES ('36235453', '24');
INSERT INTO stop (busstop, service) VALUES ('36235453', '33');
INSERT INTO stop (busstop, service) VALUES ('36235453', '38');
INSERT INTO stop (busstop, service) VALUES ('36235453', '48');
INSERT INTO stop (busstop, service) VALUES ('36235453', '49');
INSERT INTO busstop (sms, name, x, y) VALUES ('36238682', 'Ashley Terrace', '55.930759429932', '-3.2260749340057');
INSERT INTO stop (busstop, service) VALUES ('36238682', '10');
INSERT INTO stop (busstop, service) VALUES ('36238682', '27');
INSERT INTO busstop (sms, name, x, y) VALUES ('36238683', 'Polwarth Church', '55.933979034424', '-3.2232320308685');
INSERT INTO stop (busstop, service) VALUES ('36238683', '10');
INSERT INTO stop (busstop, service) VALUES ('36238683', '27');
INSERT INTO busstop (sms, name, x, y) VALUES ('36238684', 'Polwarth Parish', '55.934257507324', '-3.2231600284576');
INSERT INTO stop (busstop, service) VALUES ('36238684', '10');
INSERT INTO stop (busstop, service) VALUES ('36238684', '27');
INSERT INTO busstop (sms, name, x, y) VALUES ('36238685', 'Marshall Street', '55.945201873779', '-3.1864850521088');
INSERT INTO stop (busstop, service) VALUES ('36238685', '41');
INSERT INTO stop (busstop, service) VALUES ('36238685', '42');
INSERT INTO stop (busstop, service) VALUES ('36238685', '67');
INSERT INTO busstop (sms, name, x, y) VALUES ('36235454', 'Walter Scott Ave', '55.923919677734', '-3.1508181095123');
INSERT INTO stop (busstop, service) VALUES ('36235454', '21');
INSERT INTO stop (busstop, service) VALUES ('36235454', '24');
INSERT INTO stop (busstop, service) VALUES ('36235454', '33');
INSERT INTO stop (busstop, service) VALUES ('36235454', '38');
INSERT INTO stop (busstop, service) VALUES ('36235454', '48');
INSERT INTO stop (busstop, service) VALUES ('36235454', 'X48');
INSERT INTO stop (busstop, service) VALUES ('36235454', '49');
INSERT INTO busstop (sms, name, x, y) VALUES ('36238689', 'Myrtle Bank', '55.96374130249', '-3.2735450267792');
INSERT INTO stop (busstop, service) VALUES ('36238689', '21');
INSERT INTO stop (busstop, service) VALUES ('36238689', '41');
INSERT INTO busstop (sms, name, x, y) VALUES ('36235458', 'Pilton Drive Nor', '55.976669311523', '-3.2307159900665');
INSERT INTO stop (busstop, service) VALUES ('36235458', '8');
INSERT INTO stop (busstop, service) VALUES ('36235458', 'N8');
INSERT INTO busstop (sms, name, x, y) VALUES ('36235459', 'Granton Primary', '55.975715637207', '-3.2272250652313');
INSERT INTO stop (busstop, service) VALUES ('36235459', '8');
INSERT INTO stop (busstop, service) VALUES ('36235459', '14');
INSERT INTO stop (busstop, service) VALUES ('36235459', '19');
INSERT INTO stop (busstop, service) VALUES ('36235459', 'N8');
INSERT INTO busstop (sms, name, x, y) VALUES ('36248232', 'Newhailes Garden', '55.936592102051', '-3.0862789154053');
INSERT INTO stop (busstop, service) VALUES ('36248232', '30');
INSERT INTO stop (busstop, service) VALUES ('36248232', 'N30');
INSERT INTO busstop (sms, name, x, y) VALUES ('58232929', 'Limeylands Cres', '55.910694122314', '-2.9458780288696');
INSERT INTO stop (busstop, service) VALUES ('58232929', '44');
INSERT INTO busstop (sms, name, x, y) VALUES ('36232857', 'Teford Drive', '55.961833953857', '-3.2414269447327');
INSERT INTO stop (busstop, service) VALUES ('36232857', '24');
INSERT INTO busstop (sms, name, x, y) VALUES ('58232928', 'post office', '55.913024902344', '-2.939759016037');
INSERT INTO stop (busstop, service) VALUES ('58232928', '44');
INSERT INTO busstop (sms, name, x, y) VALUES ('36232853', 'Gregor Drive', '55.967346191406', '-3.2372460365295');
INSERT INTO stop (busstop, service) VALUES ('36232853', '24');
INSERT INTO busstop (sms, name, x, y) VALUES ('58234678', 'Turning Circle', '55.910751342773', '-2.873584985733');
INSERT INTO stop (busstop, service) VALUES ('58234678', '44');
INSERT INTO busstop (sms, name, x, y) VALUES ('58234675', 'junction to A609', '55.906078338623', '-2.937607049942');
INSERT INTO stop (busstop, service) VALUES ('58234675', '44');
INSERT INTO busstop (sms, name, x, y) VALUES ('58234674', 'Limeylands Cresc', '55.910659790039', '-2.9457490444183');
INSERT INTO stop (busstop, service) VALUES ('58234674', '44');
INSERT INTO busstop (sms, name, x, y) VALUES ('58234676', 'Limekilns', '55.91092300415', '-2.8788690567017');
INSERT INTO stop (busstop, service) VALUES ('58234676', '44');
INSERT INTO busstop (sms, name, x, y) VALUES ('36235856', 'Royal Victoria H', '55.957210540771', '-3.2329180240631');
INSERT INTO stop (busstop, service) VALUES ('36235856', '38');
INSERT INTO stop (busstop, service) VALUES ('36235856', '42');
INSERT INTO busstop (sms, name, x, y) VALUES ('36235857', 'Craigleith Hill', '55.956439971924', '-3.2378590106964');
INSERT INTO stop (busstop, service) VALUES ('36235857', '38');
INSERT INTO stop (busstop, service) VALUES ('36235857', '42');
INSERT INTO busstop (sms, name, x, y) VALUES ('36235854', 'Orchard Place', '55.957874298096', '-3.2294149398804');
INSERT INTO stop (busstop, service) VALUES ('36235854', '38');
INSERT INTO stop (busstop, service) VALUES ('36235854', '42');
INSERT INTO busstop (sms, name, x, y) VALUES ('36235852', 'Royal Victoria H', '55.95715713501', '-3.2345180511475');
INSERT INTO stop (busstop, service) VALUES ('36235852', '38');
INSERT INTO stop (busstop, service) VALUES ('36235852', '42');
INSERT INTO busstop (sms, name, x, y) VALUES ('36232859', 'Drylaw Avenue', '55.960704803467', '-3.2482628822327');
INSERT INTO stop (busstop, service) VALUES ('36232859', '32');
INSERT INTO stop (busstop, service) VALUES ('36232859', '42');
INSERT INTO busstop (sms, name, x, y) VALUES ('36235858', 'Roull Road', '55.935974121094', '-3.2790529727936');
INSERT INTO stop (busstop, service) VALUES ('36235858', '1');
INSERT INTO busstop (sms, name, x, y) VALUES ('36235859', 'Castle Avenue', '55.938491821289', '-3.280464887619');
INSERT INTO stop (busstop, service) VALUES ('36235859', '1');
INSERT INTO busstop (sms, name, x, y) VALUES ('64324376', 'Wilson Street', '55.829257965088', '-3.223119020462');
INSERT INTO stop (busstop, service) VALUES ('64324376', '15');
INSERT INTO stop (busstop, service) VALUES ('64324376', '15A');
INSERT INTO stop (busstop, service) VALUES ('64324376', '37');
INSERT INTO stop (busstop, service) VALUES ('64324376', '47');
INSERT INTO stop (busstop, service) VALUES ('64324376', 'X47');
INSERT INTO busstop (sms, name, x, y) VALUES ('64324375', 'Strathesk Road', '55.834144592285', '-3.2106590270996');
INSERT INTO stop (busstop, service) VALUES ('64324375', '37');
INSERT INTO stop (busstop, service) VALUES ('64324375', '47');
INSERT INTO stop (busstop, service) VALUES ('64324375', 'N37');
INSERT INTO busstop (sms, name, x, y) VALUES ('64324374', 'Town Centre', '55.827838897705', '-3.2215259075165');
INSERT INTO stop (busstop, service) VALUES ('64324374', '15');
INSERT INTO stop (busstop, service) VALUES ('64324374', '15A');
INSERT INTO stop (busstop, service) VALUES ('64324374', '37');
INSERT INTO stop (busstop, service) VALUES ('64324374', '47');
INSERT INTO stop (busstop, service) VALUES ('64324374', 'X47');
INSERT INTO stop (busstop, service) VALUES ('64324374', 'N37');
INSERT INTO busstop (sms, name, x, y) VALUES ('64324373', 'Town Centre Term', '55.827960968018', '-3.2216420173645');
INSERT INTO stop (busstop, service) VALUES ('64324373', '15');
INSERT INTO stop (busstop, service) VALUES ('64324373', '15A');
INSERT INTO stop (busstop, service) VALUES ('64324373', '37');
INSERT INTO stop (busstop, service) VALUES ('64324373', '47');
INSERT INTO stop (busstop, service) VALUES ('64324373', 'X47');
INSERT INTO busstop (sms, name, x, y) VALUES ('64324372', 'Samoa Terrace', '55.842876434326', '-3.2091739177704');
INSERT INTO stop (busstop, service) VALUES ('64324372', '15');
INSERT INTO stop (busstop, service) VALUES ('64324372', '15A');
INSERT INTO stop (busstop, service) VALUES ('64324372', '37');
INSERT INTO stop (busstop, service) VALUES ('64324372', '47');
INSERT INTO stop (busstop, service) VALUES ('64324372', 'X47');
INSERT INTO stop (busstop, service) VALUES ('64324372', 'N37');
INSERT INTO busstop (sms, name, x, y) VALUES ('58232747', 'Church Street', '55.948551177979', '-2.9565200805664');
INSERT INTO stop (busstop, service) VALUES ('58232747', '26');
INSERT INTO busstop (sms, name, x, y) VALUES ('64324379', 'Windsor Road', '55.831985473633', '-3.2110710144043');
INSERT INTO stop (busstop, service) VALUES ('64324379', '37');
INSERT INTO stop (busstop, service) VALUES ('64324379', '47');
INSERT INTO stop (busstop, service) VALUES ('64324379', 'N37');
INSERT INTO busstop (sms, name, x, y) VALUES ('64324378', 'Wilson Street', '55.828720092773', '-3.2231030464172');
INSERT INTO stop (busstop, service) VALUES ('64324378', '15');
INSERT INTO stop (busstop, service) VALUES ('64324378', '15A');
INSERT INTO stop (busstop, service) VALUES ('64324378', '37');
INSERT INTO stop (busstop, service) VALUES ('64324378', '47');
INSERT INTO stop (busstop, service) VALUES ('64324378', 'X47');
INSERT INTO stop (busstop, service) VALUES ('64324378', 'N37');
INSERT INTO busstop (sms, name, x, y) VALUES ('58232745', 'Tranent Cemetery', '55.950805664062', '-2.955295085907');
INSERT INTO stop (busstop, service) VALUES ('58232745', '26');
INSERT INTO busstop (sms, name, x, y) VALUES ('64323764', 'Dryden Road', '55.874809265137', '-3.1684489250183');
INSERT INTO stop (busstop, service) VALUES ('64323764', '37');
INSERT INTO stop (busstop, service) VALUES ('64323764', 'N37');
INSERT INTO busstop (sms, name, x, y) VALUES ('36234323', 'Portobello Cemet', '55.945541381836', '-3.0914769172668');
INSERT INTO stop (busstop, service) VALUES ('36234323', '44');
INSERT INTO stop (busstop, service) VALUES ('36234323', '44A');
INSERT INTO stop (busstop, service) VALUES ('36234323', '45');
INSERT INTO stop (busstop, service) VALUES ('36234323', 'N44');
INSERT INTO busstop (sms, name, x, y) VALUES ('36234327', 'Brunstane', '55.944469451904', '-3.1008460521698');
INSERT INTO stop (busstop, service) VALUES ('36234327', '44');
INSERT INTO stop (busstop, service) VALUES ('36234327', '45');
INSERT INTO stop (busstop, service) VALUES ('36234327', 'N44');
INSERT INTO busstop (sms, name, x, y) VALUES ('36234325', 'Jewel & Esk Coll', '55.944381713867', '-3.0995779037476');
INSERT INTO stop (busstop, service) VALUES ('36234325', '44');
INSERT INTO stop (busstop, service) VALUES ('36234325', '44A');
INSERT INTO stop (busstop, service) VALUES ('36234325', '45');
INSERT INTO stop (busstop, service) VALUES ('36234325', 'N44');
INSERT INTO busstop (sms, name, x, y) VALUES ('36234324', 'Brunstane Bank', '55.944919586182', '-3.0948700904846');
INSERT INTO stop (busstop, service) VALUES ('36234324', '44');
INSERT INTO stop (busstop, service) VALUES ('36234324', '44A');
INSERT INTO stop (busstop, service) VALUES ('36234324', '45');
INSERT INTO stop (busstop, service) VALUES ('36234324', 'N44');
INSERT INTO busstop (sms, name, x, y) VALUES ('36234329', 'Eastfield Juncti', '55.946723937988', '-3.0817739963531');
INSERT INTO stop (busstop, service) VALUES ('36234329', '44');
INSERT INTO stop (busstop, service) VALUES ('36234329', '45');
INSERT INTO stop (busstop, service) VALUES ('36234329', 'N44');
INSERT INTO busstop (sms, name, x, y) VALUES ('36234328', 'Jewel & Esk Coll', '55.944995880127', '-3.0953850746155');
INSERT INTO stop (busstop, service) VALUES ('36234328', '44');
INSERT INTO stop (busstop, service) VALUES ('36234328', '45');
INSERT INTO stop (busstop, service) VALUES ('36234328', 'N44');
INSERT INTO busstop (sms, name, x, y) VALUES ('36235896', 'Regent Terrace', '55.95369720459', '-3.1786720752716');
INSERT INTO stop (busstop, service) VALUES ('36235896', 'X26');
INSERT INTO busstop (sms, name, x, y) VALUES ('64324575', 'Wadingburn', '55.883338928223', '-3.1229190826416');
INSERT INTO stop (busstop, service) VALUES ('64324575', '31');
INSERT INTO stop (busstop, service) VALUES ('64324575', 'X31');
INSERT INTO stop (busstop, service) VALUES ('64324575', 'N31');
INSERT INTO busstop (sms, name, x, y) VALUES ('64324571', 'Tesco Hardengree', '55.882583618164', '-3.0850729942322');
INSERT INTO stop (busstop, service) VALUES ('64324571', '29');
INSERT INTO stop (busstop, service) VALUES ('64324571', '49');
INSERT INTO busstop (sms, name, x, y) VALUES ('64324572', 'Tesco Hardengree', '55.882583618164', '-3.0850729942322');
INSERT INTO stop (busstop, service) VALUES ('64324572', '29');
INSERT INTO stop (busstop, service) VALUES ('64324572', '49');
INSERT INTO busstop (sms, name, x, y) VALUES ('36232642', 'Coates Gardens', '55.94592666626', '-3.2215909957886');
INSERT INTO stop (busstop, service) VALUES ('36232642', '12');
INSERT INTO stop (busstop, service) VALUES ('36232642', '26');
INSERT INTO stop (busstop, service) VALUES ('36232642', '31');
INSERT INTO stop (busstop, service) VALUES ('36232642', '48');
INSERT INTO stop (busstop, service) VALUES ('36232642', 'N26');
INSERT INTO busstop (sms, name, x, y) VALUES ('36232643', 'Osborne Terrace', '55.945915222168', '-3.2248249053955');
INSERT INTO stop (busstop, service) VALUES ('36232643', '12');
INSERT INTO stop (busstop, service) VALUES ('36232643', '26');
INSERT INTO stop (busstop, service) VALUES ('36232643', '31');
INSERT INTO stop (busstop, service) VALUES ('36232643', '48');
INSERT INTO stop (busstop, service) VALUES ('36232643', 'N26');
INSERT INTO busstop (sms, name, x, y) VALUES ('36232646', 'Kew Terrace', '55.945625305176', '-3.2302279472351');
INSERT INTO stop (busstop, service) VALUES ('36232646', '12');
INSERT INTO stop (busstop, service) VALUES ('36232646', '26');
INSERT INTO stop (busstop, service) VALUES ('36232646', '31');
INSERT INTO stop (busstop, service) VALUES ('36232646', '48');
INSERT INTO stop (busstop, service) VALUES ('36232646', 'N26');
INSERT INTO busstop (sms, name, x, y) VALUES ('36232647', 'Murrayfield Aven', '55.945945739746', '-3.2362430095673');
INSERT INTO stop (busstop, service) VALUES ('36232647', '12');
INSERT INTO stop (busstop, service) VALUES ('36232647', '26');
INSERT INTO stop (busstop, service) VALUES ('36232647', 'X26');
INSERT INTO stop (busstop, service) VALUES ('36232647', '31');
INSERT INTO stop (busstop, service) VALUES ('36232647', '48');
INSERT INTO stop (busstop, service) VALUES ('36232647', 'N26');
INSERT INTO busstop (sms, name, x, y) VALUES ('36232645', 'Hampton Terrace', '55.945755004883', '-3.2281820774078');
INSERT INTO stop (busstop, service) VALUES ('36232645', '12');
INSERT INTO stop (busstop, service) VALUES ('36232645', '26');
INSERT INTO stop (busstop, service) VALUES ('36232645', '31');
INSERT INTO stop (busstop, service) VALUES ('36232645', '48');
INSERT INTO stop (busstop, service) VALUES ('36232645', '100');
INSERT INTO stop (busstop, service) VALUES ('36232645', 'N26');
INSERT INTO busstop (sms, name, x, y) VALUES ('36232648', 'Ormidale Terrace', '55.945560455322', '-3.2414989471436');
INSERT INTO stop (busstop, service) VALUES ('36232648', '12');
INSERT INTO stop (busstop, service) VALUES ('36232648', '26');
INSERT INTO stop (busstop, service) VALUES ('36232648', '31');
INSERT INTO stop (busstop, service) VALUES ('36232648', 'N26');
INSERT INTO busstop (sms, name, x, y) VALUES ('36232649', 'Riversdale Cresc', '55.945205688477', '-3.2453460693359');
INSERT INTO stop (busstop, service) VALUES ('36232649', '12');
INSERT INTO stop (busstop, service) VALUES ('36232649', '26');
INSERT INTO stop (busstop, service) VALUES ('36232649', 'X26');
INSERT INTO stop (busstop, service) VALUES ('36232649', '31');
INSERT INTO stop (busstop, service) VALUES ('36232649', '48');
INSERT INTO stop (busstop, service) VALUES ('36232649', 'N26');
INSERT INTO busstop (sms, name, x, y) VALUES ('64323258', 'Powdermill Brae', '55.838619232178', '-3.0463230609894');
INSERT INTO stop (busstop, service) VALUES ('64323258', '3');
INSERT INTO stop (busstop, service) VALUES ('64323258', '3A');
INSERT INTO stop (busstop, service) VALUES ('64323258', '29');
INSERT INTO stop (busstop, service) VALUES ('64323258', 'X29');
INSERT INTO stop (busstop, service) VALUES ('64323258', 'N3');
INSERT INTO busstop (sms, name, x, y) VALUES ('36234929', 'Westburn Gardens', '55.913928985596', '-3.2912230491638');
INSERT INTO stop (busstop, service) VALUES ('36234929', '33');
INSERT INTO stop (busstop, service) VALUES ('36234929', 'N30');
INSERT INTO busstop (sms, name, x, y) VALUES ('36234928', 'Calder Gardens', '55.919990539551', '-3.2900478839874');
INSERT INTO stop (busstop, service) VALUES ('36234928', '3');
INSERT INTO stop (busstop, service) VALUES ('36234928', '3A');
INSERT INTO stop (busstop, service) VALUES ('36234928', '18');
INSERT INTO stop (busstop, service) VALUES ('36234928', '20');
INSERT INTO stop (busstop, service) VALUES ('36234928', '21');
INSERT INTO stop (busstop, service) VALUES ('36234928', '32');
INSERT INTO busstop (sms, name, x, y) VALUES ('58232848', 'Mayfield Cresc', '55.933059692383', '-3.0607759952545');
INSERT INTO stop (busstop, service) VALUES ('58232848', '30');
INSERT INTO stop (busstop, service) VALUES ('58232848', 'N30');
INSERT INTO busstop (sms, name, x, y) VALUES ('58232849', 'Mayfield Crescen', '55.933303833008', '-3.0604469776154');
INSERT INTO stop (busstop, service) VALUES ('58232849', '30');
INSERT INTO stop (busstop, service) VALUES ('58232849', 'N30');
INSERT INTO busstop (sms, name, x, y) VALUES ('58232845', 'Whitehill Avenue', '55.934757232666', '-3.067225933075');
INSERT INTO stop (busstop, service) VALUES ('58232845', '30');
INSERT INTO stop (busstop, service) VALUES ('58232845', 'N30');
INSERT INTO busstop (sms, name, x, y) VALUES ('36234923', 'Calder Place', '55.919799804688', '-3.2908420562744');
INSERT INTO stop (busstop, service) VALUES ('36234923', '20');
INSERT INTO busstop (sms, name, x, y) VALUES ('58232847', 'Stoneybank Avenu', '55.935646057129', '-3.0637769699097');
INSERT INTO stop (busstop, service) VALUES ('58232847', '30');
INSERT INTO stop (busstop, service) VALUES ('58232847', 'N30');
INSERT INTO busstop (sms, name, x, y) VALUES ('36234925', 'Cobbinshaw House', '55.920261383057', '-3.2966339588165');
INSERT INTO stop (busstop, service) VALUES ('36234925', '20');
INSERT INTO busstop (sms, name, x, y) VALUES ('36234927', 'Calder Crescent', '55.919509887695', '-3.2989609241486');
INSERT INTO stop (busstop, service) VALUES ('36234927', '20');
INSERT INTO busstop (sms, name, x, y) VALUES ('36234926', 'Calder Park', '55.920955657959', '-3.2948169708252');
INSERT INTO stop (busstop, service) VALUES ('36234926', '20');
INSERT INTO busstop (sms, name, x, y) VALUES ('58232538', 'Sycamore Avenue', '55.966487884521', '-2.9500739574432');
INSERT INTO stop (busstop, service) VALUES ('58232538', 'X26');
INSERT INTO busstop (sms, name, x, y) VALUES ('58232539', 'Sycamore Avenue', '55.966842651367', '-2.9498579502106');
INSERT INTO stop (busstop, service) VALUES ('58232539', 'X26');
INSERT INTO stop (busstop, service) VALUES ('58232539', 'N26');
INSERT INTO busstop (sms, name, x, y) VALUES ('58232534', 'Johny Cope', '55.956581115723', '-2.9602899551392');
INSERT INTO stop (busstop, service) VALUES ('58232534', '26');
INSERT INTO stop (busstop, service) VALUES ('58232534', 'N26');
INSERT INTO busstop (sms, name, x, y) VALUES ('58232536', 'Rowanhall Drive', '55.965614318848', '-2.9541850090027');
INSERT INTO stop (busstop, service) VALUES ('58232536', 'X26');
INSERT INTO busstop (sms, name, x, y) VALUES ('58232537', 'Rowanhill Drive', '55.965827941895', '-2.9543509483337');
INSERT INTO stop (busstop, service) VALUES ('58232537', 'X26');
INSERT INTO stop (busstop, service) VALUES ('58232537', 'N26');
INSERT INTO busstop (sms, name, x, y) VALUES ('58232532', 'Johny Cope', '55.956214904785', '-2.9612419605255');
INSERT INTO stop (busstop, service) VALUES ('58232532', '26');
INSERT INTO busstop (sms, name, x, y) VALUES ('36239624', 'Firrhill High', '55.915603637695', '-3.2403171062469');
INSERT INTO stop (busstop, service) VALUES ('36239624', '4');
INSERT INTO stop (busstop, service) VALUES ('36239624', '10');
INSERT INTO stop (busstop, service) VALUES ('36239624', '27');
INSERT INTO stop (busstop, service) VALUES ('36239624', '45');
INSERT INTO busstop (sms, name, x, y) VALUES ('58232952', 'Beech Terrace', '55.909774780273', '-2.8998310565948');
INSERT INTO stop (busstop, service) VALUES ('58232952', '44');
INSERT INTO busstop (sms, name, x, y) VALUES ('58232953', 'Wolfstar Farm', '55.906635284424', '-2.9329659938812');
INSERT INTO stop (busstop, service) VALUES ('58232953', '44');
INSERT INTO busstop (sms, name, x, y) VALUES ('36232794', 'Muirhouse View', '55.973445892334', '-3.2641530036926');
INSERT INTO stop (busstop, service) VALUES ('36232794', '16');
INSERT INTO stop (busstop, service) VALUES ('36232794', '27');
INSERT INTO stop (busstop, service) VALUES ('36232794', '37');
INSERT INTO busstop (sms, name, x, y) VALUES ('36237367', 'Ferry Road', '55.973690032959', '-3.1887819766998');
INSERT INTO stop (busstop, service) VALUES ('36237367', '11');
INSERT INTO busstop (sms, name, x, y) VALUES ('36237364', 'Graham Street', '55.972640991211', '-3.1879489421844');
INSERT INTO stop (busstop, service) VALUES ('36237364', '11');
INSERT INTO busstop (sms, name, x, y) VALUES ('36237365', 'Pitt Street', '55.972793579102', '-3.1878418922424');
INSERT INTO stop (busstop, service) VALUES ('36237365', '11');
INSERT INTO busstop (sms, name, x, y) VALUES ('36237362', 'Elizafield', '55.970146179199', '-3.1863510608673');
INSERT INTO stop (busstop, service) VALUES ('36237362', '11');
INSERT INTO busstop (sms, name, x, y) VALUES ('36237363', 'Bonnington Bridg', '55.971744537354', '-3.1876330375671');
INSERT INTO stop (busstop, service) VALUES ('36237363', '11');
INSERT INTO busstop (sms, name, x, y) VALUES ('36232792', 'Silverknowes Pla', '55.972373962402', '-3.2711679935455');
INSERT INTO stop (busstop, service) VALUES ('36232792', '16');
INSERT INTO stop (busstop, service) VALUES ('36232792', '27');
INSERT INTO stop (busstop, service) VALUES ('36232792', '37');
INSERT INTO stop (busstop, service) VALUES ('36232792', '47');
INSERT INTO stop (busstop, service) VALUES ('36232792', 'N37');
INSERT INTO busstop (sms, name, x, y) VALUES ('36232793', 'Muirhouse Garden', '55.972995758057', '-3.2668459415436');
INSERT INTO stop (busstop, service) VALUES ('36232793', '16');
INSERT INTO stop (busstop, service) VALUES ('36232793', '27');
INSERT INTO stop (busstop, service) VALUES ('36232793', '37');
INSERT INTO busstop (sms, name, x, y) VALUES ('36253256', 'Market Street', '55.950389862061', '-3.1935129165649');
INSERT INTO stop (busstop, service) VALUES ('36253256', '41');
INSERT INTO stop (busstop, service) VALUES ('36253256', '42');
INSERT INTO stop (busstop, service) VALUES ('36253256', '67');
INSERT INTO busstop (sms, name, x, y) VALUES ('36237653', 'Fountainhall Roa', '55.932880401611', '-3.1774640083313');
INSERT INTO stop (busstop, service) VALUES ('36237653', '42');
INSERT INTO stop (busstop, service) VALUES ('36237653', '67');
INSERT INTO busstop (sms, name, x, y) VALUES ('36237368', 'Ferry Road', '55.974472045898', '-3.1897840499878');
INSERT INTO stop (busstop, service) VALUES ('36237368', '7');
INSERT INTO stop (busstop, service) VALUES ('36237368', '11');
INSERT INTO busstop (sms, name, x, y) VALUES ('36237369', 'Summerside Place', '55.975574493408', '-3.1909880638123');
INSERT INTO stop (busstop, service) VALUES ('36237369', '7');
INSERT INTO stop (busstop, service) VALUES ('36237369', '11');
INSERT INTO busstop (sms, name, x, y) VALUES ('36237548', 'Stewart Rd', '55.892044067383', '-3.3230528831482');
INSERT INTO stop (busstop, service) VALUES ('36237548', '44');
INSERT INTO stop (busstop, service) VALUES ('36237548', 'N44');
INSERT INTO busstop (sms, name, x, y) VALUES ('36237549', 'Stewart Road', '55.892730712891', '-3.3208379745483');
INSERT INTO stop (busstop, service) VALUES ('36237549', '25');
INSERT INTO stop (busstop, service) VALUES ('36237549', '44');
INSERT INTO stop (busstop, service) VALUES ('36237549', '44A');
INSERT INTO stop (busstop, service) VALUES ('36237549', 'N44');
INSERT INTO busstop (sms, name, x, y) VALUES ('36237546', 'Newmills Road', '55.890293121338', '-3.3295331001282');
INSERT INTO stop (busstop, service) VALUES ('36237546', '44');
INSERT INTO stop (busstop, service) VALUES ('36237546', 'N44');
INSERT INTO busstop (sms, name, x, y) VALUES ('36237547', 'Cherry Trees Cre', '55.891693115234', '-3.3240640163422');
INSERT INTO stop (busstop, service) VALUES ('36237547', '25');
INSERT INTO stop (busstop, service) VALUES ('36237547', '44');
INSERT INTO stop (busstop, service) VALUES ('36237547', '44A');
INSERT INTO stop (busstop, service) VALUES ('36237547', 'N44');
INSERT INTO busstop (sms, name, x, y) VALUES ('36237545', 'Newmills Road', '55.890167236328', '-3.3297049999237');
INSERT INTO stop (busstop, service) VALUES ('36237545', '25');
INSERT INTO stop (busstop, service) VALUES ('36237545', '44');
INSERT INTO stop (busstop, service) VALUES ('36237545', '44A');
INSERT INTO stop (busstop, service) VALUES ('36237545', 'N44');
INSERT INTO busstop (sms, name, x, y) VALUES ('36237542', 'Dolphin Avenue', '55.893882751465', '-3.316703081131');
INSERT INTO stop (busstop, service) VALUES ('36237542', '44');
INSERT INTO stop (busstop, service) VALUES ('36237542', 'N44');
INSERT INTO busstop (sms, name, x, y) VALUES ('36237543', 'Dolphin Avenue', '55.893455505371', '-3.3179039955139');
INSERT INTO stop (busstop, service) VALUES ('36237543', '25');
INSERT INTO stop (busstop, service) VALUES ('36237543', '44');
INSERT INTO stop (busstop, service) VALUES ('36237543', '44A');
INSERT INTO stop (busstop, service) VALUES ('36237543', 'N44');
INSERT INTO busstop (sms, name, x, y) VALUES ('64323589', 'Old Dalkeith Roa', '55.910659790039', '-3.1104938983917');
INSERT INTO stop (busstop, service) VALUES ('64323589', '48');
INSERT INTO stop (busstop, service) VALUES ('64323589', 'X48');
INSERT INTO stop (busstop, service) VALUES ('64323589', '49');
INSERT INTO busstop (sms, name, x, y) VALUES ('64323587', 'Old Dalkeith Roa', '55.910575866699', '-3.1098520755768');
INSERT INTO stop (busstop, service) VALUES ('64323587', '48');
INSERT INTO stop (busstop, service) VALUES ('64323587', 'X48');
INSERT INTO stop (busstop, service) VALUES ('64323587', '49');
INSERT INTO busstop (sms, name, x, y) VALUES ('36236765', 'Huntly House Mus', '55.95166015625', '-3.1790909767151');
INSERT INTO stop (busstop, service) VALUES ('36236765', '35');
INSERT INTO busstop (sms, name, x, y) VALUES ('36236764', 'Scottish Parliam', '55.952522277832', '-3.1756739616394');
INSERT INTO stop (busstop, service) VALUES ('36236764', '35');
INSERT INTO busstop (sms, name, x, y) VALUES ('36232428', 'A8 at RBS Gogar', '55.936531066895', '-3.3382570743561');
INSERT INTO stop (busstop, service) VALUES ('36232428', '35');
INSERT INTO stop (busstop, service) VALUES ('36232428', '48');
INSERT INTO stop (busstop, service) VALUES ('36232428', 'X48');
INSERT INTO stop (busstop, service) VALUES ('36232428', 'N22');
INSERT INTO busstop (sms, name, x, y) VALUES ('36232429', 'A8 at RBS Gogar', '55.938301086426', '-3.3298809528351');
INSERT INTO stop (busstop, service) VALUES ('36232429', '35');
INSERT INTO stop (busstop, service) VALUES ('36232429', '48');
INSERT INTO stop (busstop, service) VALUES ('36232429', 'X48');
INSERT INTO stop (busstop, service) VALUES ('36232429', 'N22');
INSERT INTO busstop (sms, name, x, y) VALUES ('36242697', 'Omni Centre', '55.955551147461', '-3.1867210865021');
INSERT INTO stop (busstop, service) VALUES ('36242697', '1');
INSERT INTO stop (busstop, service) VALUES ('36242697', '5');
INSERT INTO stop (busstop, service) VALUES ('36242697', '7');
INSERT INTO stop (busstop, service) VALUES ('36242697', '14');
INSERT INTO stop (busstop, service) VALUES ('36242697', '19');
INSERT INTO stop (busstop, service) VALUES ('36242697', '22');
INSERT INTO stop (busstop, service) VALUES ('36242697', '25');
INSERT INTO stop (busstop, service) VALUES ('36242697', '29');
INSERT INTO stop (busstop, service) VALUES ('36242697', '30');
INSERT INTO stop (busstop, service) VALUES ('36242697', '31');
INSERT INTO stop (busstop, service) VALUES ('36242697', '33');
INSERT INTO stop (busstop, service) VALUES ('36242697', '34');
INSERT INTO stop (busstop, service) VALUES ('36242697', '49');
INSERT INTO stop (busstop, service) VALUES ('36242697', 'N3');
INSERT INTO stop (busstop, service) VALUES ('36242697', 'N8');
INSERT INTO stop (busstop, service) VALUES ('36242697', 'N16');
INSERT INTO stop (busstop, service) VALUES ('36242697', 'N22');
INSERT INTO stop (busstop, service) VALUES ('36242697', 'N25');
INSERT INTO stop (busstop, service) VALUES ('36242697', 'N26');
INSERT INTO stop (busstop, service) VALUES ('36242697', 'N30');
INSERT INTO stop (busstop, service) VALUES ('36242697', 'N31');
INSERT INTO stop (busstop, service) VALUES ('36242697', 'N37');
INSERT INTO stop (busstop, service) VALUES ('36242697', 'N44');
INSERT INTO busstop (sms, name, x, y) VALUES ('36236763', 'Moray House', '55.950836181641', '-3.1827170848846');
INSERT INTO stop (busstop, service) VALUES ('36236763', '35');
INSERT INTO busstop (sms, name, x, y) VALUES ('36232795', 'Salvesen Crescen', '55.974308013916', '-3.2589249610901');
INSERT INTO stop (busstop, service) VALUES ('36232795', '16');
INSERT INTO stop (busstop, service) VALUES ('36232795', '27');
INSERT INTO busstop (sms, name, x, y) VALUES ('36232423', 'A8 Interchange', '55.938632965088', '-3.3586618900299');
INSERT INTO stop (busstop, service) VALUES ('36232423', '35');
INSERT INTO stop (busstop, service) VALUES ('36232423', 'N22');
INSERT INTO busstop (sms, name, x, y) VALUES ('36232426', 'Edinburgh Airpor', '55.948467254639', '-3.3632340431213');
INSERT INTO stop (busstop, service) VALUES ('36232426', '100');
INSERT INTO stop (busstop, service) VALUES ('36232426', 'N22');
INSERT INTO busstop (sms, name, x, y) VALUES ('36232427', 'Airport Hotel', '55.943069458008', '-3.3606429100037');
INSERT INTO stop (busstop, service) VALUES ('36232427', '35');
INSERT INTO stop (busstop, service) VALUES ('36232427', '100');
INSERT INTO stop (busstop, service) VALUES ('36232427', 'N22');
INSERT INTO busstop (sms, name, x, y) VALUES ('36232424', 'Glasgow Road', '55.939262390137', '-3.3587958812714');
INSERT INTO stop (busstop, service) VALUES ('36232424', '35');
INSERT INTO stop (busstop, service) VALUES ('36232424', 'N22');
INSERT INTO busstop (sms, name, x, y) VALUES ('36232425', 'Fairview Road', '55.943546295166', '-3.3613159656525');
INSERT INTO stop (busstop, service) VALUES ('36232425', '35');
INSERT INTO stop (busstop, service) VALUES ('36232425', '100');
INSERT INTO stop (busstop, service) VALUES ('36232425', 'N22');
INSERT INTO busstop (sms, name, x, y) VALUES ('36239654', 'Craiglockhart Pl', '55.917285919189', '-3.2418909072876');
INSERT INTO stop (busstop, service) VALUES ('36239654', '4');
INSERT INTO stop (busstop, service) VALUES ('36239654', '10');
INSERT INTO stop (busstop, service) VALUES ('36239654', '27');
INSERT INTO stop (busstop, service) VALUES ('36239654', '45');
INSERT INTO busstop (sms, name, x, y) VALUES ('36239658', 'Murrayfield Road', '55.945365905762', '-3.2445828914642');
INSERT INTO stop (busstop, service) VALUES ('36239658', '12');
INSERT INTO stop (busstop, service) VALUES ('36239658', '26');
INSERT INTO stop (busstop, service) VALUES ('36239658', '31');
INSERT INTO stop (busstop, service) VALUES ('36239658', '48');
INSERT INTO stop (busstop, service) VALUES ('36239658', 'N26');
INSERT INTO busstop (sms, name, x, y) VALUES ('36243272', 'Abbeymount', '55.955726623535', '-3.1731278896332');
INSERT INTO stop (busstop, service) VALUES ('36243272', 'X26');
INSERT INTO busstop (sms, name, x, y) VALUES ('36236789', 'Wester Broom', '55.936389923096', '-3.2906889915466');
INSERT INTO stop (busstop, service) VALUES ('36236789', '12');
INSERT INTO stop (busstop, service) VALUES ('36236789', '21');
INSERT INTO stop (busstop, service) VALUES ('36236789', '32');
INSERT INTO busstop (sms, name, x, y) VALUES ('36243274', 'South Bridge', '55.949123382568', '-3.1871809959412');
INSERT INTO stop (busstop, service) VALUES ('36243274', '5');
INSERT INTO stop (busstop, service) VALUES ('36243274', '7');
INSERT INTO stop (busstop, service) VALUES ('36243274', '14');
INSERT INTO stop (busstop, service) VALUES ('36243274', '35');
INSERT INTO stop (busstop, service) VALUES ('36243274', '49');
INSERT INTO busstop (sms, name, x, y) VALUES ('36236783', 'Waterloo Place', '55.953575134277', '-3.1876850128174');
INSERT INTO stop (busstop, service) VALUES ('36236783', 'X25');
INSERT INTO stop (busstop, service) VALUES ('36236783', 'X26');
INSERT INTO busstop (sms, name, x, y) VALUES ('36236782', 'Regent Bridge', '55.953811645508', '-3.1871800422668');
INSERT INTO stop (busstop, service) VALUES ('36236782', '25');
INSERT INTO stop (busstop, service) VALUES ('36236782', 'X25');
INSERT INTO stop (busstop, service) VALUES ('36236782', 'X26');
INSERT INTO stop (busstop, service) VALUES ('36236782', '34');
INSERT INTO busstop (sms, name, x, y) VALUES ('36239474', 'Calder Gardens', '55.919589996338', '-3.2912509441376');
INSERT INTO stop (busstop, service) VALUES ('36239474', '20');
INSERT INTO busstop (sms, name, x, y) VALUES ('36236786', 'Broomhall', '55.937637329102', '-3.2916910648346');
INSERT INTO stop (busstop, service) VALUES ('36236786', '12');
INSERT INTO stop (busstop, service) VALUES ('36236786', '21');
INSERT INTO stop (busstop, service) VALUES ('36236786', 'X26');
INSERT INTO stop (busstop, service) VALUES ('36236786', '32');
INSERT INTO busstop (sms, name, x, y) VALUES ('36236785', 'Broomhall', '55.938446044922', '-3.292711019516');
INSERT INTO stop (busstop, service) VALUES ('36236785', '12');
INSERT INTO stop (busstop, service) VALUES ('36236785', '21');
INSERT INTO stop (busstop, service) VALUES ('36236785', '32');
INSERT INTO busstop (sms, name, x, y) VALUES ('36236784', 'Pennywell Cottag', '55.975563049316', '-3.2528600692749');
INSERT INTO stop (busstop, service) VALUES ('36236784', '8');
INSERT INTO stop (busstop, service) VALUES ('36236784', '14');
INSERT INTO stop (busstop, service) VALUES ('36236784', '16');
INSERT INTO stop (busstop, service) VALUES ('36236784', '24');
INSERT INTO stop (busstop, service) VALUES ('36236784', '32');
INSERT INTO stop (busstop, service) VALUES ('36236784', 'N8');
INSERT INTO busstop (sms, name, x, y) VALUES ('36235323', 'Dreghorn Drive', '55.903926849365', '-3.2306830883026');
INSERT INTO stop (busstop, service) VALUES ('36235323', '16');
INSERT INTO stop (busstop, service) VALUES ('36235323', 'N16');
INSERT INTO busstop (sms, name, x, y) VALUES ('36235324', 'Dreghorn Park', '55.904514312744', '-3.2367000579834');
INSERT INTO stop (busstop, service) VALUES ('36235324', '16');
INSERT INTO stop (busstop, service) VALUES ('36235324', 'N16');
INSERT INTO busstop (sms, name, x, y) VALUES ('36235325', 'Redford House', '55.905788421631', '-3.2433149814606');
INSERT INTO stop (busstop, service) VALUES ('36235325', '16');
INSERT INTO stop (busstop, service) VALUES ('36235325', 'N16');
INSERT INTO busstop (sms, name, x, y) VALUES ('36235326', 'Redford Drive', '55.906482696533', '-3.2475280761719');
INSERT INTO stop (busstop, service) VALUES ('36235326', '16');
INSERT INTO stop (busstop, service) VALUES ('36235326', 'N16');
INSERT INTO busstop (sms, name, x, y) VALUES ('36235327', 'Thorburn Road', '55.905334472656', '-3.249715089798');
INSERT INTO stop (busstop, service) VALUES ('36235327', '16');
INSERT INTO stop (busstop, service) VALUES ('36235327', 'N16');
INSERT INTO busstop (sms, name, x, y) VALUES ('36235328', 'Westgarth Avenue', '55.906509399414', '-3.2528879642487');
INSERT INTO stop (busstop, service) VALUES ('36235328', '10');
INSERT INTO stop (busstop, service) VALUES ('36235328', '16');
INSERT INTO stop (busstop, service) VALUES ('36235328', 'N16');
INSERT INTO busstop (sms, name, x, y) VALUES ('36235329', 'St Cuthberts', '55.907600402832', '-3.2541708946228');
INSERT INTO stop (busstop, service) VALUES ('36235329', '10');
INSERT INTO stop (busstop, service) VALUES ('36235329', '16');
INSERT INTO stop (busstop, service) VALUES ('36235329', 'N16');
INSERT INTO busstop (sms, name, x, y) VALUES ('58232323', 'Ravensheugh', '55.944911956787', '-3.0258100032806');
INSERT INTO stop (busstop, service) VALUES ('58232323', '26');
INSERT INTO stop (busstop, service) VALUES ('58232323', 'X26');
INSERT INTO stop (busstop, service) VALUES ('58232323', 'N26');
INSERT INTO busstop (sms, name, x, y) VALUES ('58232358', 'Ayres Wynd', '55.9592628479', '-2.9848639965057');
INSERT INTO stop (busstop, service) VALUES ('58232358', '26');
INSERT INTO stop (busstop, service) VALUES ('58232358', 'X26');
INSERT INTO stop (busstop, service) VALUES ('58232358', 'N26');
INSERT INTO busstop (sms, name, x, y) VALUES ('58232327', 'Westpans', '55.948017120361', '-3.0194869041443');
INSERT INTO stop (busstop, service) VALUES ('58232327', '26');
INSERT INTO stop (busstop, service) VALUES ('58232327', 'X26');
INSERT INTO stop (busstop, service) VALUES ('58232327', 'N26');
INSERT INTO busstop (sms, name, x, y) VALUES ('58232326', 'Ravensheugh', '55.946376800537', '-3.0223259925842');
INSERT INTO stop (busstop, service) VALUES ('58232326', '26');
INSERT INTO stop (busstop, service) VALUES ('58232326', 'X26');
INSERT INTO stop (busstop, service) VALUES ('58232326', 'N26');
INSERT INTO busstop (sms, name, x, y) VALUES ('36238279', 'Windmill Close', '55.944026947021', '-3.1855199337006');
INSERT INTO stop (busstop, service) VALUES ('36238279', '41');
INSERT INTO stop (busstop, service) VALUES ('36238279', '42');
INSERT INTO stop (busstop, service) VALUES ('36238279', '67');
INSERT INTO busstop (sms, name, x, y) VALUES ('58232359', 'Ayres Wynd', '55.959987640381', '-2.9837610721588');
INSERT INTO stop (busstop, service) VALUES ('58232359', '26');
INSERT INTO stop (busstop, service) VALUES ('58232359', 'X26');
INSERT INTO busstop (sms, name, x, y) VALUES ('36236435', 'Fountainbridge', '55.945117950439', '-3.2054250240326');
INSERT INTO stop (busstop, service) VALUES ('36236435', '10');
INSERT INTO stop (busstop, service) VALUES ('36236435', '11');
INSERT INTO stop (busstop, service) VALUES ('36236435', '15');
INSERT INTO stop (busstop, service) VALUES ('36236435', '15A');
INSERT INTO stop (busstop, service) VALUES ('36236435', '16');
INSERT INTO stop (busstop, service) VALUES ('36236435', '24');
INSERT INTO stop (busstop, service) VALUES ('36236435', 'N16');
INSERT INTO busstop (sms, name, x, y) VALUES ('36236437', 'West Port', '55.946395874023', '-3.2004199028015');
INSERT INTO stop (busstop, service) VALUES ('36236437', '2');
INSERT INTO stop (busstop, service) VALUES ('36236437', 'N8');
INSERT INTO busstop (sms, name, x, y) VALUES ('36236436', 'West Port', '55.945991516113', '-3.2013518810272');
INSERT INTO stop (busstop, service) VALUES ('36236436', '2');
INSERT INTO stop (busstop, service) VALUES ('36236436', '35');
INSERT INTO busstop (sms, name, x, y) VALUES ('36236439', 'Gilmours Entry', '55.94751739502', '-3.1951379776001');
INSERT INTO stop (busstop, service) VALUES ('36236439', '2');
INSERT INTO busstop (sms, name, x, y) VALUES ('36236438', 'Grassmarket', '55.947200775146', '-3.1971139907837');
INSERT INTO stop (busstop, service) VALUES ('36236438', '2');
INSERT INTO stop (busstop, service) VALUES ('36236438', 'N8');
INSERT INTO busstop (sms, name, x, y) VALUES ('36238273', 'Gifford Park', '55.941558837891', '-3.1833629608154');
INSERT INTO stop (busstop, service) VALUES ('36238273', '41');
INSERT INTO stop (busstop, service) VALUES ('36238273', '42');
INSERT INTO stop (busstop, service) VALUES ('36238273', '67');
INSERT INTO busstop (sms, name, x, y) VALUES ('36238272', 'Buccleuch Terrac', '55.94144821167', '-3.1835041046143');
INSERT INTO stop (busstop, service) VALUES ('36238272', '41');
INSERT INTO stop (busstop, service) VALUES ('36238272', '42');
INSERT INTO stop (busstop, service) VALUES ('36238272', '67');
INSERT INTO busstop (sms, name, x, y) VALUES ('36238274', 'Meadow Lane', '55.942714691162', '-3.1843268871307');
INSERT INTO stop (busstop, service) VALUES ('36238274', '41');
INSERT INTO stop (busstop, service) VALUES ('36238274', '42');
INSERT INTO stop (busstop, service) VALUES ('36238274', '67');
INSERT INTO busstop (sms, name, x, y) VALUES ('36248356', 'Clinton Road', '55.93240737915', '-3.2058780193329');
INSERT INTO stop (busstop, service) VALUES ('36248356', '5');
INSERT INTO busstop (sms, name, x, y) VALUES ('36232938', 'Vandaleur Avenue', '55.960971832275', '-3.1309010982513');
INSERT INTO stop (busstop, service) VALUES ('36232938', '19');
INSERT INTO stop (busstop, service) VALUES ('36232938', '42');
INSERT INTO stop (busstop, service) VALUES ('36232938', '49');
INSERT INTO busstop (sms, name, x, y) VALUES ('36232939', 'Bryce Avenue', '55.96040725708', '-3.127888917923');
INSERT INTO stop (busstop, service) VALUES ('36232939', '19');
INSERT INTO stop (busstop, service) VALUES ('36232939', '42');
INSERT INTO stop (busstop, service) VALUES ('36232939', '49');
INSERT INTO busstop (sms, name, x, y) VALUES ('36232932', 'Restalrig Drive', '55.962669372559', '-3.1455600261688');
INSERT INTO stop (busstop, service) VALUES ('36232932', '19');
INSERT INTO stop (busstop, service) VALUES ('36232932', '21');
INSERT INTO stop (busstop, service) VALUES ('36232932', '25');
INSERT INTO stop (busstop, service) VALUES ('36232932', '42');
INSERT INTO stop (busstop, service) VALUES ('36232932', '49');
INSERT INTO stop (busstop, service) VALUES ('36232932', 'N25');
INSERT INTO busstop (sms, name, x, y) VALUES ('36232934', 'Loaning Road', '55.961318969727', '-3.1429409980774');
INSERT INTO stop (busstop, service) VALUES ('36232934', '19');
INSERT INTO stop (busstop, service) VALUES ('36232934', '21');
INSERT INTO stop (busstop, service) VALUES ('36232934', '25');
INSERT INTO stop (busstop, service) VALUES ('36232934', '42');
INSERT INTO stop (busstop, service) VALUES ('36232934', '49');
INSERT INTO stop (busstop, service) VALUES ('36232934', 'N25');
INSERT INTO busstop (sms, name, x, y) VALUES ('36232935', 'Loganlea Road', '55.960235595703', '-3.1399140357971');
INSERT INTO stop (busstop, service) VALUES ('36232935', '19');
INSERT INTO stop (busstop, service) VALUES ('36232935', '21');
INSERT INTO stop (busstop, service) VALUES ('36232935', '42');
INSERT INTO stop (busstop, service) VALUES ('36232935', '49');
INSERT INTO busstop (sms, name, x, y) VALUES ('36248689', 'Murrayburn Appro', '55.917919158936', '-3.2878348827362');
INSERT INTO stop (busstop, service) VALUES ('36248689', '20');
INSERT INTO busstop (sms, name, x, y) VALUES ('36232937', 'Christiemillar A', '55.960510253906', '-3.1352291107178');
INSERT INTO stop (busstop, service) VALUES ('36232937', '19');
INSERT INTO stop (busstop, service) VALUES ('36232937', '42');
INSERT INTO stop (busstop, service) VALUES ('36232937', '49');
INSERT INTO busstop (sms, name, x, y) VALUES ('36236238', 'Belhaven Terrace', '55.925304412842', '-3.2108590602875');
INSERT INTO stop (busstop, service) VALUES ('36236238', '23');
INSERT INTO stop (busstop, service) VALUES ('36236238', '38');
INSERT INTO busstop (sms, name, x, y) VALUES ('36236549', 'Viewforth Church', '55.939403533936', '-3.2127559185028');
INSERT INTO stop (busstop, service) VALUES ('36236549', '10');
INSERT INTO stop (busstop, service) VALUES ('36236549', '27');
INSERT INTO busstop (sms, name, x, y) VALUES ('36236548', 'Viewforth Church', '55.939960479736', '-3.2118120193481');
INSERT INTO stop (busstop, service) VALUES ('36236548', '10');
INSERT INTO stop (busstop, service) VALUES ('36236548', '27');
INSERT INTO busstop (sms, name, x, y) VALUES ('36236545', 'Lochrin Building', '55.94193649292', '-3.2043650150299');
INSERT INTO stop (busstop, service) VALUES ('36236545', '10');
INSERT INTO stop (busstop, service) VALUES ('36236545', '27');
INSERT INTO busstop (sms, name, x, y) VALUES ('36236232', 'Craighouse Garde', '55.92476272583', '-3.2193400859833');
INSERT INTO stop (busstop, service) VALUES ('36236232', '23');
INSERT INTO stop (busstop, service) VALUES ('36236232', '38');
INSERT INTO busstop (sms, name, x, y) VALUES ('36236547', 'Leamington Road', '55.940769195557', '-3.2097399234772');
INSERT INTO stop (busstop, service) VALUES ('36236547', '10');
INSERT INTO stop (busstop, service) VALUES ('36236547', '27');
INSERT INTO busstop (sms, name, x, y) VALUES ('36236546', 'Leamington Terra', '55.940952301025', '-3.2096180915833');
INSERT INTO stop (busstop, service) VALUES ('36236546', '10');
INSERT INTO stop (busstop, service) VALUES ('36236546', '27');
INSERT INTO busstop (sms, name, x, y) VALUES ('36236237', 'Balcarres Street', '55.925205230713', '-3.2146329879761');
INSERT INTO stop (busstop, service) VALUES ('36236237', '23');
INSERT INTO stop (busstop, service) VALUES ('36236237', '38');
INSERT INTO busstop (sms, name, x, y) VALUES ('36236236', 'Bruce Street', '55.92504119873', '-3.2154920101166');
INSERT INTO stop (busstop, service) VALUES ('36236236', '23');
INSERT INTO stop (busstop, service) VALUES ('36236236', '38');
INSERT INTO busstop (sms, name, x, y) VALUES ('36236543', 'Lochrin Building', '55.941783905029', '-3.2046480178833');
INSERT INTO stop (busstop, service) VALUES ('36236543', '10');
INSERT INTO stop (busstop, service) VALUES ('36236543', '27');
INSERT INTO busstop (sms, name, x, y) VALUES ('36236542', 'Westfield Avenue', '55.937438964844', '-3.2429358959198');
INSERT INTO stop (busstop, service) VALUES ('36236542', '1');
INSERT INTO stop (busstop, service) VALUES ('36236542', '2');
INSERT INTO stop (busstop, service) VALUES ('36236542', '22');
INSERT INTO stop (busstop, service) VALUES ('36236542', '30');
INSERT INTO stop (busstop, service) VALUES ('36236542', 'N22');
INSERT INTO stop (busstop, service) VALUES ('36236542', 'N30');
INSERT INTO busstop (sms, name, x, y) VALUES ('36248537', 'Asda store', '55.926597595215', '-3.2460939884186');
INSERT INTO stop (busstop, service) VALUES ('36248537', '35');
INSERT INTO busstop (sms, name, x, y) VALUES ('36246753', 'Scottish Gas HQ', '55.978946685791', '-3.2417509555817');
INSERT INTO stop (busstop, service) VALUES ('36246753', '38');
INSERT INTO stop (busstop, service) VALUES ('36246753', '47');
INSERT INTO stop (busstop, service) VALUES ('36246753', 'X47');
INSERT INTO busstop (sms, name, x, y) VALUES ('58232354', 'The Pottery', '55.957595825195', '-2.9910678863525');
INSERT INTO stop (busstop, service) VALUES ('58232354', '26');
INSERT INTO stop (busstop, service) VALUES ('58232354', 'X26');
INSERT INTO stop (busstop, service) VALUES ('58232354', 'N26');
INSERT INTO busstop (sms, name, x, y) VALUES ('36235642', 'Duncan Place', '55.969100952148', '-3.1680369377136');
INSERT INTO stop (busstop, service) VALUES ('36235642', '1');
INSERT INTO stop (busstop, service) VALUES ('36235642', '2');
INSERT INTO stop (busstop, service) VALUES ('36235642', '7');
INSERT INTO stop (busstop, service) VALUES ('36235642', '12');
INSERT INTO stop (busstop, service) VALUES ('36235642', '21');
INSERT INTO stop (busstop, service) VALUES ('36235642', '22');
INSERT INTO stop (busstop, service) VALUES ('36235642', '25');
INSERT INTO stop (busstop, service) VALUES ('36235642', '34');
INSERT INTO stop (busstop, service) VALUES ('36235642', '35');
INSERT INTO stop (busstop, service) VALUES ('36235642', '49');
INSERT INTO stop (busstop, service) VALUES ('36235642', 'N25');
INSERT INTO busstop (sms, name, x, y) VALUES ('36239875', 'Edinburgh Park S', '55.927379608154', '-3.3102519512177');
INSERT INTO stop (busstop, service) VALUES ('36239875', '2');
INSERT INTO busstop (sms, name, x, y) VALUES ('36236398', 'Bread Street', '55.945907592773', '-3.2044880390167');
INSERT INTO stop (busstop, service) VALUES ('36236398', '2');
INSERT INTO stop (busstop, service) VALUES ('36236398', 'N8');
INSERT INTO busstop (sms, name, x, y) VALUES ('58232958', 'Buxley Farm Road', '55.927402496338', '-2.9385540485382');
INSERT INTO stop (busstop, service) VALUES ('58232958', '44');
INSERT INTO busstop (sms, name, x, y) VALUES ('36247574', 'Bae Systems', '55.96915435791', '-3.236310005188');
INSERT INTO stop (busstop, service) VALUES ('36247574', '19');
INSERT INTO stop (busstop, service) VALUES ('36247574', '38');
INSERT INTO stop (busstop, service) VALUES ('36247574', '47');
INSERT INTO stop (busstop, service) VALUES ('36247574', 'X47');
INSERT INTO busstop (sms, name, x, y) VALUES ('36238692', 'Myrtle Bank', '55.964008331299', '-3.2738900184631');
INSERT INTO stop (busstop, service) VALUES ('36238692', '21');
INSERT INTO stop (busstop, service) VALUES ('36238692', '41');
INSERT INTO busstop (sms, name, x, y) VALUES ('36243952', 'Lochend Drive', '55.961380004883', '-3.154011964798');
INSERT INTO stop (busstop, service) VALUES ('36243952', '49');
INSERT INTO busstop (sms, name, x, y) VALUES ('36238697', 'Parkgrove Road', '55.960620880127', '-3.294459104538');
INSERT INTO stop (busstop, service) VALUES ('36238697', '32');
INSERT INTO stop (busstop, service) VALUES ('36238697', '41');
INSERT INTO busstop (sms, name, x, y) VALUES ('36238696', 'Parkgrove Street', '55.961097717285', '-3.2904059886932');
INSERT INTO stop (busstop, service) VALUES ('36238696', '32');
INSERT INTO stop (busstop, service) VALUES ('36238696', '41');
INSERT INTO busstop (sms, name, x, y) VALUES ('36238695', 'Clermiston Drive', '55.961902618408', '-3.2836890220642');
INSERT INTO stop (busstop, service) VALUES ('36238695', '32');
INSERT INTO stop (busstop, service) VALUES ('36238695', '41');
INSERT INTO busstop (sms, name, x, y) VALUES ('36238694', 'Clermiston Road', '55.962615966797', '-3.2755579948425');
INSERT INTO stop (busstop, service) VALUES ('36238694', '21');
INSERT INTO stop (busstop, service) VALUES ('36238694', '32');
INSERT INTO stop (busstop, service) VALUES ('36238694', '41');
INSERT INTO busstop (sms, name, x, y) VALUES ('36238698', 'Craigcrook Road', '55.95719909668', '-3.2489349842072');
INSERT INTO stop (busstop, service) VALUES ('36238698', '41');
INSERT INTO stop (busstop, service) VALUES ('36238698', '42');
INSERT INTO busstop (sms, name, x, y) VALUES ('58234846', 'Quincey Court', '55.937065124512', '-2.9498660564423');
INSERT INTO stop (busstop, service) VALUES ('58234846', '44');
INSERT INTO stop (busstop, service) VALUES ('58234846', '44A');
INSERT INTO stop (busstop, service) VALUES ('58234846', 'N44');
INSERT INTO busstop (sms, name, x, y) VALUES ('36238453', 'Grange Loan Gard', '55.930976867676', '-3.1904509067535');
INSERT INTO stop (busstop, service) VALUES ('36238453', '41');
INSERT INTO busstop (sms, name, x, y) VALUES ('58234842', 'Winton Close', '55.936298370361', '-2.9430270195007');
INSERT INTO stop (busstop, service) VALUES ('58234842', '44');
INSERT INTO stop (busstop, service) VALUES ('58234842', '44A');
INSERT INTO stop (busstop, service) VALUES ('58234842', 'N44');
INSERT INTO busstop (sms, name, x, y) VALUES ('36238457', 'Wardie Place Nor', '55.97883605957', '-3.227884054184');
INSERT INTO stop (busstop, service) VALUES ('36238457', '19');
INSERT INTO busstop (sms, name, x, y) VALUES ('36238456', 'Grange Loan', '55.932621002197', '-3.1838910579681');
INSERT INTO stop (busstop, service) VALUES ('36238456', '24');
INSERT INTO busstop (sms, name, x, y) VALUES ('36238459', 'Granton Crescent', '55.978603363037', '-3.230376958847');
INSERT INTO stop (busstop, service) VALUES ('36238459', '19');
INSERT INTO busstop (sms, name, x, y) VALUES ('36238458', 'Granton Crescent', '55.978736877441', '-3.2294359207153');
INSERT INTO stop (busstop, service) VALUES ('36238458', '19');
INSERT INTO busstop (sms, name, x, y) VALUES ('58234849', 'Limeylands Rd.', '55.912750244141', '-2.9463589191437');
INSERT INTO stop (busstop, service) VALUES ('58234849', '44');
INSERT INTO busstop (sms, name, x, y) VALUES ('36242693', 'JUNIPER GREEN', '55.901943206787', '-3.2893209457397');
INSERT INTO stop (busstop, service) VALUES ('36242693', '44');
INSERT INTO stop (busstop, service) VALUES ('36242693', '45');
INSERT INTO stop (busstop, service) VALUES ('36242693', 'N44');
INSERT INTO busstop (sms, name, x, y) VALUES ('36236892', 'St Josephs Schoo', '55.925155639648', '-3.2761840820312');
INSERT INTO stop (busstop, service) VALUES ('36236892', '3');
INSERT INTO stop (busstop, service) VALUES ('36236892', '3A');
INSERT INTO stop (busstop, service) VALUES ('36236892', '25');
INSERT INTO stop (busstop, service) VALUES ('36236892', '34');
INSERT INTO stop (busstop, service) VALUES ('36236892', '35');
INSERT INTO stop (busstop, service) VALUES ('36236892', '109');
INSERT INTO stop (busstop, service) VALUES ('36236892', 'N25');
INSERT INTO busstop (sms, name, x, y) VALUES ('36242691', 'Omni Centre N37', '55.955413818359', '-3.1868450641632');
INSERT INTO stop (busstop, service) VALUES ('36242691', 'N30');
INSERT INTO stop (busstop, service) VALUES ('36242691', 'N37');
INSERT INTO busstop (sms, name, x, y) VALUES ('36235849', 'Craigleith Hill', '55.956516265869', '-3.2394630908966');
INSERT INTO stop (busstop, service) VALUES ('36235849', '38');
INSERT INTO stop (busstop, service) VALUES ('36235849', '42');
INSERT INTO busstop (sms, name, x, y) VALUES ('36235848', 'Blinkbonny Cres', '55.956092834473', '-3.2447190284729');
INSERT INTO stop (busstop, service) VALUES ('36235848', '38');
INSERT INTO busstop (sms, name, x, y) VALUES ('36239494', 'George Watsons', '55.931480407715', '-3.2180140018463');
INSERT INTO stop (busstop, service) VALUES ('36239494', '45');
INSERT INTO busstop (sms, name, x, y) VALUES ('36236762', 'Huntly House Mus', '55.9514503479', '-3.1796929836273');
INSERT INTO stop (busstop, service) VALUES ('36236762', '35');
INSERT INTO busstop (sms, name, x, y) VALUES ('36235845', 'Craigleith Avenu', '55.951614379883', '-3.2441110610962');
INSERT INTO stop (busstop, service) VALUES ('36235845', '38');
INSERT INTO busstop (sms, name, x, y) VALUES ('36235847', 'Craigleith Cresc', '55.955673217773', '-3.2445769309998');
INSERT INTO stop (busstop, service) VALUES ('36235847', '38');
INSERT INTO busstop (sms, name, x, y) VALUES ('36235846', 'Ravelston Garden', '55.953506469727', '-3.2436909675598');
INSERT INTO stop (busstop, service) VALUES ('36235846', '38');
INSERT INTO busstop (sms, name, x, y) VALUES ('36239686', 'Polwarth Terrace', '55.929313659668', '-3.2262060642242');
INSERT INTO stop (busstop, service) VALUES ('36239686', '45');
INSERT INTO busstop (sms, name, x, y) VALUES ('64328249', 'Straiton P&R', '55.88614654541', '-3.1667909622192');
INSERT INTO stop (busstop, service) VALUES ('64328249', '47');
INSERT INTO stop (busstop, service) VALUES ('64328249', 'X47');
INSERT INTO stop (busstop, service) VALUES ('64328249', '67');
INSERT INTO busstop (sms, name, x, y) VALUES ('64328248', 'Straiton P&R', '55.886371612549', '-3.1669580936432');
INSERT INTO stop (busstop, service) VALUES ('64328248', '47');
INSERT INTO stop (busstop, service) VALUES ('64328248', 'X47');
INSERT INTO stop (busstop, service) VALUES ('64328248', '67');
INSERT INTO busstop (sms, name, x, y) VALUES ('36242454', 'Greenbank Villag', '55.916706085205', '-3.2287039756775');
INSERT INTO stop (busstop, service) VALUES ('36242454', '23');
INSERT INTO busstop (sms, name, x, y) VALUES ('58232453', 'Levenhall', '55.944561004639', '-3.0246798992157');
INSERT INTO stop (busstop, service) VALUES ('58232453', 'N44');
INSERT INTO busstop (sms, name, x, y) VALUES ('58232452', 'Seton Sands Camp', '55.972240447998', '-2.9310669898987');
INSERT INTO stop (busstop, service) VALUES ('58232452', '26');
INSERT INTO busstop (sms, name, x, y) VALUES ('64324582', 'Wadingburn', '55.883644104004', '-3.1218729019165');
INSERT INTO stop (busstop, service) VALUES ('64324582', '31');
INSERT INTO stop (busstop, service) VALUES ('64324582', 'X31');
INSERT INTO stop (busstop, service) VALUES ('64324582', 'N31');
INSERT INTO busstop (sms, name, x, y) VALUES ('64324583', 'Wester Melville', '55.887481689453', '-3.1277239322662');
INSERT INTO stop (busstop, service) VALUES ('64324583', '31');
INSERT INTO stop (busstop, service) VALUES ('64324583', 'X31');
INSERT INTO stop (busstop, service) VALUES ('64324583', 'N31');
INSERT INTO busstop (sms, name, x, y) VALUES ('58232457', 'Macbeth Moir', '55.942680358887', '-3.0236699581146');
INSERT INTO stop (busstop, service) VALUES ('58232457', '44');
INSERT INTO busstop (sms, name, x, y) VALUES ('36245747', 'Mound (foot)', '55.951313018799', '-3.1966969966888');
INSERT INTO stop (busstop, service) VALUES ('36245747', '23');
INSERT INTO stop (busstop, service) VALUES ('36245747', '27');
INSERT INTO stop (busstop, service) VALUES ('36245747', '45');
INSERT INTO busstop (sms, name, x, y) VALUES ('58232454', 'St. Ninian', '55.943431854248', '-3.0263149738312');
INSERT INTO stop (busstop, service) VALUES ('58232454', '44');
INSERT INTO busstop (sms, name, x, y) VALUES ('58232459', 'Macbeth Moir', '55.942493438721', '-3.0201740264893');
INSERT INTO stop (busstop, service) VALUES ('58232459', '44');
INSERT INTO busstop (sms, name, x, y) VALUES ('36232546', 'South Charlotte', '55.950645446777', '-3.2043309211731');
INSERT INTO stop (busstop, service) VALUES ('36232546', '3');
INSERT INTO stop (busstop, service) VALUES ('36232546', '3A');
INSERT INTO stop (busstop, service) VALUES ('36232546', '4');
INSERT INTO stop (busstop, service) VALUES ('36232546', '10');
INSERT INTO stop (busstop, service) VALUES ('36232546', '11');
INSERT INTO stop (busstop, service) VALUES ('36232546', '15');
INSERT INTO stop (busstop, service) VALUES ('36232546', '15A');
INSERT INTO stop (busstop, service) VALUES ('36232546', '16');
INSERT INTO stop (busstop, service) VALUES ('36232546', '24');
INSERT INTO stop (busstop, service) VALUES ('36232546', '25');
INSERT INTO stop (busstop, service) VALUES ('36232546', '33');
INSERT INTO stop (busstop, service) VALUES ('36232546', '44');
INSERT INTO stop (busstop, service) VALUES ('36232546', '44A');
INSERT INTO stop (busstop, service) VALUES ('36232546', 'N8');
INSERT INTO stop (busstop, service) VALUES ('36232546', 'N16');
INSERT INTO stop (busstop, service) VALUES ('36232546', 'N25');
INSERT INTO stop (busstop, service) VALUES ('36232546', 'N44');
INSERT INTO busstop (sms, name, x, y) VALUES ('36232654', 'Hampton Terrace', '55.945827484131', '-3.2288730144501');
INSERT INTO stop (busstop, service) VALUES ('36232654', '12');
INSERT INTO stop (busstop, service) VALUES ('36232654', '26');
INSERT INTO stop (busstop, service) VALUES ('36232654', '31');
INSERT INTO stop (busstop, service) VALUES ('36232654', '48');
INSERT INTO stop (busstop, service) VALUES ('36232654', '100');
INSERT INTO stop (busstop, service) VALUES ('36232654', 'N26');
INSERT INTO busstop (sms, name, x, y) VALUES ('36232657', 'Rosebery Crescen', '55.945987701416', '-3.2181661128998');
INSERT INTO stop (busstop, service) VALUES ('36232657', '12');
INSERT INTO stop (busstop, service) VALUES ('36232657', '26');
INSERT INTO stop (busstop, service) VALUES ('36232657', '31');
INSERT INTO stop (busstop, service) VALUES ('36232657', '48');
INSERT INTO stop (busstop, service) VALUES ('36232657', 'X48');
INSERT INTO stop (busstop, service) VALUES ('36232657', '100');
INSERT INTO stop (busstop, service) VALUES ('36232657', 'N26');
INSERT INTO busstop (sms, name, x, y) VALUES ('36232656', 'Magdala Crescent', '55.946060180664', '-3.2229239940643');
INSERT INTO stop (busstop, service) VALUES ('36232656', '12');
INSERT INTO stop (busstop, service) VALUES ('36232656', '26');
INSERT INTO stop (busstop, service) VALUES ('36232656', '31');
INSERT INTO stop (busstop, service) VALUES ('36232656', '48');
INSERT INTO stop (busstop, service) VALUES ('36232656', 'N26');
INSERT INTO busstop (sms, name, x, y) VALUES ('36232653', 'Roseburn Street', '55.945793151855', '-3.2351489067078');
INSERT INTO stop (busstop, service) VALUES ('36232653', '12');
INSERT INTO stop (busstop, service) VALUES ('36232653', '26');
INSERT INTO stop (busstop, service) VALUES ('36232653', '31');
INSERT INTO stop (busstop, service) VALUES ('36232653', '48');
INSERT INTO stop (busstop, service) VALUES ('36232653', 'N26');
INSERT INTO busstop (sms, name, x, y) VALUES ('36232652', 'Ormidale Terrace', '55.945739746094', '-3.2403519153595');
INSERT INTO stop (busstop, service) VALUES ('36232652', '12');
INSERT INTO stop (busstop, service) VALUES ('36232652', '26');
INSERT INTO stop (busstop, service) VALUES ('36232652', '31');
INSERT INTO stop (busstop, service) VALUES ('36232652', '48');
INSERT INTO stop (busstop, service) VALUES ('36232652', 'X48');
INSERT INTO stop (busstop, service) VALUES ('36232652', '100');
INSERT INTO stop (busstop, service) VALUES ('36232652', 'N26');
INSERT INTO busstop (sms, name, x, y) VALUES ('64324745', 'Roslin Surgery', '55.857234954834', '-3.1795690059662');
INSERT INTO stop (busstop, service) VALUES ('64324745', '15');
INSERT INTO busstop (sms, name, x, y) VALUES ('36232659', 'Haymarket', '55.945323944092', '-3.2171680927277');
INSERT INTO stop (busstop, service) VALUES ('36232659', '4');
INSERT INTO stop (busstop, service) VALUES ('36232659', '44');
INSERT INTO stop (busstop, service) VALUES ('36232659', '44A');
INSERT INTO stop (busstop, service) VALUES ('36232659', 'N44');
INSERT INTO busstop (sms, name, x, y) VALUES ('36232658', 'Haymarket Statio', '55.945594787598', '-3.2171769142151');
INSERT INTO stop (busstop, service) VALUES ('36232658', '2');
INSERT INTO stop (busstop, service) VALUES ('36232658', '3');
INSERT INTO stop (busstop, service) VALUES ('36232658', '3A');
INSERT INTO stop (busstop, service) VALUES ('36232658', '25');
INSERT INTO stop (busstop, service) VALUES ('36232658', '33');
INSERT INTO stop (busstop, service) VALUES ('36232658', 'N25');
INSERT INTO busstop (sms, name, x, y) VALUES ('58232957', 'Cross Loan', '55.913234710693', '-2.9368839263916');
INSERT INTO stop (busstop, service) VALUES ('58232957', '44');
INSERT INTO busstop (sms, name, x, y) VALUES ('36234958', 'Malleny House', '55.884304046631', '-3.3374660015106');
INSERT INTO stop (busstop, service) VALUES ('36234958', '44');
INSERT INTO busstop (sms, name, x, y) VALUES ('36234959', 'Bavelaw Road', '55.884086608887', '-3.3375871181488');
INSERT INTO stop (busstop, service) VALUES ('36234959', '44');
INSERT INTO stop (busstop, service) VALUES ('36234959', 'N44');
INSERT INTO busstop (sms, name, x, y) VALUES ('58232859', 'Newhailes Nurser', '55.939617156982', '-3.0776700973511');
INSERT INTO stop (busstop, service) VALUES ('58232859', '30');
INSERT INTO stop (busstop, service) VALUES ('58232859', 'N30');
INSERT INTO busstop (sms, name, x, y) VALUES ('58232858', 'Newhailes Nurser', '55.939601898193', '-3.0773329734802');
INSERT INTO stop (busstop, service) VALUES ('58232858', '30');
INSERT INTO stop (busstop, service) VALUES ('58232858', 'N30');
INSERT INTO busstop (sms, name, x, y) VALUES ('36234954', 'Marchbank Garden', '55.879909515381', '-3.3391060829163');
INSERT INTO stop (busstop, service) VALUES ('36234954', '44');
INSERT INTO stop (busstop, service) VALUES ('36234954', 'N44');
INSERT INTO busstop (sms, name, x, y) VALUES ('58232856', 'Eskview Terrace', '55.939163208008', '-3.0614719390869');
INSERT INTO stop (busstop, service) VALUES ('58232856', '30');
INSERT INTO stop (busstop, service) VALUES ('58232856', 'N30');
INSERT INTO busstop (sms, name, x, y) VALUES ('36234956', 'Main Street', '55.883255004883', '-3.3387250900269');
INSERT INTO stop (busstop, service) VALUES ('36234956', '44');
INSERT INTO stop (busstop, service) VALUES ('36234956', 'N44');
INSERT INTO busstop (sms, name, x, y) VALUES ('58232854', 'Eskview Terrace', '55.93775177002', '-3.0626339912415');
INSERT INTO stop (busstop, service) VALUES ('58232854', '30');
INSERT INTO stop (busstop, service) VALUES ('58232854', 'N30');
INSERT INTO busstop (sms, name, x, y) VALUES ('58232853', 'Monktonhall Terr', '55.936149597168', '-3.0628778934479');
INSERT INTO stop (busstop, service) VALUES ('58232853', '30');
INSERT INTO stop (busstop, service) VALUES ('58232853', 'N30');
INSERT INTO busstop (sms, name, x, y) VALUES ('58232852', 'Monktonhall Terr', '55.934185028076', '-3.0613830089569');
INSERT INTO stop (busstop, service) VALUES ('58232852', '30');
INSERT INTO stop (busstop, service) VALUES ('58232852', 'N30');
INSERT INTO busstop (sms, name, x, y) VALUES ('36234952', 'Thriepmuir', '55.876117706299', '-3.3398380279541');
INSERT INTO stop (busstop, service) VALUES ('36234952', '44');
INSERT INTO stop (busstop, service) VALUES ('36234952', '44A');
INSERT INTO stop (busstop, service) VALUES ('36234952', 'N44');
INSERT INTO busstop (sms, name, x, y) VALUES ('36234953', 'Malleny Avenue', '55.878887176514', '-3.3382229804993');
INSERT INTO stop (busstop, service) VALUES ('36234953', '44');
INSERT INTO busstop (sms, name, x, y) VALUES ('64324349', 'Navaar House Hot', '55.826095581055', '-3.2249360084534');
INSERT INTO stop (busstop, service) VALUES ('64324349', '37');
INSERT INTO stop (busstop, service) VALUES ('64324349', 'X47');
INSERT INTO stop (busstop, service) VALUES ('64324349', 'N37');
INSERT INTO busstop (sms, name, x, y) VALUES ('58232529', 'Bankton Terr', '55.955837249756', '-2.9631550312042');
INSERT INTO stop (busstop, service) VALUES ('58232529', '26');
INSERT INTO stop (busstop, service) VALUES ('58232529', 'N26');
INSERT INTO busstop (sms, name, x, y) VALUES ('58232528', 'Bankton Terr', '55.955471038818', '-2.9642670154572');
INSERT INTO stop (busstop, service) VALUES ('58232528', '26');
INSERT INTO busstop (sms, name, x, y) VALUES ('58232527', 'Schaw Road', '55.955444335938', '-2.9674689769745');
INSERT INTO stop (busstop, service) VALUES ('58232527', '26');
INSERT INTO busstop (sms, name, x, y) VALUES ('58232526', 'Schaw Road', '55.955898284912', '-2.967159986496');
INSERT INTO stop (busstop, service) VALUES ('58232526', '26');
INSERT INTO stop (busstop, service) VALUES ('58232526', 'N26');
INSERT INTO busstop (sms, name, x, y) VALUES ('58232525', 'Hawthorn Road', '55.957324981689', '-2.9684770107269');
INSERT INTO stop (busstop, service) VALUES ('58232525', '26');
INSERT INTO busstop (sms, name, x, y) VALUES ('58232524', 'Hawthorn Road', '55.957412719727', '-2.9689600467682');
INSERT INTO stop (busstop, service) VALUES ('58232524', '26');
INSERT INTO stop (busstop, service) VALUES ('58232524', 'N26');
INSERT INTO busstop (sms, name, x, y) VALUES ('64324346', 'Mauricewood Road', '55.838665008545', '-3.2171869277954');
INSERT INTO stop (busstop, service) VALUES ('64324346', '15');
INSERT INTO stop (busstop, service) VALUES ('64324346', '15A');
INSERT INTO stop (busstop, service) VALUES ('64324346', '37');
INSERT INTO stop (busstop, service) VALUES ('64324346', '47');
INSERT INTO stop (busstop, service) VALUES ('64324346', 'X47');
INSERT INTO stop (busstop, service) VALUES ('64324346', 'N37');
INSERT INTO busstop (sms, name, x, y) VALUES ('64324347', 'Mauricewood Road', '55.839302062988', '-3.2164080142975');
INSERT INTO stop (busstop, service) VALUES ('64324347', '15');
INSERT INTO stop (busstop, service) VALUES ('64324347', '15A');
INSERT INTO stop (busstop, service) VALUES ('64324347', '37');
INSERT INTO stop (busstop, service) VALUES ('64324347', '47');
INSERT INTO stop (busstop, service) VALUES ('64324347', 'X47');
INSERT INTO stop (busstop, service) VALUES ('64324347', 'N37');
INSERT INTO busstop (sms, name, x, y) VALUES ('64324345', 'Laverlock Drive', '55.836143493652', '-3.235790014267');
INSERT INTO stop (busstop, service) VALUES ('64324345', '37');
INSERT INTO stop (busstop, service) VALUES ('64324345', 'X47');
INSERT INTO stop (busstop, service) VALUES ('64324345', 'N37');
INSERT INTO busstop (sms, name, x, y) VALUES ('58232676', 'King Street', '55.940208435059', '-3.0465788841248');
INSERT INTO stop (busstop, service) VALUES ('58232676', '26');
INSERT INTO stop (busstop, service) VALUES ('58232676', 'X26');
INSERT INTO stop (busstop, service) VALUES ('58232676', '44');
INSERT INTO stop (busstop, service) VALUES ('58232676', '44A');
INSERT INTO stop (busstop, service) VALUES ('58232676', 'N26');
INSERT INTO busstop (sms, name, x, y) VALUES ('58232675', 'King Street', '55.940422058105', '-3.0465040206909');
INSERT INTO stop (busstop, service) VALUES ('58232675', '26');
INSERT INTO stop (busstop, service) VALUES ('58232675', 'X26');
INSERT INTO stop (busstop, service) VALUES ('58232675', '44');
INSERT INTO stop (busstop, service) VALUES ('58232675', 'N26');
INSERT INTO busstop (sms, name, x, y) VALUES ('58232674', 'Park Lane', '55.940826416016', '-3.0412321090698');
INSERT INTO stop (busstop, service) VALUES ('58232674', '26');
INSERT INTO stop (busstop, service) VALUES ('58232674', 'X26');
INSERT INTO stop (busstop, service) VALUES ('58232674', '44');
INSERT INTO stop (busstop, service) VALUES ('58232674', '44A');
INSERT INTO stop (busstop, service) VALUES ('58232674', 'N26');
INSERT INTO busstop (sms, name, x, y) VALUES ('58232673', 'St Peters Sch.', '55.941104888916', '-3.0402789115906');
INSERT INTO stop (busstop, service) VALUES ('58232673', '26');
INSERT INTO stop (busstop, service) VALUES ('58232673', 'X26');
INSERT INTO stop (busstop, service) VALUES ('58232673', '44');
INSERT INTO stop (busstop, service) VALUES ('58232673', 'N26');
INSERT INTO busstop (sms, name, x, y) VALUES ('58232672', 'Edenhall Road', '55.941123962402', '-3.0380380153656');
INSERT INTO stop (busstop, service) VALUES ('58232672', '26');
INSERT INTO stop (busstop, service) VALUES ('58232672', 'X26');
INSERT INTO stop (busstop, service) VALUES ('58232672', '44');
INSERT INTO stop (busstop, service) VALUES ('58232672', '44A');
INSERT INTO stop (busstop, service) VALUES ('58232672', 'N26');
INSERT INTO busstop (sms, name, x, y) VALUES ('64323247', 'Seafield Road', '55.871639251709', '-3.1768250465393');
INSERT INTO stop (busstop, service) VALUES ('64323247', '37');
INSERT INTO stop (busstop, service) VALUES ('64323247', '47');
INSERT INTO stop (busstop, service) VALUES ('64323247', 'X47');
INSERT INTO stop (busstop, service) VALUES ('64323247', '67');
INSERT INTO stop (busstop, service) VALUES ('64323247', 'N37');
INSERT INTO busstop (sms, name, x, y) VALUES ('58232679', 'Newbigging', '55.94229888916', '-3.0476279258728');
INSERT INTO stop (busstop, service) VALUES ('58232679', '26');
INSERT INTO stop (busstop, service) VALUES ('58232679', 'X26');
INSERT INTO stop (busstop, service) VALUES ('58232679', '30');
INSERT INTO stop (busstop, service) VALUES ('58232679', '44');
INSERT INTO stop (busstop, service) VALUES ('58232679', 'N26');
INSERT INTO busstop (sms, name, x, y) VALUES ('58232678', 'Newbigging', '55.941860198975', '-3.047856092453');
INSERT INTO stop (busstop, service) VALUES ('58232678', '26');
INSERT INTO stop (busstop, service) VALUES ('58232678', 'X26');
INSERT INTO stop (busstop, service) VALUES ('58232678', '30');
INSERT INTO stop (busstop, service) VALUES ('58232678', '44');
INSERT INTO stop (busstop, service) VALUES ('58232678', '44A');
INSERT INTO stop (busstop, service) VALUES ('58232678', 'N26');
INSERT INTO stop (busstop, service) VALUES ('58232678', 'N30');
INSERT INTO busstop (sms, name, x, y) VALUES ('36246836', 'HW Science Park', '55.912879943848', '-3.3231699466705');
INSERT INTO stop (busstop, service) VALUES ('36246836', '34');
INSERT INTO busstop (sms, name, x, y) VALUES ('36239682', 'Ormidale Terrace', '55.94563293457', '-3.2405560016632');
INSERT INTO stop (busstop, service) VALUES ('36239682', '48');
INSERT INTO stop (busstop, service) VALUES ('36239682', 'X48');
INSERT INTO stop (busstop, service) VALUES ('36239682', '100');
INSERT INTO busstop (sms, name, x, y) VALUES ('36234536', 'Kings Haugh', '55.932155609131', '-3.1502780914307');
INSERT INTO stop (busstop, service) VALUES ('36234536', '2');
INSERT INTO stop (busstop, service) VALUES ('36234536', '14');
INSERT INTO stop (busstop, service) VALUES ('36234536', '21');
INSERT INTO stop (busstop, service) VALUES ('36234536', '30');
INSERT INTO stop (busstop, service) VALUES ('36234536', '42');
INSERT INTO stop (busstop, service) VALUES ('36234536', 'N30');
INSERT INTO busstop (sms, name, x, y) VALUES ('36234537', 'Peffer Sports Gr', '55.931079864502', '-3.1570010185242');
INSERT INTO stop (busstop, service) VALUES ('36234537', '21');
INSERT INTO stop (busstop, service) VALUES ('36234537', '42');
INSERT INTO busstop (sms, name, x, y) VALUES ('36237379', 'St James Church', '55.970836639404', '-3.2088360786438');
INSERT INTO stop (busstop, service) VALUES ('36237379', '8');
INSERT INTO stop (busstop, service) VALUES ('36237379', '23');
INSERT INTO stop (busstop, service) VALUES ('36237379', '27');
INSERT INTO stop (busstop, service) VALUES ('36237379', 'N8');
INSERT INTO busstop (sms, name, x, y) VALUES ('36237378', 'Casselbank St', '55.969612121582', '-3.1726350784302');
INSERT INTO stop (busstop, service) VALUES ('36237378', '7');
INSERT INTO stop (busstop, service) VALUES ('36237378', '10');
INSERT INTO stop (busstop, service) VALUES ('36237378', '12');
INSERT INTO stop (busstop, service) VALUES ('36237378', '14');
INSERT INTO stop (busstop, service) VALUES ('36237378', '16');
INSERT INTO stop (busstop, service) VALUES ('36237378', '22');
INSERT INTO stop (busstop, service) VALUES ('36237378', '25');
INSERT INTO stop (busstop, service) VALUES ('36237378', '49');
INSERT INTO stop (busstop, service) VALUES ('36237378', 'N22');
INSERT INTO stop (busstop, service) VALUES ('36237378', 'N25');
INSERT INTO busstop (sms, name, x, y) VALUES ('36237373', 'Dudley Crescent', '55.977642059326', '-3.1930060386658');
INSERT INTO stop (busstop, service) VALUES ('36237373', '7');
INSERT INTO stop (busstop, service) VALUES ('36237373', '11');
INSERT INTO busstop (sms, name, x, y) VALUES ('36237372', 'Victoria Park', '55.975761413574', '-3.1912820339203');
INSERT INTO stop (busstop, service) VALUES ('36237372', '7');
INSERT INTO stop (busstop, service) VALUES ('36237372', '11');
INSERT INTO busstop (sms, name, x, y) VALUES ('36237375', 'Stanley Road', '55.977832794189', '-3.1964099407196');
INSERT INTO stop (busstop, service) VALUES ('36237375', '7');
INSERT INTO stop (busstop, service) VALUES ('36237375', '11');
INSERT INTO busstop (sms, name, x, y) VALUES ('36237374', 'Dudley Crescent', '55.977924346924', '-3.1932709217072');
INSERT INTO stop (busstop, service) VALUES ('36237374', '7');
INSERT INTO stop (busstop, service) VALUES ('36237374', '11');
INSERT INTO busstop (sms, name, x, y) VALUES ('36237376', 'Stanley Road', '55.977840423584', '-3.196585893631');
INSERT INTO stop (busstop, service) VALUES ('36237376', '7');
INSERT INTO stop (busstop, service) VALUES ('36237376', '11');
INSERT INTO busstop (sms, name, x, y) VALUES ('36232787', 'Muirhouse Garden', '55.972694396973', '-3.2673010826111');
INSERT INTO stop (busstop, service) VALUES ('36232787', '16');
INSERT INTO stop (busstop, service) VALUES ('36232787', '27');
INSERT INTO stop (busstop, service) VALUES ('36232787', '37');
INSERT INTO stop (busstop, service) VALUES ('36232787', 'N37');
INSERT INTO busstop (sms, name, x, y) VALUES ('36232786', 'Muirhouse View', '55.9733543396', '-3.2633481025696');
INSERT INTO stop (busstop, service) VALUES ('36232786', '16');
INSERT INTO stop (busstop, service) VALUES ('36232786', '27');
INSERT INTO stop (busstop, service) VALUES ('36232786', '37');
INSERT INTO stop (busstop, service) VALUES ('36232786', 'N37');
INSERT INTO busstop (sms, name, x, y) VALUES ('36232785', 'Salvesen Crescen', '55.973968505859', '-3.2596349716187');
INSERT INTO stop (busstop, service) VALUES ('36232785', '14');
INSERT INTO stop (busstop, service) VALUES ('36232785', '16');
INSERT INTO stop (busstop, service) VALUES ('36232785', '27');
INSERT INTO busstop (sms, name, x, y) VALUES ('36232784', 'Salvesen Gardens', '55.974472045898', '-3.2551960945129');
INSERT INTO stop (busstop, service) VALUES ('36232784', '14');
INSERT INTO stop (busstop, service) VALUES ('36232784', '16');
INSERT INTO stop (busstop, service) VALUES ('36232784', '27');
INSERT INTO busstop (sms, name, x, y) VALUES ('36232783', 'West Pilton Cres', '55.974349975586', '-3.2537980079651');
INSERT INTO stop (busstop, service) VALUES ('36232783', '27');
INSERT INTO busstop (sms, name, x, y) VALUES ('36232782', 'Pennywell Place', '55.974044799805', '-3.2536759376526');
INSERT INTO stop (busstop, service) VALUES ('36232782', '14');
INSERT INTO stop (busstop, service) VALUES ('36232782', '24');
INSERT INTO stop (busstop, service) VALUES ('36232782', '32');
INSERT INTO busstop (sms, name, x, y) VALUES ('36253245', 'Frederick Street', '55.953285217285', '-3.1998810768127');
INSERT INTO stop (busstop, service) VALUES ('36253245', '19');
INSERT INTO busstop (sms, name, x, y) VALUES ('36253242', 'George Street We', '55.952239990234', '-3.2058699131012');
INSERT INTO stop (busstop, service) VALUES ('36253242', '19');
INSERT INTO busstop (sms, name, x, y) VALUES ('36232789', 'Silverknowes Pla', '55.972049713135', '-3.2715260982513');
INSERT INTO stop (busstop, service) VALUES ('36232789', '16');
INSERT INTO stop (busstop, service) VALUES ('36232789', '27');
INSERT INTO stop (busstop, service) VALUES ('36232789', '37');
INSERT INTO stop (busstop, service) VALUES ('36232789', 'N37');
INSERT INTO busstop (sms, name, x, y) VALUES ('36237894', 'Mossgiel Walk', '55.917549133301', '-3.1643419265747');
INSERT INTO stop (busstop, service) VALUES ('36237894', '31');
INSERT INTO stop (busstop, service) VALUES ('36237894', 'N31');
INSERT INTO busstop (sms, name, x, y) VALUES ('36234539', 'Cameron House Av', '55.930286407471', '-3.1588659286499');
INSERT INTO stop (busstop, service) VALUES ('36234539', '21');
INSERT INTO stop (busstop, service) VALUES ('36234539', '42');
INSERT INTO busstop (sms, name, x, y) VALUES ('36236787', 'Wester Broom', '55.935665130615', '-3.2897679805756');
INSERT INTO stop (busstop, service) VALUES ('36236787', '12');
INSERT INTO stop (busstop, service) VALUES ('36236787', '21');
INSERT INTO stop (busstop, service) VALUES ('36236787', 'X26');
INSERT INTO stop (busstop, service) VALUES ('36236787', '32');
INSERT INTO busstop (sms, name, x, y) VALUES ('36234769', 'Bernard Terrace', '55.941596984863', '-3.1780650615692');
INSERT INTO stop (busstop, service) VALUES ('36234769', '2');
INSERT INTO busstop (sms, name, x, y) VALUES ('64323572', 'Damhead Holdings', '55.879608154297', '-3.1927309036255');
INSERT INTO stop (busstop, service) VALUES ('64323572', '15');
INSERT INTO stop (busstop, service) VALUES ('64323572', '15A');
INSERT INTO busstop (sms, name, x, y) VALUES ('36238434', 'Drum Street', '55.905086517334', '-3.1313700675964');
INSERT INTO stop (busstop, service) VALUES ('36238434', '3');
INSERT INTO stop (busstop, service) VALUES ('36238434', '3A');
INSERT INTO stop (busstop, service) VALUES ('36238434', '29');
INSERT INTO stop (busstop, service) VALUES ('36238434', 'X29');
INSERT INTO stop (busstop, service) VALUES ('36238434', 'N3');
INSERT INTO busstop (sms, name, x, y) VALUES ('64323574', 'A702 Damhead', '55.88720703125', '-3.197793006897');
INSERT INTO stop (busstop, service) VALUES ('64323574', '15');
INSERT INTO stop (busstop, service) VALUES ('64323574', '15A');
INSERT INTO busstop (sms, name, x, y) VALUES ('64323575', 'Damhead', '55.887363433838', '-3.197557926178');
INSERT INTO stop (busstop, service) VALUES ('64323575', '15');
INSERT INTO stop (busstop, service) VALUES ('64323575', '15A');
INSERT INTO busstop (sms, name, x, y) VALUES ('36242685', 'Cameron Toll Cen', '55.927791595459', '-3.1645369529724');
INSERT INTO stop (busstop, service) VALUES ('36242685', '24');
INSERT INTO stop (busstop, service) VALUES ('36242685', '38');
INSERT INTO stop (busstop, service) VALUES ('36242685', '42');
INSERT INTO stop (busstop, service) VALUES ('36242685', '49');
INSERT INTO busstop (sms, name, x, y) VALUES ('36242687', 'St James Hotel', '55.954299926758', '-3.1878199577332');
INSERT INTO stop (busstop, service) VALUES ('36242687', '1');
INSERT INTO stop (busstop, service) VALUES ('36242687', '5');
INSERT INTO stop (busstop, service) VALUES ('36242687', '19');
INSERT INTO stop (busstop, service) VALUES ('36242687', '34');
INSERT INTO busstop (sms, name, x, y) VALUES ('36232439', 'Hayfield', '55.949840545654', '-3.308737039566');
INSERT INTO stop (busstop, service) VALUES ('36232439', '31');
INSERT INTO busstop (sms, name, x, y) VALUES ('36232438', 'Almond Green', '55.949504852295', '-3.3122959136963');
INSERT INTO stop (busstop, service) VALUES ('36232438', '31');
INSERT INTO busstop (sms, name, x, y) VALUES ('36232437', 'Craigs Road', '55.947887420654', '-3.3143229484558');
INSERT INTO stop (busstop, service) VALUES ('36232437', '31');
INSERT INTO busstop (sms, name, x, y) VALUES ('36232436', 'South Maybury', '55.941825866699', '-3.3128368854523');
INSERT INTO stop (busstop, service) VALUES ('36232436', '31');
INSERT INTO busstop (sms, name, x, y) VALUES ('36239646', 'Grays Loan', '55.930145263672', '-3.2231109142303');
INSERT INTO stop (busstop, service) VALUES ('36239646', '45');
INSERT INTO busstop (sms, name, x, y) VALUES ('64323974', 'Fourth Street', '55.8649559021', '-3.0662059783936');
INSERT INTO stop (busstop, service) VALUES ('64323974', '3');
INSERT INTO stop (busstop, service) VALUES ('64323974', '3A');
INSERT INTO stop (busstop, service) VALUES ('64323974', '29');
INSERT INTO stop (busstop, service) VALUES ('64323974', 'X29');
INSERT INTO stop (busstop, service) VALUES ('64323974', 'N3');
INSERT INTO busstop (sms, name, x, y) VALUES ('64323975', 'Dean Park Place', '55.864864349365', '-3.0663630962372');
INSERT INTO stop (busstop, service) VALUES ('64323975', '3');
INSERT INTO stop (busstop, service) VALUES ('64323975', '3A');
INSERT INTO stop (busstop, service) VALUES ('64323975', '29');
INSERT INTO stop (busstop, service) VALUES ('64323975', 'X29');
INSERT INTO stop (busstop, service) VALUES ('64323975', 'N3');
INSERT INTO busstop (sms, name, x, y) VALUES ('64323972', 'Dean Park Place', '55.866569519043', '-3.0665700435638');
INSERT INTO stop (busstop, service) VALUES ('64323972', '3');
INSERT INTO stop (busstop, service) VALUES ('64323972', '3A');
INSERT INTO stop (busstop, service) VALUES ('64323972', '29');
INSERT INTO stop (busstop, service) VALUES ('64323972', 'X29');
INSERT INTO stop (busstop, service) VALUES ('64323972', 'N3');
INSERT INTO busstop (sms, name, x, y) VALUES ('64323973', 'Dean Park Place', '55.866836547852', '-3.0670568943024');
INSERT INTO stop (busstop, service) VALUES ('64323973', '3');
INSERT INTO stop (busstop, service) VALUES ('64323973', '3A');
INSERT INTO stop (busstop, service) VALUES ('64323973', '29');
INSERT INTO stop (busstop, service) VALUES ('64323973', 'X29');
INSERT INTO stop (busstop, service) VALUES ('64323973', 'N3');
INSERT INTO busstop (sms, name, x, y) VALUES ('36243246', 'Scott Monument', '55.952396392822', '-3.195305109024');
INSERT INTO stop (busstop, service) VALUES ('36243246', '3');
INSERT INTO stop (busstop, service) VALUES ('36243246', '3A');
INSERT INTO stop (busstop, service) VALUES ('36243246', '29');
INSERT INTO stop (busstop, service) VALUES ('36243246', 'X29');
INSERT INTO stop (busstop, service) VALUES ('36243246', '30');
INSERT INTO stop (busstop, service) VALUES ('36243246', '31');
INSERT INTO stop (busstop, service) VALUES ('36243246', 'X31');
INSERT INTO stop (busstop, service) VALUES ('36243246', '33');
INSERT INTO stop (busstop, service) VALUES ('36243246', '37');
INSERT INTO stop (busstop, service) VALUES ('36243246', '42');
INSERT INTO stop (busstop, service) VALUES ('36243246', '47');
INSERT INTO stop (busstop, service) VALUES ('36243246', 'X47');
INSERT INTO stop (busstop, service) VALUES ('36243246', '48');
INSERT INTO stop (busstop, service) VALUES ('36243246', 'X48');
INSERT INTO stop (busstop, service) VALUES ('36243246', 'N3');
INSERT INTO stop (busstop, service) VALUES ('36243246', 'N30');
INSERT INTO stop (busstop, service) VALUES ('36243246', 'N31');
INSERT INTO stop (busstop, service) VALUES ('36243246', 'N37');
INSERT INTO busstop (sms, name, x, y) VALUES ('36239469', 'Saughton Mains A', '55.928554534912', '-3.2656519412994');
INSERT INTO stop (busstop, service) VALUES ('36239469', '1');
INSERT INTO stop (busstop, service) VALUES ('36239469', '3');
INSERT INTO stop (busstop, service) VALUES ('36239469', '3A');
INSERT INTO stop (busstop, service) VALUES ('36239469', '25');
INSERT INTO stop (busstop, service) VALUES ('36239469', '30');
INSERT INTO stop (busstop, service) VALUES ('36239469', '33');
INSERT INTO stop (busstop, service) VALUES ('36239469', '35');
INSERT INTO stop (busstop, service) VALUES ('36239469', 'N25');
INSERT INTO stop (busstop, service) VALUES ('36239469', 'N30');
INSERT INTO busstop (sms, name, x, y) VALUES ('64323767', 'Edgefield Road', '55.880447387695', '-3.1516740322113');
INSERT INTO stop (busstop, service) VALUES ('64323767', '37');
INSERT INTO stop (busstop, service) VALUES ('64323767', 'N37');
INSERT INTO busstop (sms, name, x, y) VALUES ('36239463', 'Calder Gardens', '55.920074462891', '-3.2963879108429');
INSERT INTO stop (busstop, service) VALUES ('36239463', '20');
INSERT INTO busstop (sms, name, x, y) VALUES ('64323769', 'George Avenue', '55.876926422119', '-3.1534879207611');
INSERT INTO stop (busstop, service) VALUES ('64323769', '37');
INSERT INTO stop (busstop, service) VALUES ('64323769', 'N37');
INSERT INTO busstop (sms, name, x, y) VALUES ('64323765', 'Dryden Road', '55.874996185303', '-3.1678159236908');
INSERT INTO stop (busstop, service) VALUES ('64323765', '37');
INSERT INTO stop (busstop, service) VALUES ('64323765', 'N37');
INSERT INTO busstop (sms, name, x, y) VALUES ('64323768', 'Edgefield Road', '55.880889892578', '-3.1526460647583');
INSERT INTO stop (busstop, service) VALUES ('64323768', '37');
INSERT INTO stop (busstop, service) VALUES ('64323768', 'N37');
INSERT INTO busstop (sms, name, x, y) VALUES ('64323484', 'Dobbies Garden C', '55.896850585938', '-3.1012079715729');
INSERT INTO stop (busstop, service) VALUES ('64323484', '3');
INSERT INTO stop (busstop, service) VALUES ('64323484', '3A');
INSERT INTO stop (busstop, service) VALUES ('64323484', '29');
INSERT INTO stop (busstop, service) VALUES ('64323484', 'X29');
INSERT INTO stop (busstop, service) VALUES ('64323484', 'N3');
INSERT INTO busstop (sms, name, x, y) VALUES ('64323485', 'Dobbies Garden C', '55.896823883057', '-3.1001839637756');
INSERT INTO stop (busstop, service) VALUES ('64323485', '3');
INSERT INTO stop (busstop, service) VALUES ('64323485', '3A');
INSERT INTO stop (busstop, service) VALUES ('64323485', '29');
INSERT INTO stop (busstop, service) VALUES ('64323485', 'X29');
INSERT INTO stop (busstop, service) VALUES ('64323485', 'N3');
INSERT INTO busstop (sms, name, x, y) VALUES ('64323482', 'Croft Street', '55.892795562744', '-3.0730140209198');
INSERT INTO stop (busstop, service) VALUES ('64323482', '3');
INSERT INTO stop (busstop, service) VALUES ('64323482', '3A');
INSERT INTO stop (busstop, service) VALUES ('64323482', '49');
INSERT INTO stop (busstop, service) VALUES ('64323482', 'N3');
INSERT INTO busstop (sms, name, x, y) VALUES ('64323489', 'Kings Park', '55.891616821289', '-3.0741169452667');
INSERT INTO stop (busstop, service) VALUES ('64323489', '3');
INSERT INTO stop (busstop, service) VALUES ('64323489', '3A');
INSERT INTO stop (busstop, service) VALUES ('64323489', '49');
INSERT INTO stop (busstop, service) VALUES ('64323489', 'N3');
INSERT INTO busstop (sms, name, x, y) VALUES ('36232323', 'Mill Lane', '55.974697113037', '-3.1784460544586');
INSERT INTO stop (busstop, service) VALUES ('36232323', '1');
INSERT INTO stop (busstop, service) VALUES ('36232323', '7');
INSERT INTO stop (busstop, service) VALUES ('36232323', '10');
INSERT INTO stop (busstop, service) VALUES ('36232323', '14');
INSERT INTO stop (busstop, service) VALUES ('36232323', '21');
INSERT INTO stop (busstop, service) VALUES ('36232323', '34');
INSERT INTO busstop (sms, name, x, y) VALUES ('36232325', 'Swanfield', '55.972370147705', '-3.1758909225464');
INSERT INTO stop (busstop, service) VALUES ('36232325', '36');
INSERT INTO busstop (sms, name, x, y) VALUES ('36232324', 'Mill Lane', '55.974781036377', '-3.1782720088959');
INSERT INTO stop (busstop, service) VALUES ('36232324', '1');
INSERT INTO stop (busstop, service) VALUES ('36232324', '7');
INSERT INTO stop (busstop, service) VALUES ('36232324', '10');
INSERT INTO stop (busstop, service) VALUES ('36232324', '14');
INSERT INTO stop (busstop, service) VALUES ('36232324', '21');
INSERT INTO stop (busstop, service) VALUES ('36232324', '34');
INSERT INTO busstop (sms, name, x, y) VALUES ('36232327', 'Bonnington Prima', '55.97095489502', '-3.179181098938');
INSERT INTO stop (busstop, service) VALUES ('36232327', '36');
INSERT INTO busstop (sms, name, x, y) VALUES ('36232326', 'Swanfield', '55.972240447998', '-3.1761438846588');
INSERT INTO stop (busstop, service) VALUES ('36232326', '36');
INSERT INTO busstop (sms, name, x, y) VALUES ('36232329', 'Powderhall', '55.965942382812', '-3.1892020702362');
INSERT INTO stop (busstop, service) VALUES ('36232329', '36');
INSERT INTO busstop (sms, name, x, y) VALUES ('58232798', 'Stoneybank Avenu', '55.935611724854', '-3.0639998912811');
INSERT INTO stop (busstop, service) VALUES ('58232798', '30');
INSERT INTO stop (busstop, service) VALUES ('58232798', 'N30');
INSERT INTO busstop (sms, name, x, y) VALUES ('36234792', 'Nelson Hall', '55.941719055176', '-3.1785650253296');
INSERT INTO stop (busstop, service) VALUES ('36234792', '2');
INSERT INTO busstop (sms, name, x, y) VALUES ('36234793', 'Rankeillor Stree', '55.943172454834', '-3.1797459125519');
INSERT INTO stop (busstop, service) VALUES ('36234793', '2');
INSERT INTO busstop (sms, name, x, y) VALUES ('36234796', 'St Patrick Squar', '55.943134307861', '-3.1829791069031');
INSERT INTO stop (busstop, service) VALUES ('36234796', '3');
INSERT INTO stop (busstop, service) VALUES ('36234796', '3A');
INSERT INTO stop (busstop, service) VALUES ('36234796', '5');
INSERT INTO stop (busstop, service) VALUES ('36234796', '8');
INSERT INTO stop (busstop, service) VALUES ('36234796', '14');
INSERT INTO stop (busstop, service) VALUES ('36234796', '29');
INSERT INTO stop (busstop, service) VALUES ('36234796', '30');
INSERT INTO stop (busstop, service) VALUES ('36234796', '33');
INSERT INTO stop (busstop, service) VALUES ('36234796', '48');
INSERT INTO stop (busstop, service) VALUES ('36234796', 'X48');
INSERT INTO stop (busstop, service) VALUES ('36234796', '49');
INSERT INTO stop (busstop, service) VALUES ('36234796', 'N3');
INSERT INTO stop (busstop, service) VALUES ('36234796', 'N30');
INSERT INTO busstop (sms, name, x, y) VALUES ('36248329', 'St Andrew Square', '55.954849243164', '-3.1943869590759');
INSERT INTO stop (busstop, service) VALUES ('36248329', '4');
INSERT INTO stop (busstop, service) VALUES ('36248329', '8');
INSERT INTO stop (busstop, service) VALUES ('36248329', '10');
INSERT INTO stop (busstop, service) VALUES ('36248329', '11');
INSERT INTO stop (busstop, service) VALUES ('36248329', '12');
INSERT INTO stop (busstop, service) VALUES ('36248329', '15');
INSERT INTO stop (busstop, service) VALUES ('36248329', '15A');
INSERT INTO stop (busstop, service) VALUES ('36248329', '16');
INSERT INTO stop (busstop, service) VALUES ('36248329', '26');
INSERT INTO stop (busstop, service) VALUES ('36248329', '44');
INSERT INTO stop (busstop, service) VALUES ('36248329', '44A');
INSERT INTO stop (busstop, service) VALUES ('36248329', '45');
INSERT INTO stop (busstop, service) VALUES ('36248329', 'N31');
INSERT INTO busstop (sms, name, x, y) VALUES ('36234794', 'Pleasance', '55.944347381592', '-3.1810619831085');
INSERT INTO stop (busstop, service) VALUES ('36234794', '2');
INSERT INTO busstop (sms, name, x, y) VALUES ('36234795', 'West Richmond St', '55.945655822754', '-3.1830880641937');
INSERT INTO stop (busstop, service) VALUES ('36234795', '2');
INSERT INTO busstop (sms, name, x, y) VALUES ('36234798', 'Queens Hall', '55.941413879395', '-3.1812450885773');
INSERT INTO stop (busstop, service) VALUES ('36234798', '3');
INSERT INTO stop (busstop, service) VALUES ('36234798', '3A');
INSERT INTO stop (busstop, service) VALUES ('36234798', '5');
INSERT INTO stop (busstop, service) VALUES ('36234798', '8');
INSERT INTO stop (busstop, service) VALUES ('36234798', '14');
INSERT INTO stop (busstop, service) VALUES ('36234798', '29');
INSERT INTO stop (busstop, service) VALUES ('36234798', '30');
INSERT INTO stop (busstop, service) VALUES ('36234798', '33');
INSERT INTO stop (busstop, service) VALUES ('36234798', '48');
INSERT INTO stop (busstop, service) VALUES ('36234798', '49');
INSERT INTO stop (busstop, service) VALUES ('36234798', 'N3');
INSERT INTO stop (busstop, service) VALUES ('36234798', 'N30');
INSERT INTO busstop (sms, name, x, y) VALUES ('64323628', 'Little Acre', '55.880744934082', '-3.0480949878693');
INSERT INTO stop (busstop, service) VALUES ('64323628', '3');
INSERT INTO stop (busstop, service) VALUES ('64323628', '3A');
INSERT INTO stop (busstop, service) VALUES ('64323628', 'N3');
INSERT INTO busstop (sms, name, x, y) VALUES ('64323629', 'Little Acre', '55.880920410156', '-3.0485799312592');
INSERT INTO stop (busstop, service) VALUES ('64323629', '3');
INSERT INTO stop (busstop, service) VALUES ('64323629', '3A');
INSERT INTO stop (busstop, service) VALUES ('64323629', 'N3');
INSERT INTO busstop (sms, name, x, y) VALUES ('36232929', 'Findlay Avenue', '55.962524414062', '-3.1487119197845');
INSERT INTO stop (busstop, service) VALUES ('36232929', '19');
INSERT INTO stop (busstop, service) VALUES ('36232929', '21');
INSERT INTO stop (busstop, service) VALUES ('36232929', '25');
INSERT INTO stop (busstop, service) VALUES ('36232929', '42');
INSERT INTO stop (busstop, service) VALUES ('36232929', '49');
INSERT INTO stop (busstop, service) VALUES ('36232929', 'N25');
INSERT INTO busstop (sms, name, x, y) VALUES ('36232928', 'Restalrig Road S', '55.962322235107', '-3.1521339416504');
INSERT INTO stop (busstop, service) VALUES ('36232928', '19');
INSERT INTO stop (busstop, service) VALUES ('36232928', '21');
INSERT INTO stop (busstop, service) VALUES ('36232928', '25');
INSERT INTO stop (busstop, service) VALUES ('36232928', '42');
INSERT INTO stop (busstop, service) VALUES ('36232928', '49');
INSERT INTO stop (busstop, service) VALUES ('36232928', 'N25');
INSERT INTO busstop (sms, name, x, y) VALUES ('36232923', 'East Hermitage P', '55.969528198242', '-3.1635639667511');
INSERT INTO stop (busstop, service) VALUES ('36232923', '12');
INSERT INTO stop (busstop, service) VALUES ('36232923', '21');
INSERT INTO stop (busstop, service) VALUES ('36232923', '25');
INSERT INTO stop (busstop, service) VALUES ('36232923', 'N25');
INSERT INTO busstop (sms, name, x, y) VALUES ('36232927', 'Restalrig Square', '55.963634490967', '-3.1540470123291');
INSERT INTO stop (busstop, service) VALUES ('36232927', '21');
INSERT INTO stop (busstop, service) VALUES ('36232927', '25');
INSERT INTO stop (busstop, service) VALUES ('36232927', '34');
INSERT INTO stop (busstop, service) VALUES ('36232927', 'N25');
INSERT INTO busstop (sms, name, x, y) VALUES ('36232926', 'Restalrig Cresce', '55.965213775635', '-3.1550080776215');
INSERT INTO stop (busstop, service) VALUES ('36232926', '21');
INSERT INTO stop (busstop, service) VALUES ('36232926', '25');
INSERT INTO stop (busstop, service) VALUES ('36232926', 'N25');
INSERT INTO busstop (sms, name, x, y) VALUES ('64323626', 'Easthouses Way', '55.882556915283', '-3.0495829582214');
INSERT INTO stop (busstop, service) VALUES ('64323626', '3');
INSERT INTO stop (busstop, service) VALUES ('64323626', '3A');
INSERT INTO stop (busstop, service) VALUES ('64323626', 'N3');
INSERT INTO busstop (sms, name, x, y) VALUES ('64323627', 'Easthouses Way', '55.881816864014', '-3.0489399433136');
INSERT INTO stop (busstop, service) VALUES ('64323627', '3');
INSERT INTO stop (busstop, service) VALUES ('64323627', '3A');
INSERT INTO stop (busstop, service) VALUES ('64323627', 'N3');
INSERT INTO busstop (sms, name, x, y) VALUES ('36242432', 'Gyle Centre', '55.937938690186', '-3.3150749206543');
INSERT INTO stop (busstop, service) VALUES ('36242432', '35');
INSERT INTO busstop (sms, name, x, y) VALUES ('36245697', 'Queen St Gardens', '55.955154418945', '-3.2015240192413');
INSERT INTO stop (busstop, service) VALUES ('36245697', '24');
INSERT INTO stop (busstop, service) VALUES ('36245697', '29');
INSERT INTO stop (busstop, service) VALUES ('36245697', 'X29');
INSERT INTO stop (busstop, service) VALUES ('36245697', '42');
INSERT INTO busstop (sms, name, x, y) VALUES ('36246582', 'RBS HQ to Edinbu', '55.935516357422', '-3.3321549892426');
INSERT INTO stop (busstop, service) VALUES ('36246582', '26');
INSERT INTO stop (busstop, service) VALUES ('36246582', 'X26');
INSERT INTO stop (busstop, service) VALUES ('36246582', '35');
INSERT INTO stop (busstop, service) VALUES ('36246582', '48');
INSERT INTO stop (busstop, service) VALUES ('36246582', 'X48');
INSERT INTO busstop (sms, name, x, y) VALUES ('36246589', 'Hillwood Road', '55.937728881836', '-3.3913540840149');
INSERT INTO stop (busstop, service) VALUES ('36246589', '48');
INSERT INTO stop (busstop, service) VALUES ('36246589', 'X48');
INSERT INTO busstop (sms, name, x, y) VALUES ('36247364', 'Harvesters Way (', '55.912937164307', '-3.2847900390625');
INSERT INTO stop (busstop, service) VALUES ('36247364', '30');
INSERT INTO busstop (sms, name, x, y) VALUES ('36237976', 'Willowbrae Garde', '55.951835632324', '-3.1434469223022');
INSERT INTO stop (busstop, service) VALUES ('36237976', '44');
INSERT INTO stop (busstop, service) VALUES ('36237976', '45');
INSERT INTO stop (busstop, service) VALUES ('36237976', 'N44');
INSERT INTO busstop (sms, name, x, y) VALUES ('36237975', 'St Clair Terrace', '55.922245025635', '-3.2212300300598');
INSERT INTO stop (busstop, service) VALUES ('36237975', '41');
INSERT INTO busstop (sms, name, x, y) VALUES ('36237974', 'Clayhills Grove', '55.881538391113', '-3.3478579521179');
INSERT INTO stop (busstop, service) VALUES ('36237974', '44');
INSERT INTO stop (busstop, service) VALUES ('36237974', '44A');
INSERT INTO stop (busstop, service) VALUES ('36237974', 'N44');
INSERT INTO busstop (sms, name, x, y) VALUES ('36237973', 'Pilrig Park', '55.967628479004', '-3.1828451156616');
INSERT INTO stop (busstop, service) VALUES ('36237973', '11');
INSERT INTO busstop (sms, name, x, y) VALUES ('36237972', 'Broomhouse Road', '55.929336547852', '-3.2871890068054');
INSERT INTO stop (busstop, service) VALUES ('36237972', '2');
INSERT INTO stop (busstop, service) VALUES ('36237972', '12');
INSERT INTO stop (busstop, service) VALUES ('36237972', '21');
INSERT INTO stop (busstop, service) VALUES ('36237972', '22');
INSERT INTO stop (busstop, service) VALUES ('36237972', 'X26');
INSERT INTO stop (busstop, service) VALUES ('36237972', '32');
INSERT INTO stop (busstop, service) VALUES ('36237972', 'N22');
INSERT INTO busstop (sms, name, x, y) VALUES ('36239864', 'Edinburgh Park S', '55.927619934082', '-3.3102600574493');
INSERT INTO stop (busstop, service) VALUES ('36239864', '2');
INSERT INTO busstop (sms, name, x, y) VALUES ('36247969', 'Newhailes garden', '55.937030792236', '-3.0856990814209');
INSERT INTO stop (busstop, service) VALUES ('36247969', '30');
INSERT INTO stop (busstop, service) VALUES ('36247969', 'N30');
INSERT INTO busstop (sms, name, x, y) VALUES ('36239575', 'Grays Loan', '55.929664611816', '-3.2244079113007');
INSERT INTO stop (busstop, service) VALUES ('36239575', '45');
INSERT INTO busstop (sms, name, x, y) VALUES ('36247563', 'Saltire Square', '55.980888366699', '-3.2364120483398');
INSERT INTO stop (busstop, service) VALUES ('36247563', '38');
INSERT INTO stop (busstop, service) VALUES ('36247563', '47');
INSERT INTO stop (busstop, service) VALUES ('36247563', 'X47');
INSERT INTO busstop (sms, name, x, y) VALUES ('36238424', 'opp Fire Station', '55.968482971191', '-3.2376339435577');
INSERT INTO stop (busstop, service) VALUES ('36238424', '21');
INSERT INTO stop (busstop, service) VALUES ('36238424', '27');
INSERT INTO stop (busstop, service) VALUES ('36238424', '29');
INSERT INTO stop (busstop, service) VALUES ('36238424', 'X29');
INSERT INTO stop (busstop, service) VALUES ('36238424', '37');
INSERT INTO stop (busstop, service) VALUES ('36238424', 'N37');
INSERT INTO busstop (sms, name, x, y) VALUES ('36238425', 'Boswall Drive', '55.97021484375', '-3.2188789844513');
INSERT INTO stop (busstop, service) VALUES ('36238425', '21');
INSERT INTO stop (busstop, service) VALUES ('36238425', '27');
INSERT INTO busstop (sms, name, x, y) VALUES ('36238426', 'Pilton Drive', '55.968921661377', '-3.2315759658813');
INSERT INTO stop (busstop, service) VALUES ('36238426', '21');
INSERT INTO stop (busstop, service) VALUES ('36238426', '27');
INSERT INTO busstop (sms, name, x, y) VALUES ('36238427', 'Hill Street', '55.953838348389', '-3.2012588977814');
INSERT INTO stop (busstop, service) VALUES ('36238427', '24');
INSERT INTO stop (busstop, service) VALUES ('36238427', '29');
INSERT INTO stop (busstop, service) VALUES ('36238427', 'X29');
INSERT INTO stop (busstop, service) VALUES ('36238427', '42');
INSERT INTO busstop (sms, name, x, y) VALUES ('58232789', 'Monktonhall Ter.', '55.93383026123', '-3.0607340335846');
INSERT INTO stop (busstop, service) VALUES ('58232789', '30');
INSERT INTO stop (busstop, service) VALUES ('58232789', 'N30');
INSERT INTO busstop (sms, name, x, y) VALUES ('36238423', 'Pilton Drive', '55.969329833984', '-3.2276470661163');
INSERT INTO stop (busstop, service) VALUES ('36238423', '21');
INSERT INTO stop (busstop, service) VALUES ('36238423', '27');
INSERT INTO busstop (sms, name, x, y) VALUES ('36238429', 'Moredun Park Roa', '55.913059234619', '-3.1458249092102');
INSERT INTO stop (busstop, service) VALUES ('36238429', '3');
INSERT INTO stop (busstop, service) VALUES ('36238429', '3A');
INSERT INTO stop (busstop, service) VALUES ('36238429', '29');
INSERT INTO stop (busstop, service) VALUES ('36238429', 'N3');
INSERT INTO busstop (sms, name, x, y) VALUES ('58232785', 'Eskview Terrace', '55.938949584961', '-3.0613539218903');
INSERT INTO stop (busstop, service) VALUES ('58232785', '30');
INSERT INTO stop (busstop, service) VALUES ('58232785', 'N30');
INSERT INTO busstop (sms, name, x, y) VALUES ('36232925', 'Restalrig Road', '55.967483520508', '-3.1575100421906');
INSERT INTO stop (busstop, service) VALUES ('36232925', '21');
INSERT INTO stop (busstop, service) VALUES ('36232925', '25');
INSERT INTO stop (busstop, service) VALUES ('36232925', 'N25');
INSERT INTO busstop (sms, name, x, y) VALUES ('58232797', 'Mayfield Cresc.', '55.932842254639', '-3.0607070922852');
INSERT INTO stop (busstop, service) VALUES ('58232797', '30');
INSERT INTO stop (busstop, service) VALUES ('58232797', 'N30');
INSERT INTO busstop (sms, name, x, y) VALUES ('36238738', 'Redford Road', '55.903945922852', '-3.2233901023865');
INSERT INTO stop (busstop, service) VALUES ('36238738', '16');
INSERT INTO stop (busstop, service) VALUES ('36238738', 'N16');
INSERT INTO busstop (sms, name, x, y) VALUES ('36243939', 'Lochend Rd Sth', '55.961811065674', '-3.158607006073');
INSERT INTO stop (busstop, service) VALUES ('36243939', '49');
INSERT INTO busstop (sms, name, x, y) VALUES ('36235789', 'Saughton Grove', '55.932941436768', '-3.270693063736');
INSERT INTO stop (busstop, service) VALUES ('36235789', '1');
INSERT INTO stop (busstop, service) VALUES ('36235789', '2');
INSERT INTO stop (busstop, service) VALUES ('36235789', '22');
INSERT INTO stop (busstop, service) VALUES ('36235789', 'N22');
INSERT INTO busstop (sms, name, x, y) VALUES ('36235782', 'Dunsmuir Court', '55.94006729126', '-3.291307926178');
INSERT INTO stop (busstop, service) VALUES ('36235782', '1');
INSERT INTO busstop (sms, name, x, y) VALUES ('36235783', 'Dunsmuir Court', '55.939964294434', '-3.2882781028748');
INSERT INTO stop (busstop, service) VALUES ('36235783', '1');
INSERT INTO busstop (sms, name, x, y) VALUES ('36235836', 'Lennel Avenue', '55.950805664062', '-3.2444050312042');
INSERT INTO stop (busstop, service) VALUES ('36235836', '38');
INSERT INTO busstop (sms, name, x, y) VALUES ('36235837', 'Craigleith Rise', '55.950706481934', '-3.2467560768127');
INSERT INTO stop (busstop, service) VALUES ('36235837', '38');
INSERT INTO busstop (sms, name, x, y) VALUES ('36235786', 'Broomhall Avenue', '55.93514251709', '-3.2777609825134');
INSERT INTO stop (busstop, service) VALUES ('36235786', '1');
INSERT INTO busstop (sms, name, x, y) VALUES ('36235787', 'Saughton Drive', '55.932231903076', '-3.2731509208679');
INSERT INTO stop (busstop, service) VALUES ('36235787', '1');
INSERT INTO stop (busstop, service) VALUES ('36235787', '2');
INSERT INTO stop (busstop, service) VALUES ('36235787', '22');
INSERT INTO stop (busstop, service) VALUES ('36235787', 'N22');
INSERT INTO busstop (sms, name, x, y) VALUES ('36235784', 'Hall Terrace', '55.940402984619', '-3.2818078994751');
INSERT INTO stop (busstop, service) VALUES ('36235784', '1');
INSERT INTO busstop (sms, name, x, y) VALUES ('36235785', 'Castle Avenue', '55.937931060791', '-3.2800140380859');
INSERT INTO stop (busstop, service) VALUES ('36235785', '1');
INSERT INTO busstop (sms, name, x, y) VALUES ('58232962', 'Ormiston Road', '55.937976837158', '-2.9435319900513');
INSERT INTO stop (busstop, service) VALUES ('58232962', '44');
INSERT INTO stop (busstop, service) VALUES ('58232962', '44A');
INSERT INTO stop (busstop, service) VALUES ('58232962', 'N44');
INSERT INTO busstop (sms, name, x, y) VALUES ('36232698', 'Queensferry Terr', '55.954959869385', '-3.2260549068451');
INSERT INTO stop (busstop, service) VALUES ('36232698', '41');
INSERT INTO busstop (sms, name, x, y) VALUES ('36243929', 'Lochend Castle B', '55.961666107178', '-3.1588590145111');
INSERT INTO stop (busstop, service) VALUES ('36243929', '49');
INSERT INTO busstop (sms, name, x, y) VALUES ('36238723', 'Drum Bae South', '55.960311889648', '-3.3000071048737');
INSERT INTO stop (busstop, service) VALUES ('36238723', '32');
INSERT INTO stop (busstop, service) VALUES ('36238723', '41');
INSERT INTO busstop (sms, name, x, y) VALUES ('36235942', 'Longstone Place', '55.921676635742', '-3.2634429931641');
INSERT INTO stop (busstop, service) VALUES ('36235942', '20');
INSERT INTO busstop (sms, name, x, y) VALUES ('36235943', 'opp 83 at Kingsk', '55.9231300354', '-3.2617619037628');
INSERT INTO stop (busstop, service) VALUES ('36235943', '20');
INSERT INTO busstop (sms, name, x, y) VALUES ('36235945', 'Longstone Grove', '55.923004150391', '-3.2617580890656');
INSERT INTO stop (busstop, service) VALUES ('36235945', '20');
INSERT INTO busstop (sms, name, x, y) VALUES ('36235498', 'Forth Street', '55.957466125488', '-3.1883969306946');
INSERT INTO stop (busstop, service) VALUES ('36235498', '8');
INSERT INTO stop (busstop, service) VALUES ('36235498', 'N8');
INSERT INTO busstop (sms, name, x, y) VALUES ('36235947', 'Haugh Park', '55.924903869629', '-3.2597069740295');
INSERT INTO stop (busstop, service) VALUES ('36235947', '20');
INSERT INTO busstop (sms, name, x, y) VALUES ('36235948', 'at bowling green', '55.923202514648', '-3.2484180927277');
INSERT INTO stop (busstop, service) VALUES ('36235948', '20');
INSERT INTO stop (busstop, service) VALUES ('36235948', '34');
INSERT INTO stop (busstop, service) VALUES ('36235948', '44');
INSERT INTO stop (busstop, service) VALUES ('36235948', 'N44');
INSERT INTO busstop (sms, name, x, y) VALUES ('36235497', 'Broughton Place', '55.958797454834', '-3.1902000904083');
INSERT INTO stop (busstop, service) VALUES ('36235497', '8');
INSERT INTO stop (busstop, service) VALUES ('36235497', 'N8');
INSERT INTO busstop (sms, name, x, y) VALUES ('36235825', 'Saughtonhall Cre', '55.943271636963', '-3.2516889572144');
INSERT INTO stop (busstop, service) VALUES ('36235825', '38');
INSERT INTO busstop (sms, name, x, y) VALUES ('36238375', 'Niddrie Mains Ro', '55.934867858887', '-3.1143569946289');
INSERT INTO stop (busstop, service) VALUES ('36238375', '2');
INSERT INTO stop (busstop, service) VALUES ('36238375', '21');
INSERT INTO busstop (sms, name, x, y) VALUES ('58232467', 'Galt Road', '55.942924499512', '-3.0159909725189');
INSERT INTO stop (busstop, service) VALUES ('58232467', 'N44');
INSERT INTO busstop (sms, name, x, y) VALUES ('58232464', 'Macbeth Moir', '55.942199707031', '-3.0167720317841');
INSERT INTO stop (busstop, service) VALUES ('58232464', '44');
INSERT INTO stop (busstop, service) VALUES ('58232464', '44A');
INSERT INTO busstop (sms, name, x, y) VALUES ('36235824', 'Saughtonhall Dri', '55.941921234131', '-3.2518060207367');
INSERT INTO stop (busstop, service) VALUES ('36235824', '38');
INSERT INTO busstop (sms, name, x, y) VALUES ('58232462', 'Macbeth Moir', '55.941867828369', '-3.0190689563751');
INSERT INTO stop (busstop, service) VALUES ('58232462', '44');
INSERT INTO stop (busstop, service) VALUES ('58232462', '44A');
INSERT INTO busstop (sms, name, x, y) VALUES ('58232463', 'Macbeth Moir', '55.941829681396', '-3.0182030200958');
INSERT INTO stop (busstop, service) VALUES ('58232463', '44');
INSERT INTO busstop (sms, name, x, y) VALUES ('36235823', 'Saughtonhall Chu', '55.941566467285', '-3.251473903656');
INSERT INTO stop (busstop, service) VALUES ('36235823', '38');
INSERT INTO busstop (sms, name, x, y) VALUES ('58232468', 'Wallyford Loan', '55.940811157227', '-3.0118050575256');
INSERT INTO stop (busstop, service) VALUES ('58232468', '44');
INSERT INTO stop (busstop, service) VALUES ('58232468', '44A');
INSERT INTO stop (busstop, service) VALUES ('58232468', 'N44');
INSERT INTO busstop (sms, name, x, y) VALUES ('58232469', 'Wallyford Statio', '55.940723419189', '-3.0115458965302');
INSERT INTO stop (busstop, service) VALUES ('58232469', '44');
INSERT INTO stop (busstop, service) VALUES ('58232469', 'N44');
INSERT INTO busstop (sms, name, x, y) VALUES ('36238725', 'at Barnton Hotel', '55.960845947266', '-3.3054389953613');
INSERT INTO stop (busstop, service) VALUES ('36238725', '41');
INSERT INTO busstop (sms, name, x, y) VALUES ('36238724', 'Drum Bae South', '55.960548400879', '-3.3033149242401');
INSERT INTO stop (busstop, service) VALUES ('36238724', '41');
INSERT INTO busstop (sms, name, x, y) VALUES ('36236848', 'Bookers', '55.93123626709', '-3.3056440353394');
INSERT INTO stop (busstop, service) VALUES ('36236848', '2');
INSERT INTO stop (busstop, service) VALUES ('36236848', '18');
INSERT INTO stop (busstop, service) VALUES ('36236848', '22');
INSERT INTO stop (busstop, service) VALUES ('36236848', '35');
INSERT INTO busstop (sms, name, x, y) VALUES ('36236849', 'ICL Service Cent', '55.929714202881', '-3.3025679588318');
INSERT INTO stop (busstop, service) VALUES ('36236849', '2');
INSERT INTO stop (busstop, service) VALUES ('36236849', '18');
INSERT INTO stop (busstop, service) VALUES ('36236849', '22');
INSERT INTO stop (busstop, service) VALUES ('36236849', '35');
INSERT INTO busstop (sms, name, x, y) VALUES ('58232867', 'Musselburgh High', '55.943473815918', '-3.0469069480896');
INSERT INTO stop (busstop, service) VALUES ('58232867', 'N44');
INSERT INTO busstop (sms, name, x, y) VALUES ('36234949', 'Greenfield Cresc', '55.874977111816', '-3.3425159454346');
INSERT INTO stop (busstop, service) VALUES ('36234949', '44');
INSERT INTO stop (busstop, service) VALUES ('36234949', '44A');
INSERT INTO stop (busstop, service) VALUES ('36234949', 'N44');
INSERT INTO busstop (sms, name, x, y) VALUES ('58232865', 'Police Station', '55.942447662354', '-3.051619052887');
INSERT INTO stop (busstop, service) VALUES ('58232865', '26');
INSERT INTO stop (busstop, service) VALUES ('58232865', 'X26');
INSERT INTO stop (busstop, service) VALUES ('58232865', '30');
INSERT INTO stop (busstop, service) VALUES ('58232865', '44');
INSERT INTO stop (busstop, service) VALUES ('58232865', 'N26');
INSERT INTO stop (busstop, service) VALUES ('58232865', 'N44');
INSERT INTO busstop (sms, name, x, y) VALUES ('36234947', 'Crosswood Cresce', '55.878684997559', '-3.3491818904877');
INSERT INTO stop (busstop, service) VALUES ('36234947', '44');
INSERT INTO stop (busstop, service) VALUES ('36234947', '44A');
INSERT INTO stop (busstop, service) VALUES ('36234947', 'N44');
INSERT INTO busstop (sms, name, x, y) VALUES ('36234946', 'Lovedale Road', '55.88404083252', '-3.3427329063416');
INSERT INTO stop (busstop, service) VALUES ('36234946', '44');
INSERT INTO stop (busstop, service) VALUES ('36234946', '44A');
INSERT INTO stop (busstop, service) VALUES ('36234946', 'N44');
INSERT INTO busstop (sms, name, x, y) VALUES ('36234945', 'Bavelaw Rd bridg', '55.8860206604', '-3.3400509357452');
INSERT INTO stop (busstop, service) VALUES ('36234945', '44');
INSERT INTO stop (busstop, service) VALUES ('36234945', 'N44');
INSERT INTO busstop (sms, name, x, y) VALUES ('36236843', 'Lochside Cresc', '55.933120727539', '-3.3135349750519');
INSERT INTO stop (busstop, service) VALUES ('36236843', '2');
INSERT INTO stop (busstop, service) VALUES ('36236843', '12');
INSERT INTO stop (busstop, service) VALUES ('36236843', '18');
INSERT INTO stop (busstop, service) VALUES ('36236843', '21');
INSERT INTO stop (busstop, service) VALUES ('36236843', '22');
INSERT INTO stop (busstop, service) VALUES ('36236843', '35');
INSERT INTO stop (busstop, service) VALUES ('36236843', 'N22');
INSERT INTO busstop (sms, name, x, y) VALUES ('36234943', 'Balerno High', '55.887088775635', '-3.3392090797424');
INSERT INTO stop (busstop, service) VALUES ('36234943', '25');
INSERT INTO stop (busstop, service) VALUES ('36234943', '44');
INSERT INTO stop (busstop, service) VALUES ('36234943', '44A');
INSERT INTO stop (busstop, service) VALUES ('36234943', 'N44');
INSERT INTO busstop (sms, name, x, y) VALUES ('36236845', 'IBM', '55.92818069458', '-3.2973630428314');
INSERT INTO stop (busstop, service) VALUES ('36236845', '2');
INSERT INTO busstop (sms, name, x, y) VALUES ('64324359', 'Ravelsykes Road', '55.830108642578', '-3.2458169460297');
INSERT INTO stop (busstop, service) VALUES ('64324359', '37');
INSERT INTO stop (busstop, service) VALUES ('64324359', 'X47');
INSERT INTO stop (busstop, service) VALUES ('64324359', 'N37');
INSERT INTO busstop (sms, name, x, y) VALUES ('36232936', 'Well Crescent', '55.960277557373', '-3.1373360157013');
INSERT INTO stop (busstop, service) VALUES ('36232936', '19');
INSERT INTO stop (busstop, service) VALUES ('36232936', '21');
INSERT INTO stop (busstop, service) VALUES ('36232936', '42');
INSERT INTO stop (busstop, service) VALUES ('36232936', '49');
INSERT INTO busstop (sms, name, x, y) VALUES ('64324357', 'Queensway', '55.83557510376', '-3.2206029891968');
INSERT INTO stop (busstop, service) VALUES ('64324357', '15');
INSERT INTO stop (busstop, service) VALUES ('64324357', '15A');
INSERT INTO stop (busstop, service) VALUES ('64324357', '37');
INSERT INTO stop (busstop, service) VALUES ('64324357', '47');
INSERT INTO stop (busstop, service) VALUES ('64324357', 'X47');
INSERT INTO busstop (sms, name, x, y) VALUES ('36236735', 'Craig Park Avenu', '55.920867919922', '-3.3845729827881');
INSERT INTO stop (busstop, service) VALUES ('36236735', '48');
INSERT INTO stop (busstop, service) VALUES ('36236735', 'X48');
INSERT INTO busstop (sms, name, x, y) VALUES ('64324352', 'NavaarHouse Hote', '55.826278686523', '-3.2247819900513');
INSERT INTO stop (busstop, service) VALUES ('64324352', '37');
INSERT INTO stop (busstop, service) VALUES ('64324352', 'X47');
INSERT INTO stop (busstop, service) VALUES ('64324352', 'N37');
INSERT INTO busstop (sms, name, x, y) VALUES ('36246824', 'Edinburgh Airpor', '55.948040008545', '-3.3646759986877');
INSERT INTO stop (busstop, service) VALUES ('36246824', '35');
INSERT INTO busstop (sms, name, x, y) VALUES ('36243925', 'Lochend Drive', '55.959827423096', '-3.1556799411774');
INSERT INTO stop (busstop, service) VALUES ('36243925', '49');
INSERT INTO busstop (sms, name, x, y) VALUES ('36253274', 'Bankhead Drive', '55.929557800293', '-3.2918059825897');
INSERT INTO stop (busstop, service) VALUES ('36253274', '2');
INSERT INTO stop (busstop, service) VALUES ('36253274', '12');
INSERT INTO stop (busstop, service) VALUES ('36253274', '18');
INSERT INTO stop (busstop, service) VALUES ('36253274', '21');
INSERT INTO stop (busstop, service) VALUES ('36253274', '22');
INSERT INTO stop (busstop, service) VALUES ('36253274', 'X26');
INSERT INTO stop (busstop, service) VALUES ('36253274', '35');
INSERT INTO stop (busstop, service) VALUES ('36253274', 'N22');
INSERT INTO busstop (sms, name, x, y) VALUES ('36253275', 'Bankhead Drive', '55.929836273193', '-3.2917520999908');
INSERT INTO stop (busstop, service) VALUES ('36253275', '2');
INSERT INTO stop (busstop, service) VALUES ('36253275', '12');
INSERT INTO stop (busstop, service) VALUES ('36253275', '18');
INSERT INTO stop (busstop, service) VALUES ('36253275', '21');
INSERT INTO stop (busstop, service) VALUES ('36253275', '22');
INSERT INTO stop (busstop, service) VALUES ('36253275', '35');
INSERT INTO stop (busstop, service) VALUES ('36253275', 'N22');
INSERT INTO busstop (sms, name, x, y) VALUES ('36253279', 'outside Jenners', '55.952632904053', '-3.1939671039581');
INSERT INTO stop (busstop, service) VALUES ('36253279', '4');
INSERT INTO stop (busstop, service) VALUES ('36253279', '15');
INSERT INTO stop (busstop, service) VALUES ('36253279', '15A');
INSERT INTO stop (busstop, service) VALUES ('36253279', '26');
INSERT INTO stop (busstop, service) VALUES ('36253279', 'X26');
INSERT INTO stop (busstop, service) VALUES ('36253279', '44');
INSERT INTO stop (busstop, service) VALUES ('36253279', 'N26');
INSERT INTO stop (busstop, service) VALUES ('36253279', 'N44');
INSERT INTO busstop (sms, name, x, y) VALUES ('36235232', 'Gilmerton Statio', '55.903060913086', '-3.1238729953766');
INSERT INTO stop (busstop, service) VALUES ('36235232', '3');
INSERT INTO stop (busstop, service) VALUES ('36235232', '3A');
INSERT INTO stop (busstop, service) VALUES ('36235232', '29');
INSERT INTO stop (busstop, service) VALUES ('36235232', 'X29');
INSERT INTO stop (busstop, service) VALUES ('36235232', 'N3');
INSERT INTO busstop (sms, name, x, y) VALUES ('36237525', 'Muir Wood Road', '55.900375366211', '-3.294851064682');
INSERT INTO stop (busstop, service) VALUES ('36237525', '44');
INSERT INTO stop (busstop, service) VALUES ('36237525', '45');
INSERT INTO stop (busstop, service) VALUES ('36237525', 'N44');
INSERT INTO busstop (sms, name, x, y) VALUES ('36237526', 'Jet Garage', '55.899482727051', '-3.2977480888367');
INSERT INTO stop (busstop, service) VALUES ('36237526', '44');
INSERT INTO stop (busstop, service) VALUES ('36237526', '45');
INSERT INTO stop (busstop, service) VALUES ('36237526', 'N44');
INSERT INTO busstop (sms, name, x, y) VALUES ('36237527', 'Muir Wood Road', '55.900428771973', '-3.2943410873413');
INSERT INTO stop (busstop, service) VALUES ('36237527', '44');
INSERT INTO stop (busstop, service) VALUES ('36237527', '44A');
INSERT INTO stop (busstop, service) VALUES ('36237527', '45');
INSERT INTO stop (busstop, service) VALUES ('36237527', 'N44');
INSERT INTO busstop (sms, name, x, y) VALUES ('36235236', 'Gilmerton', '55.905330657959', '-3.1323359012604');
INSERT INTO stop (busstop, service) VALUES ('36235236', '3');
INSERT INTO stop (busstop, service) VALUES ('36235236', '3A');
INSERT INTO stop (busstop, service) VALUES ('36235236', '29');
INSERT INTO stop (busstop, service) VALUES ('36235236', 'X29');
INSERT INTO stop (busstop, service) VALUES ('36235236', 'N3');
INSERT INTO busstop (sms, name, x, y) VALUES ('36235237', 'Gilmerton', '55.907211303711', '-3.1349349021912');
INSERT INTO stop (busstop, service) VALUES ('36235237', '3');
INSERT INTO stop (busstop, service) VALUES ('36235237', '3A');
INSERT INTO stop (busstop, service) VALUES ('36235237', '18');
INSERT INTO stop (busstop, service) VALUES ('36235237', '29');
INSERT INTO stop (busstop, service) VALUES ('36235237', 'X29');
INSERT INTO stop (busstop, service) VALUES ('36235237', 'N3');
INSERT INTO busstop (sms, name, x, y) VALUES ('36235234', 'Melville Grange', '55.89981842041', '-3.1129829883575');
INSERT INTO stop (busstop, service) VALUES ('36235234', '3');
INSERT INTO stop (busstop, service) VALUES ('36235234', '3A');
INSERT INTO stop (busstop, service) VALUES ('36235234', '29');
INSERT INTO stop (busstop, service) VALUES ('36235234', 'X29');
INSERT INTO stop (busstop, service) VALUES ('36235234', 'N3');
INSERT INTO busstop (sms, name, x, y) VALUES ('36235235', 'Drum Street', '55.904342651367', '-3.1284849643707');
INSERT INTO stop (busstop, service) VALUES ('36235235', '3');
INSERT INTO stop (busstop, service) VALUES ('36235235', '3A');
INSERT INTO stop (busstop, service) VALUES ('36235235', '29');
INSERT INTO stop (busstop, service) VALUES ('36235235', 'X29');
INSERT INTO stop (busstop, service) VALUES ('36235235', 'N3');
INSERT INTO busstop (sms, name, x, y) VALUES ('36235238', 'Moredunvale Road', '55.908588409424', '-3.1368310451508');
INSERT INTO stop (busstop, service) VALUES ('36235238', '3');
INSERT INTO stop (busstop, service) VALUES ('36235238', '3A');
INSERT INTO stop (busstop, service) VALUES ('36235238', '18');
INSERT INTO stop (busstop, service) VALUES ('36235238', '29');
INSERT INTO stop (busstop, service) VALUES ('36235238', 'N3');
INSERT INTO busstop (sms, name, x, y) VALUES ('36235239', 'Moredunvale Loan', '55.909854888916', '-3.1396028995514');
INSERT INTO stop (busstop, service) VALUES ('36235239', '3');
INSERT INTO stop (busstop, service) VALUES ('36235239', '3A');
INSERT INTO stop (busstop, service) VALUES ('36235239', '18');
INSERT INTO stop (busstop, service) VALUES ('36235239', '29');
INSERT INTO stop (busstop, service) VALUES ('36235239', 'N3');
INSERT INTO busstop (sms, name, x, y) VALUES ('36237528', 'Nether Currie Ro', '55.899124145508', '-3.2986159324646');
INSERT INTO stop (busstop, service) VALUES ('36237528', '44');
INSERT INTO stop (busstop, service) VALUES ('36237528', '44A');
INSERT INTO stop (busstop, service) VALUES ('36237528', '45');
INSERT INTO stop (busstop, service) VALUES ('36237528', 'N44');
INSERT INTO busstop (sms, name, x, y) VALUES ('36237529', 'Bryce Road', '55.897796630859', '-3.3026340007782');
INSERT INTO stop (busstop, service) VALUES ('36237529', '44');
INSERT INTO stop (busstop, service) VALUES ('36237529', '45');
INSERT INTO stop (busstop, service) VALUES ('36237529', 'N44');
INSERT INTO busstop (sms, name, x, y) VALUES ('36237497', 'Railway Inn', '55.903415679932', '-3.2853710651398');
INSERT INTO stop (busstop, service) VALUES ('36237497', '44');
INSERT INTO stop (busstop, service) VALUES ('36237497', '45');
INSERT INTO stop (busstop, service) VALUES ('36237497', 'N44');
INSERT INTO busstop (sms, name, x, y) VALUES ('64323562', 'South Street', '55.893501281738', '-3.0695469379425');
INSERT INTO stop (busstop, service) VALUES ('64323562', '3');
INSERT INTO stop (busstop, service) VALUES ('64323562', '3A');
INSERT INTO stop (busstop, service) VALUES ('64323562', '49');
INSERT INTO stop (busstop, service) VALUES ('64323562', 'N3');
INSERT INTO busstop (sms, name, x, y) VALUES ('36242476', 'Gyle Centre', '55.938037872314', '-3.314934015274');
INSERT INTO stop (busstop, service) VALUES ('36242476', '2');
INSERT INTO stop (busstop, service) VALUES ('36242476', '12');
INSERT INTO stop (busstop, service) VALUES ('36242476', '18');
INSERT INTO stop (busstop, service) VALUES ('36242476', '21');
INSERT INTO stop (busstop, service) VALUES ('36242476', '22');
INSERT INTO stop (busstop, service) VALUES ('36242476', '35');
INSERT INTO busstop (sms, name, x, y) VALUES ('58232648', 'Pinkie Road', '55.943462371826', '-3.0272130966187');
INSERT INTO stop (busstop, service) VALUES ('58232648', '26');
INSERT INTO stop (busstop, service) VALUES ('58232648', 'X26');
INSERT INTO stop (busstop, service) VALUES ('58232648', '44');
INSERT INTO stop (busstop, service) VALUES ('58232648', '44A');
INSERT INTO stop (busstop, service) VALUES ('58232648', 'N26');
INSERT INTO busstop (sms, name, x, y) VALUES ('58232649', 'Pinkie Road', '55.942947387695', '-3.0293290615082');
INSERT INTO stop (busstop, service) VALUES ('58232649', '26');
INSERT INTO stop (busstop, service) VALUES ('58232649', 'X26');
INSERT INTO stop (busstop, service) VALUES ('58232649', '44');
INSERT INTO stop (busstop, service) VALUES ('58232649', 'N26');
INSERT INTO busstop (sms, name, x, y) VALUES ('64323969', 'Dalhousie Road', '55.870235443115', '-3.0708730220795');
INSERT INTO stop (busstop, service) VALUES ('64323969', '29');
INSERT INTO stop (busstop, service) VALUES ('64323969', 'X29');
INSERT INTO busstop (sms, name, x, y) VALUES ('36232689', 'Westfield Avenue', '55.93741607666', '-3.2433040142059');
INSERT INTO stop (busstop, service) VALUES ('36232689', '1');
INSERT INTO stop (busstop, service) VALUES ('36232689', '2');
INSERT INTO stop (busstop, service) VALUES ('36232689', '22');
INSERT INTO stop (busstop, service) VALUES ('36232689', '30');
INSERT INTO stop (busstop, service) VALUES ('36232689', 'N22');
INSERT INTO stop (busstop, service) VALUES ('36232689', 'N30');
INSERT INTO busstop (sms, name, x, y) VALUES ('36232686', 'Saughton Mains', '55.928321838379', '-3.2653880119324');
INSERT INTO stop (busstop, service) VALUES ('36232686', '3');
INSERT INTO stop (busstop, service) VALUES ('36232686', '3A');
INSERT INTO stop (busstop, service) VALUES ('36232686', '25');
INSERT INTO stop (busstop, service) VALUES ('36232686', '30');
INSERT INTO stop (busstop, service) VALUES ('36232686', '33');
INSERT INTO stop (busstop, service) VALUES ('36232686', '35');
INSERT INTO stop (busstop, service) VALUES ('36232686', 'N25');
INSERT INTO stop (busstop, service) VALUES ('36232686', 'N30');
INSERT INTO busstop (sms, name, x, y) VALUES ('36232687', 'Stevenson Grove', '55.935928344727', '-3.2456889152527');
INSERT INTO stop (busstop, service) VALUES ('36232687', '1');
INSERT INTO stop (busstop, service) VALUES ('36232687', '2');
INSERT INTO stop (busstop, service) VALUES ('36232687', '22');
INSERT INTO stop (busstop, service) VALUES ('36232687', '30');
INSERT INTO stop (busstop, service) VALUES ('36232687', 'N22');
INSERT INTO stop (busstop, service) VALUES ('36232687', 'N30');
INSERT INTO busstop (sms, name, x, y) VALUES ('36232684', 'Chesser Cottages', '55.932991027832', '-3.246395111084');
INSERT INTO stop (busstop, service) VALUES ('36232684', '3');
INSERT INTO stop (busstop, service) VALUES ('36232684', '3A');
INSERT INTO stop (busstop, service) VALUES ('36232684', '25');
INSERT INTO stop (busstop, service) VALUES ('36232684', '30');
INSERT INTO stop (busstop, service) VALUES ('36232684', '33');
INSERT INTO stop (busstop, service) VALUES ('36232684', 'N25');
INSERT INTO stop (busstop, service) VALUES ('36232684', 'N30');
INSERT INTO busstop (sms, name, x, y) VALUES ('36232685', 'Chesser Avenue', '55.930740356445', '-3.2538619041443');
INSERT INTO stop (busstop, service) VALUES ('36232685', '3');
INSERT INTO stop (busstop, service) VALUES ('36232685', '3A');
INSERT INTO stop (busstop, service) VALUES ('36232685', '25');
INSERT INTO stop (busstop, service) VALUES ('36232685', '30');
INSERT INTO stop (busstop, service) VALUES ('36232685', '33');
INSERT INTO stop (busstop, service) VALUES ('36232685', '35');
INSERT INTO stop (busstop, service) VALUES ('36232685', 'N25');
INSERT INTO stop (busstop, service) VALUES ('36232685', 'N30');
INSERT INTO busstop (sms, name, x, y) VALUES ('36232682', 'Balgreen Road', '55.934043884277', '-3.2445559501648');
INSERT INTO stop (busstop, service) VALUES ('36232682', '3');
INSERT INTO stop (busstop, service) VALUES ('36232682', '3A');
INSERT INTO stop (busstop, service) VALUES ('36232682', '25');
INSERT INTO stop (busstop, service) VALUES ('36232682', '33');
INSERT INTO stop (busstop, service) VALUES ('36232682', '38');
INSERT INTO stop (busstop, service) VALUES ('36232682', 'N25');
INSERT INTO busstop (sms, name, x, y) VALUES ('36232683', 'Chesser House', '55.932312011719', '-3.2488059997559');
INSERT INTO stop (busstop, service) VALUES ('36232683', '3');
INSERT INTO stop (busstop, service) VALUES ('36232683', '3A');
INSERT INTO stop (busstop, service) VALUES ('36232683', '25');
INSERT INTO stop (busstop, service) VALUES ('36232683', '30');
INSERT INTO stop (busstop, service) VALUES ('36232683', '33');
INSERT INTO stop (busstop, service) VALUES ('36232683', 'N25');
INSERT INTO stop (busstop, service) VALUES ('36232683', 'N30');
INSERT INTO busstop (sms, name, x, y) VALUES ('36237638', 'House OHill Ter', '55.958087921143', '-3.2508380413055');
INSERT INTO stop (busstop, service) VALUES ('36237638', '41');
INSERT INTO stop (busstop, service) VALUES ('36237638', '42');
INSERT INTO busstop (sms, name, x, y) VALUES ('36237639', 'Hillview', '55.959148406982', '-3.2534670829773');
INSERT INTO stop (busstop, service) VALUES ('36237639', '41');
INSERT INTO stop (busstop, service) VALUES ('36237639', '42');
INSERT INTO busstop (sms, name, x, y) VALUES ('36242875', 'Gladstone Terrac', '55.939914703369', '-3.1858270168304');
INSERT INTO stop (busstop, service) VALUES ('36242875', '41');
INSERT INTO busstop (sms, name, x, y) VALUES ('36242656', 'Jeffrey Street', '55.951301574707', '-3.1846849918365');
INSERT INTO stop (busstop, service) VALUES ('36242656', '36');
INSERT INTO busstop (sms, name, x, y) VALUES ('36237632', 'Rannoch Road', '55.955669403076', '-3.2867500782013');
INSERT INTO stop (busstop, service) VALUES ('36237632', '1');
INSERT INTO stop (busstop, service) VALUES ('36237632', '21');
INSERT INTO stop (busstop, service) VALUES ('36237632', '26');
INSERT INTO busstop (sms, name, x, y) VALUES ('36237634', 'Rannoch Road', '55.955829620361', '-3.2859859466553');
INSERT INTO stop (busstop, service) VALUES ('36237634', '1');
INSERT INTO stop (busstop, service) VALUES ('36237634', '21');
INSERT INTO stop (busstop, service) VALUES ('36237634', '26');
INSERT INTO stop (busstop, service) VALUES ('36237634', 'N26');
INSERT INTO busstop (sms, name, x, y) VALUES ('36237635', 'Clermiston Place', '55.956287384033', '-3.2827980518341');
INSERT INTO stop (busstop, service) VALUES ('36237635', '1');
INSERT INTO stop (busstop, service) VALUES ('36237635', '21');
INSERT INTO stop (busstop, service) VALUES ('36237635', '26');
INSERT INTO stop (busstop, service) VALUES ('36237635', 'N26');
INSERT INTO busstop (sms, name, x, y) VALUES ('36237636', 'Clermiston', '55.956218719482', '-3.2816100120544');
INSERT INTO stop (busstop, service) VALUES ('36237636', '1');
INSERT INTO stop (busstop, service) VALUES ('36237636', '21');
INSERT INTO stop (busstop, service) VALUES ('36237636', '26');
INSERT INTO busstop (sms, name, x, y) VALUES ('64323497', 'James Lean Avenu', '55.8916015625', '-3.0606999397278');
INSERT INTO stop (busstop, service) VALUES ('64323497', '3');
INSERT INTO stop (busstop, service) VALUES ('64323497', '3A');
INSERT INTO stop (busstop, service) VALUES ('64323497', 'N3');
INSERT INTO busstop (sms, name, x, y) VALUES ('64323494', 'Hepburn Drive', '55.889427185059', '-3.0523269176483');
INSERT INTO stop (busstop, service) VALUES ('64323494', '3');
INSERT INTO stop (busstop, service) VALUES ('64323494', '3A');
INSERT INTO stop (busstop, service) VALUES ('64323494', 'N3');
INSERT INTO busstop (sms, name, x, y) VALUES ('64323493', 'Hepburn Drive', '55.888996124268', '-3.0500769615173');
INSERT INTO stop (busstop, service) VALUES ('64323493', '3');
INSERT INTO stop (busstop, service) VALUES ('64323493', '3A');
INSERT INTO stop (busstop, service) VALUES ('64323493', 'N3');
INSERT INTO busstop (sms, name, x, y) VALUES ('64323492', 'Glenesk Crescent', '55.889736175537', '-3.0788769721985');
INSERT INTO stop (busstop, service) VALUES ('64323492', '3');
INSERT INTO stop (busstop, service) VALUES ('64323492', '3A');
INSERT INTO stop (busstop, service) VALUES ('64323492', '49');
INSERT INTO stop (busstop, service) VALUES ('64323492', 'N3');
INSERT INTO busstop (sms, name, x, y) VALUES ('36236325', 'Fernielaw Avenue', '55.9035987854', '-3.2651269435883');
INSERT INTO stop (busstop, service) VALUES ('36236325', '10');
INSERT INTO stop (busstop, service) VALUES ('36236325', 'N16');
INSERT INTO busstop (sms, name, x, y) VALUES ('36236324', 'Allermuir Road', '55.904117584229', '-3.2627439498901');
INSERT INTO stop (busstop, service) VALUES ('36236324', '10');
INSERT INTO stop (busstop, service) VALUES ('36236324', 'N16');
INSERT INTO busstop (sms, name, x, y) VALUES ('36236327', 'Woodfield Avenue', '55.903190612793', '-3.267961025238');
INSERT INTO stop (busstop, service) VALUES ('36236327', '10');
INSERT INTO stop (busstop, service) VALUES ('36236327', 'N16');
INSERT INTO busstop (sms, name, x, y) VALUES ('36236326', 'Fernielaw Avenue', '55.903411865234', '-3.2657599449158');
INSERT INTO stop (busstop, service) VALUES ('36236326', '10');
INSERT INTO stop (busstop, service) VALUES ('36236326', 'N16');
INSERT INTO busstop (sms, name, x, y) VALUES ('36236323', 'West Mill Road', '55.90417098999', '-3.2619459629059');
INSERT INTO stop (busstop, service) VALUES ('36236323', '10');
INSERT INTO stop (busstop, service) VALUES ('36236323', 'N16');
INSERT INTO busstop (sms, name, x, y) VALUES ('64323498', 'James Lean Avenu', '55.891624450684', '-3.0601420402527');
INSERT INTO stop (busstop, service) VALUES ('64323498', '3');
INSERT INTO stop (busstop, service) VALUES ('64323498', '3A');
INSERT INTO stop (busstop, service) VALUES ('64323498', 'N3');
INSERT INTO busstop (sms, name, x, y) VALUES ('36232354', 'Edinburgh Academ', '55.960163116455', '-3.2048990726471');
INSERT INTO stop (busstop, service) VALUES ('36232354', '36');
INSERT INTO busstop (sms, name, x, y) VALUES ('36232356', 'Perth Street', '55.960559844971', '-3.2019639015198');
INSERT INTO stop (busstop, service) VALUES ('36232356', '36');
INSERT INTO stop (busstop, service) VALUES ('36232356', '61');
INSERT INTO busstop (sms, name, x, y) VALUES ('36232357', 'Hamilton Place', '55.958515167236', '-3.2079710960388');
INSERT INTO stop (busstop, service) VALUES ('36232357', '36');
INSERT INTO busstop (sms, name, x, y) VALUES ('36236235', 'Bruce Street', '55.92505645752', '-3.2160849571228');
INSERT INTO stop (busstop, service) VALUES ('36236235', '23');
INSERT INTO stop (busstop, service) VALUES ('36236235', '38');
INSERT INTO busstop (sms, name, x, y) VALUES ('36232352', 'Perth Street', '55.960243225098', '-3.2034120559692');
INSERT INTO stop (busstop, service) VALUES ('36232352', '36');
INSERT INTO busstop (sms, name, x, y) VALUES ('36232353', 'Henderson Row', '55.959999084473', '-3.2050859928131');
INSERT INTO stop (busstop, service) VALUES ('36232353', '36');
INSERT INTO busstop (sms, name, x, y) VALUES ('36232358', 'Hamilton Place', '55.958251953125', '-3.208379983902');
INSERT INTO stop (busstop, service) VALUES ('36232358', '36');
INSERT INTO busstop (sms, name, x, y) VALUES ('36232359', 'Ann Street', '55.956707000732', '-3.2147059440613');
INSERT INTO stop (busstop, service) VALUES ('36232359', '36');
INSERT INTO busstop (sms, name, x, y) VALUES ('36234785', 'Salisbury Place', '55.937217712402', '-3.1785879135132');
INSERT INTO stop (busstop, service) VALUES ('36234785', '5');
INSERT INTO busstop (sms, name, x, y) VALUES ('36236456', 'Forrest Road', '55.946243286133', '-3.1911280155182');
INSERT INTO stop (busstop, service) VALUES ('36236456', '2');
INSERT INTO stop (busstop, service) VALUES ('36236456', '23');
INSERT INTO stop (busstop, service) VALUES ('36236456', '27');
INSERT INTO stop (busstop, service) VALUES ('36236456', '35');
INSERT INTO stop (busstop, service) VALUES ('36236456', '41');
INSERT INTO stop (busstop, service) VALUES ('36236456', '42');
INSERT INTO stop (busstop, service) VALUES ('36236456', '45');
INSERT INTO stop (busstop, service) VALUES ('36236456', '67');
INSERT INTO stop (busstop, service) VALUES ('36236456', 'N8');
INSERT INTO busstop (sms, name, x, y) VALUES ('36234787', 'East Preston Str', '55.939357757568', '-3.1784610748291');
INSERT INTO stop (busstop, service) VALUES ('36234787', '14');
INSERT INTO stop (busstop, service) VALUES ('36234787', '30');
INSERT INTO stop (busstop, service) VALUES ('36234787', '33');
INSERT INTO stop (busstop, service) VALUES ('36234787', '48');
INSERT INTO stop (busstop, service) VALUES ('36234787', 'N30');
INSERT INTO busstop (sms, name, x, y) VALUES ('36237589', 'Barnton Resevoir', '55.961563110352', '-3.2825720310211');
INSERT INTO stop (busstop, service) VALUES ('36237589', '21');
INSERT INTO busstop (sms, name, x, y) VALUES ('36236453', 'Merchant Street', '55.947746276855', '-3.1928560733795');
INSERT INTO stop (busstop, service) VALUES ('36236453', '2');
INSERT INTO stop (busstop, service) VALUES ('36236453', 'N8');
INSERT INTO busstop (sms, name, x, y) VALUES ('36236452', 'Heriot Bridge', '55.946964263916', '-3.1974270343781');
INSERT INTO stop (busstop, service) VALUES ('36236452', '2');
INSERT INTO busstop (sms, name, x, y) VALUES ('36234783', 'East Preston St', '55.939262390137', '-3.1781220436096');
INSERT INTO stop (busstop, service) VALUES ('36234783', '14');
INSERT INTO stop (busstop, service) VALUES ('36234783', '30');
INSERT INTO stop (busstop, service) VALUES ('36234783', '33');
INSERT INTO stop (busstop, service) VALUES ('36234783', '48');
INSERT INTO stop (busstop, service) VALUES ('36234783', 'N30');
INSERT INTO busstop (sms, name, x, y) VALUES ('36234782', 'Church of Christ', '55.940795898438', '-3.1766788959503');
INSERT INTO stop (busstop, service) VALUES ('36234782', '2');
INSERT INTO busstop (sms, name, x, y) VALUES ('36234789', 'Preston Street S', '55.9401512146', '-3.1761000156403');
INSERT INTO stop (busstop, service) VALUES ('36234789', '2');
INSERT INTO busstop (sms, name, x, y) VALUES ('36236459', 'High Riggs', '55.944400787354', '-3.2023439407349');
INSERT INTO stop (busstop, service) VALUES ('36236459', '23');
INSERT INTO stop (busstop, service) VALUES ('36236459', '27');
INSERT INTO stop (busstop, service) VALUES ('36236459', '35');
INSERT INTO stop (busstop, service) VALUES ('36236459', '45');
INSERT INTO busstop (sms, name, x, y) VALUES ('36236458', 'Brougham Street', '55.943210601807', '-3.2019228935242');
INSERT INTO stop (busstop, service) VALUES ('36236458', '24');
INSERT INTO busstop (sms, name, x, y) VALUES ('36234543', 'Peffermill Rd', '55.932456970215', '-3.1545128822327');
INSERT INTO stop (busstop, service) VALUES ('36234543', '2');
INSERT INTO stop (busstop, service) VALUES ('36234543', '14');
INSERT INTO stop (busstop, service) VALUES ('36234543', '21');
INSERT INTO stop (busstop, service) VALUES ('36234543', '30');
INSERT INTO stop (busstop, service) VALUES ('36234543', '42');
INSERT INTO stop (busstop, service) VALUES ('36234543', 'N30');
INSERT INTO busstop (sms, name, x, y) VALUES ('36234542', 'Peffer Sports Fi', '55.931560516357', '-3.1563429832458');
INSERT INTO stop (busstop, service) VALUES ('36234542', '21');
INSERT INTO stop (busstop, service) VALUES ('36234542', '42');
INSERT INTO busstop (sms, name, x, y) VALUES ('36234547', 'Duddingston Road', '55.932460784912', '-3.1427481174469');
INSERT INTO stop (busstop, service) VALUES ('36234547', '42');
INSERT INTO busstop (sms, name, x, y) VALUES ('36234546', 'Peffermill railw', '55.932098388672', '-3.1449298858643');
INSERT INTO stop (busstop, service) VALUES ('36234546', '2');
INSERT INTO stop (busstop, service) VALUES ('36234546', '14');
INSERT INTO stop (busstop, service) VALUES ('36234546', '21');
INSERT INTO stop (busstop, service) VALUES ('36234546', '30');
INSERT INTO stop (busstop, service) VALUES ('36234546', '42');
INSERT INTO stop (busstop, service) VALUES ('36234546', 'N30');
INSERT INTO busstop (sms, name, x, y) VALUES ('36234545', 'Kings Haugh', '55.932430267334', '-3.1508779525757');
INSERT INTO stop (busstop, service) VALUES ('36234545', '2');
INSERT INTO stop (busstop, service) VALUES ('36234545', '14');
INSERT INTO stop (busstop, service) VALUES ('36234545', '21');
INSERT INTO stop (busstop, service) VALUES ('36234545', '30');
INSERT INTO stop (busstop, service) VALUES ('36234545', '42');
INSERT INTO stop (busstop, service) VALUES ('36234545', 'N30');
INSERT INTO busstop (sms, name, x, y) VALUES ('36234549', 'Golf Club', '55.937210083008', '-3.144119977951');
INSERT INTO stop (busstop, service) VALUES ('36234549', '42');
INSERT INTO busstop (sms, name, x, y) VALUES ('36234548', 'Peffer Bank', '55.933521270752', '-3.1417551040649');
INSERT INTO stop (busstop, service) VALUES ('36234548', '42');
INSERT INTO busstop (sms, name, x, y) VALUES ('58232738', 'Faside Lodge', '55.945663452148', '-2.9545760154724');
INSERT INTO stop (busstop, service) VALUES ('58232738', '26');
INSERT INTO busstop (sms, name, x, y) VALUES ('36243259', 'Craigleith Rise', '55.950504302979', '-3.2472779750824');
INSERT INTO stop (busstop, service) VALUES ('36243259', '38');
INSERT INTO busstop (sms, name, x, y) VALUES ('58232739', 'Fire Station', '55.94730758667', '-2.955864906311');
INSERT INTO stop (busstop, service) VALUES ('58232739', '26');
INSERT INTO busstop (sms, name, x, y) VALUES ('36243252', 'Royal Scottish A', '55.952281951904', '-3.1949009895325');
INSERT INTO stop (busstop, service) VALUES ('36243252', '10');
INSERT INTO stop (busstop, service) VALUES ('36243252', '11');
INSERT INTO stop (busstop, service) VALUES ('36243252', '12');
INSERT INTO stop (busstop, service) VALUES ('36243252', '15');
INSERT INTO stop (busstop, service) VALUES ('36243252', '15A');
INSERT INTO stop (busstop, service) VALUES ('36243252', '16');
INSERT INTO stop (busstop, service) VALUES ('36243252', '26');
INSERT INTO stop (busstop, service) VALUES ('36243252', 'X26');
INSERT INTO stop (busstop, service) VALUES ('36243252', '31');
INSERT INTO stop (busstop, service) VALUES ('36243252', 'X31');
INSERT INTO stop (busstop, service) VALUES ('36243252', 'N8');
INSERT INTO stop (busstop, service) VALUES ('36243252', 'N16');
INSERT INTO stop (busstop, service) VALUES ('36243252', 'N26');
INSERT INTO busstop (sms, name, x, y) VALUES ('36246598', 'Hillwood Road', '55.937774658203', '-3.3913879394531');
INSERT INTO stop (busstop, service) VALUES ('36246598', '48');
INSERT INTO stop (busstop, service) VALUES ('36246598', 'X48');
INSERT INTO busstop (sms, name, x, y) VALUES ('36237943', 'Longformacus Roa', '55.910266876221', '-3.1572771072388');
INSERT INTO stop (busstop, service) VALUES ('36237943', '31');
INSERT INTO stop (busstop, service) VALUES ('36237943', 'N31');
INSERT INTO busstop (sms, name, x, y) VALUES ('36237946', 'Liberton Hospita', '55.908966064453', '-3.1560859680176');
INSERT INTO stop (busstop, service) VALUES ('36237946', '31');
INSERT INTO stop (busstop, service) VALUES ('36237946', 'X31');
INSERT INTO stop (busstop, service) VALUES ('36237946', 'N31');
INSERT INTO busstop (sms, name, x, y) VALUES ('36237947', 'Liberton Hospita', '55.908397674561', '-3.1552860736847');
INSERT INTO stop (busstop, service) VALUES ('36237947', '31');
INSERT INTO stop (busstop, service) VALUES ('36237947', 'X31');
INSERT INTO stop (busstop, service) VALUES ('36237947', 'N31');
INSERT INTO busstop (sms, name, x, y) VALUES ('36237945', 'Malbet Park', '55.910160064697', '-3.1570019721985');
INSERT INTO stop (busstop, service) VALUES ('36237945', '31');
INSERT INTO stop (busstop, service) VALUES ('36237945', 'N31');
INSERT INTO busstop (sms, name, x, y) VALUES ('36237948', 'Ellens Glen', '55.906383514404', '-3.1523630619049');
INSERT INTO stop (busstop, service) VALUES ('36237948', '31');
INSERT INTO stop (busstop, service) VALUES ('36237948', 'N31');
INSERT INTO busstop (sms, name, x, y) VALUES ('36237949', 'Ellens Glen Road', '55.907062530518', '-3.1536459922791');
INSERT INTO stop (busstop, service) VALUES ('36237949', '31');
INSERT INTO stop (busstop, service) VALUES ('36237949', 'N31');
INSERT INTO busstop (sms, name, x, y) VALUES ('58232732', 'Polson Gardens', '55.946281433105', '-2.9675130844116');
INSERT INTO stop (busstop, service) VALUES ('58232732', '44');
INSERT INTO stop (busstop, service) VALUES ('58232732', 'N44');
INSERT INTO busstop (sms, name, x, y) VALUES ('36239859', 'Cleekim Drive', '55.934310913086', '-3.1143879890442');
INSERT INTO stop (busstop, service) VALUES ('36239859', '2');
INSERT INTO stop (busstop, service) VALUES ('36239859', '21');
INSERT INTO busstop (sms, name, x, y) VALUES ('36243498', 'Fountainpark', '55.941318511963', '-3.2189800739288');
INSERT INTO stop (busstop, service) VALUES ('36243498', '22');
INSERT INTO stop (busstop, service) VALUES ('36243498', 'X25');
INSERT INTO stop (busstop, service) VALUES ('36243498', '30');
INSERT INTO stop (busstop, service) VALUES ('36243498', 'N22');
INSERT INTO stop (busstop, service) VALUES ('36243498', 'N30');
INSERT INTO busstop (sms, name, x, y) VALUES ('36242893', 'Leven Terrace', '55.94234085083', '-3.2007429599762');
INSERT INTO stop (busstop, service) VALUES ('36242893', '24');
INSERT INTO busstop (sms, name, x, y) VALUES ('36242627', 'Holyrood Parliam', '55.952213287354', '-3.1739830970764');
INSERT INTO stop (busstop, service) VALUES ('36242627', '36');
INSERT INTO busstop (sms, name, x, y) VALUES ('36248242', 'Pentecox', '55.918727874756', '-3.1361351013184');
INSERT INTO stop (busstop, service) VALUES ('36248242', '33');
INSERT INTO stop (busstop, service) VALUES ('36248242', '48');
INSERT INTO stop (busstop, service) VALUES ('36248242', '49');
INSERT INTO busstop (sms, name, x, y) VALUES ('58234825', 'Limekilns', '55.911029815674', '-2.8777670860291');
INSERT INTO stop (busstop, service) VALUES ('58234825', '44');
INSERT INTO busstop (sms, name, x, y) VALUES ('58234826', 'Vinefields', '55.911598205566', '-2.8812839984894');
INSERT INTO stop (busstop, service) VALUES ('58234826', '44');
INSERT INTO busstop (sms, name, x, y) VALUES ('36248249', 'roundabout', '55.918846130371', '-3.1388909816742');
INSERT INTO stop (busstop, service) VALUES ('36248249', '8');
INSERT INTO stop (busstop, service) VALUES ('36248249', '18');
INSERT INTO busstop (sms, name, x, y) VALUES ('36238437', 'St Thomas Road', '55.931137084961', '-3.188551902771');
INSERT INTO stop (busstop, service) VALUES ('36238437', '24');
INSERT INTO busstop (sms, name, x, y) VALUES ('36237895', 'Springwood Park', '55.915054321289', '-3.1619000434875');
INSERT INTO stop (busstop, service) VALUES ('36237895', '31');
INSERT INTO stop (busstop, service) VALUES ('36237895', 'N31');
INSERT INTO busstop (sms, name, x, y) VALUES ('36238435', 'City bypass', '55.900150299072', '-3.1139369010925');
INSERT INTO stop (busstop, service) VALUES ('36238435', '3');
INSERT INTO stop (busstop, service) VALUES ('36238435', '3A');
INSERT INTO stop (busstop, service) VALUES ('36238435', '29');
INSERT INTO stop (busstop, service) VALUES ('36238435', 'X29');
INSERT INTO stop (busstop, service) VALUES ('36238435', 'N3');
INSERT INTO busstop (sms, name, x, y) VALUES ('36234768', 'Folly Mews', '55.943370819092', '-3.1797199249268');
INSERT INTO stop (busstop, service) VALUES ('36234768', '2');
INSERT INTO busstop (sms, name, x, y) VALUES ('36238432', 'Gilmerton Statio', '55.902801513672', '-3.1240890026093');
INSERT INTO stop (busstop, service) VALUES ('36238432', '3');
INSERT INTO stop (busstop, service) VALUES ('36238432', '3A');
INSERT INTO stop (busstop, service) VALUES ('36238432', '29');
INSERT INTO stop (busstop, service) VALUES ('36238432', 'X29');
INSERT INTO stop (busstop, service) VALUES ('36238432', 'N3');
INSERT INTO busstop (sms, name, x, y) VALUES ('36237892', 'Orchardhead Loan', '55.915775299072', '-3.1665449142456');
INSERT INTO stop (busstop, service) VALUES ('36237892', '7');
INSERT INTO stop (busstop, service) VALUES ('36237892', '37');
INSERT INTO stop (busstop, service) VALUES ('36237892', '47');
INSERT INTO stop (busstop, service) VALUES ('36237892', '67');
INSERT INTO stop (busstop, service) VALUES ('36237892', 'N37');
INSERT INTO busstop (sms, name, x, y) VALUES ('36237893', 'Mosgiel Walk', '55.917903900146', '-3.1648490428925');
INSERT INTO stop (busstop, service) VALUES ('36237893', '31');
INSERT INTO stop (busstop, service) VALUES ('36237893', 'N31');
INSERT INTO busstop (sms, name, x, y) VALUES ('36234762', 'West Richmond St', '55.945949554443', '-3.1824080944061');
INSERT INTO stop (busstop, service) VALUES ('36234762', '2');
INSERT INTO busstop (sms, name, x, y) VALUES ('64323285', 'Mayshade Garden', '55.881542205811', '-3.090959072113');
INSERT INTO stop (busstop, service) VALUES ('64323285', '49');
INSERT INTO busstop (sms, name, x, y) VALUES ('36237898', 'Guthrie Court', '55.912181854248', '-3.1588380336761');
INSERT INTO stop (busstop, service) VALUES ('36237898', '31');
INSERT INTO stop (busstop, service) VALUES ('36237898', 'N31');
INSERT INTO busstop (sms, name, x, y) VALUES ('36235951', 'Esnee Fairbairn', '55.907730102539', '-3.3206760883331');
INSERT INTO stop (busstop, service) VALUES ('36235951', 'N25');
INSERT INTO busstop (sms, name, x, y) VALUES ('36234764', 'Dumbiedykes', '55.949939727783', '-3.1787660121918');
INSERT INTO stop (busstop, service) VALUES ('36234764', '36');
INSERT INTO busstop (sms, name, x, y) VALUES ('36235485', 'Kerr Street', '55.957389831543', '-3.2073919773102');
INSERT INTO stop (busstop, service) VALUES ('36235485', '24');
INSERT INTO stop (busstop, service) VALUES ('36235485', '29');
INSERT INTO stop (busstop, service) VALUES ('36235485', 'X29');
INSERT INTO stop (busstop, service) VALUES ('36235485', '42');
INSERT INTO busstop (sms, name, x, y) VALUES ('36237562', 'Kinauld', '55.893222808838', '-3.319638967514');
INSERT INTO stop (busstop, service) VALUES ('36237562', '44');
INSERT INTO stop (busstop, service) VALUES ('36237562', 'N44');
INSERT INTO busstop (sms, name, x, y) VALUES ('64323289', 'Moorfoot view', '55.872932434082', '-3.1090979576111');
INSERT INTO stop (busstop, service) VALUES ('64323289', '31');
INSERT INTO stop (busstop, service) VALUES ('64323289', '49');
INSERT INTO busstop (sms, name, x, y) VALUES ('36235486', 'Circus Place', '55.957206726074', '-3.2057840824127');
INSERT INTO stop (busstop, service) VALUES ('36235486', '24');
INSERT INTO stop (busstop, service) VALUES ('36235486', '29');
INSERT INTO stop (busstop, service) VALUES ('36235486', 'X29');
INSERT INTO stop (busstop, service) VALUES ('36235486', '42');
INSERT INTO busstop (sms, name, x, y) VALUES ('36238286', 'Falkland Gardens', '55.953708648682', '-3.2785160541534');
INSERT INTO stop (busstop, service) VALUES ('36238286', '26');
INSERT INTO busstop (sms, name, x, y) VALUES ('36237565', 'Morningside Driv', '55.924243927002', '-3.210953950882');
INSERT INTO stop (busstop, service) VALUES ('36237565', '41');
INSERT INTO busstop (sms, name, x, y) VALUES ('36247423', 'Roseburn Street', '55.940349578857', '-3.239315032959');
INSERT INTO stop (busstop, service) VALUES ('36247423', '22');
INSERT INTO stop (busstop, service) VALUES ('36247423', '30');
INSERT INTO stop (busstop, service) VALUES ('36247423', 'N22');
INSERT INTO stop (busstop, service) VALUES ('36247423', 'N30');
INSERT INTO busstop (sms, name, x, y) VALUES ('36238729', 'Drum Brae South', '55.960426330566', '-3.2994019985199');
INSERT INTO stop (busstop, service) VALUES ('36238729', '32');
INSERT INTO stop (busstop, service) VALUES ('36238729', '41');
INSERT INTO busstop (sms, name, x, y) VALUES ('36238728', 'Parkgrove Road', '55.960735321045', '-3.2948150634766');
INSERT INTO stop (busstop, service) VALUES ('36238728', '32');
INSERT INTO stop (busstop, service) VALUES ('36238728', '41');
INSERT INTO busstop (sms, name, x, y) VALUES ('36235798', 'Saughtonhall Dri', '55.93977355957', '-3.2512559890747');
INSERT INTO stop (busstop, service) VALUES ('36235798', '38');
INSERT INTO busstop (sms, name, x, y) VALUES ('36235829', 'Kinellen Road', '55.948165893555', '-3.2476511001587');
INSERT INTO stop (busstop, service) VALUES ('36235829', '38');
INSERT INTO busstop (sms, name, x, y) VALUES ('36235828', 'Kinellen Road', '55.946800231934', '-3.247654914856');
INSERT INTO stop (busstop, service) VALUES ('36235828', '38');
INSERT INTO busstop (sms, name, x, y) VALUES ('36235795', 'Whitson Grove', '55.934677124023', '-3.2557339668274');
INSERT INTO stop (busstop, service) VALUES ('36235795', '1');
INSERT INTO stop (busstop, service) VALUES ('36235795', '2');
INSERT INTO stop (busstop, service) VALUES ('36235795', '22');
INSERT INTO stop (busstop, service) VALUES ('36235795', 'N22');
INSERT INTO busstop (sms, name, x, y) VALUES ('36235794', 'Stenhouse Cross', '55.932975769043', '-3.2594089508057');
INSERT INTO stop (busstop, service) VALUES ('36235794', '1');
INSERT INTO stop (busstop, service) VALUES ('36235794', '2');
INSERT INTO stop (busstop, service) VALUES ('36235794', '22');
INSERT INTO stop (busstop, service) VALUES ('36235794', '38');
INSERT INTO stop (busstop, service) VALUES ('36235794', 'N22');
INSERT INTO busstop (sms, name, x, y) VALUES ('36235797', 'Whitson Road', '55.939319610596', '-3.2515621185303');
INSERT INTO stop (busstop, service) VALUES ('36235797', '38');
INSERT INTO busstop (sms, name, x, y) VALUES ('36235796', 'Whitson Crescent', '55.935958862305', '-3.2523980140686');
INSERT INTO stop (busstop, service) VALUES ('36235796', '1');
INSERT INTO stop (busstop, service) VALUES ('36235796', '2');
INSERT INTO stop (busstop, service) VALUES ('36235796', '22');
INSERT INTO stop (busstop, service) VALUES ('36235796', 'N22');
INSERT INTO busstop (sms, name, x, y) VALUES ('36238727', 'Clermiston Drive', '55.962036132812', '-3.2836771011353');
INSERT INTO stop (busstop, service) VALUES ('36238727', '32');
INSERT INTO stop (busstop, service) VALUES ('36238727', '41');
INSERT INTO busstop (sms, name, x, y) VALUES ('36238726', 'Clermiston Road', '55.962757110596', '-3.2758030891418');
INSERT INTO stop (busstop, service) VALUES ('36238726', '21');
INSERT INTO stop (busstop, service) VALUES ('36238726', '32');
INSERT INTO stop (busstop, service) VALUES ('36238726', '41');
INSERT INTO busstop (sms, name, x, y) VALUES ('36235793', 'Stenhouse Grove', '55.933612823486', '-3.2630150318146');
INSERT INTO stop (busstop, service) VALUES ('36235793', '1');
INSERT INTO stop (busstop, service) VALUES ('36235793', '2');
INSERT INTO stop (busstop, service) VALUES ('36235793', '22');
INSERT INTO stop (busstop, service) VALUES ('36235793', 'N22');
INSERT INTO busstop (sms, name, x, y) VALUES ('36235792', 'Carricknowe Path', '55.933731079102', '-3.2655000686646');
INSERT INTO stop (busstop, service) VALUES ('36235792', '1');
INSERT INTO stop (busstop, service) VALUES ('36235792', '2');
INSERT INTO stop (busstop, service) VALUES ('36235792', '22');
INSERT INTO stop (busstop, service) VALUES ('36235792', 'N22');
INSERT INTO busstop (sms, name, x, y) VALUES ('36238734', 'Parkgrove Street', '55.961280822754', '-3.2900760173798');
INSERT INTO stop (busstop, service) VALUES ('36238734', '32');
INSERT INTO stop (busstop, service) VALUES ('36238734', '41');
INSERT INTO busstop (sms, name, x, y) VALUES ('36234378', 'Newcraighall Vil', '55.935890197754', '-3.0875239372253');
INSERT INTO stop (busstop, service) VALUES ('36234378', '30');
INSERT INTO stop (busstop, service) VALUES ('36234378', 'N30');
INSERT INTO busstop (sms, name, x, y) VALUES ('36234379', 'Newcraighall Roa', '55.933582305908', '-3.0996251106262');
INSERT INTO stop (busstop, service) VALUES ('36234379', '30');
INSERT INTO stop (busstop, service) VALUES ('36234379', '69');
INSERT INTO stop (busstop, service) VALUES ('36234379', 'N30');
INSERT INTO busstop (sms, name, x, y) VALUES ('36234374', 'Newcraighall Vil', '55.93489074707', '-3.0917539596558');
INSERT INTO stop (busstop, service) VALUES ('36234374', '30');
INSERT INTO stop (busstop, service) VALUES ('36234374', 'N30');
INSERT INTO busstop (sms, name, x, y) VALUES ('36234375', 'Newcraighall Vil', '55.935161590576', '-3.0906250476837');
INSERT INTO stop (busstop, service) VALUES ('36234375', '30');
INSERT INTO stop (busstop, service) VALUES ('36234375', 'N30');
INSERT INTO busstop (sms, name, x, y) VALUES ('36234376', 'Newcraighall Vil', '55.935932159424', '-3.0876851081848');
INSERT INTO stop (busstop, service) VALUES ('36234376', '30');
INSERT INTO stop (busstop, service) VALUES ('36234376', 'N30');
INSERT INTO busstop (sms, name, x, y) VALUES ('36234372', 'Milton Link', '55.939849853516', '-3.1050369739532');
INSERT INTO stop (busstop, service) VALUES ('36234372', '2');
INSERT INTO stop (busstop, service) VALUES ('36234372', '4');
INSERT INTO stop (busstop, service) VALUES ('36234372', '49');
INSERT INTO busstop (sms, name, x, y) VALUES ('36234373', 'Newcraighall rai', '55.9345703125', '-3.0944499969482');
INSERT INTO stop (busstop, service) VALUES ('36234373', '30');
INSERT INTO stop (busstop, service) VALUES ('36234373', 'N30');
INSERT INTO busstop (sms, name, x, y) VALUES ('64324298', 'Glencorse Barrac', '55.846073150635', '-3.2038431167603');
INSERT INTO stop (busstop, service) VALUES ('64324298', '15');
INSERT INTO stop (busstop, service) VALUES ('64324298', '15A');
INSERT INTO stop (busstop, service) VALUES ('64324298', '37');
INSERT INTO stop (busstop, service) VALUES ('64324298', '47');
INSERT INTO stop (busstop, service) VALUES ('64324298', 'X47');
INSERT INTO stop (busstop, service) VALUES ('64324298', 'N37');
INSERT INTO busstop (sms, name, x, y) VALUES ('64324294', 'Edinburgh Crysta', '55.836524963379', '-3.2155230045319');
INSERT INTO stop (busstop, service) VALUES ('64324294', '37');
INSERT INTO stop (busstop, service) VALUES ('64324294', '47');
INSERT INTO busstop (sms, name, x, y) VALUES ('64324295', 'Edinburgh Crysta', '55.836170196533', '-3.2148740291595');
INSERT INTO stop (busstop, service) VALUES ('64324295', '37');
INSERT INTO stop (busstop, service) VALUES ('64324295', '47');
INSERT INTO stop (busstop, service) VALUES ('64324295', 'N37');
INSERT INTO busstop (sms, name, x, y) VALUES ('64324296', 'Gardeners Walk', '55.832946777344', '-3.2406389713287');
INSERT INTO stop (busstop, service) VALUES ('64324296', '37');
INSERT INTO stop (busstop, service) VALUES ('64324296', 'X47');
INSERT INTO stop (busstop, service) VALUES ('64324296', 'N37');
INSERT INTO busstop (sms, name, x, y) VALUES ('64324297', 'Gardeners Walk', '55.833126068115', '-3.2406439781189');
INSERT INTO stop (busstop, service) VALUES ('64324297', '37');
INSERT INTO stop (busstop, service) VALUES ('64324297', 'X47');
INSERT INTO stop (busstop, service) VALUES ('64324297', 'N37');
INSERT INTO busstop (sms, name, x, y) VALUES ('64324292', 'Dunlop Terrace', '55.830535888672', '-3.2123029232025');
INSERT INTO stop (busstop, service) VALUES ('64324292', '37');
INSERT INTO stop (busstop, service) VALUES ('64324292', '47');
INSERT INTO busstop (sms, name, x, y) VALUES ('36235953', 'Ashley Path', '55.91682434082', '-3.2233150005341');
INSERT INTO stop (busstop, service) VALUES ('36235953', '23');
INSERT INTO busstop (sms, name, x, y) VALUES ('36235952', 'Lord Thomson Hal', '55.907432556152', '-3.3275439739227');
INSERT INTO stop (busstop, service) VALUES ('36235952', '25');
INSERT INTO stop (busstop, service) VALUES ('36235952', 'N25');
INSERT INTO busstop (sms, name, x, y) VALUES ('36235483', 'Raeburn Place', '55.959045410156', '-3.2109670639038');
INSERT INTO stop (busstop, service) VALUES ('36235483', '24');
INSERT INTO stop (busstop, service) VALUES ('36235483', '29');
INSERT INTO stop (busstop, service) VALUES ('36235483', 'X29');
INSERT INTO stop (busstop, service) VALUES ('36235483', '42');
INSERT INTO busstop (sms, name, x, y) VALUES ('36235482', 'Raeburn Place', '55.958984375', '-3.2114779949188');
INSERT INTO stop (busstop, service) VALUES ('36235482', '24');
INSERT INTO stop (busstop, service) VALUES ('36235482', '29');
INSERT INTO stop (busstop, service) VALUES ('36235482', 'X29');
INSERT INTO stop (busstop, service) VALUES ('36235482', '42');
INSERT INTO busstop (sms, name, x, y) VALUES ('36235957', 'Ashley Path', '55.916728973389', '-3.2237439155579');
INSERT INTO stop (busstop, service) VALUES ('36235957', '23');
INSERT INTO busstop (sms, name, x, y) VALUES ('36235484', 'Kerr Street', '55.957683563232', '-3.2078969478607');
INSERT INTO stop (busstop, service) VALUES ('36235484', '24');
INSERT INTO stop (busstop, service) VALUES ('36235484', '29');
INSERT INTO stop (busstop, service) VALUES ('36235484', 'X29');
INSERT INTO stop (busstop, service) VALUES ('36235484', '42');
INSERT INTO busstop (sms, name, x, y) VALUES ('36235487', 'Royal Circus', '55.957118988037', '-3.2039389610291');
INSERT INTO stop (busstop, service) VALUES ('36235487', '24');
INSERT INTO stop (busstop, service) VALUES ('36235487', '29');
INSERT INTO stop (busstop, service) VALUES ('36235487', 'X29');
INSERT INTO stop (busstop, service) VALUES ('36235487', '42');
INSERT INTO busstop (sms, name, x, y) VALUES ('36235954', 'Greenbank Drive', '55.91919708252', '-3.2215340137482');
INSERT INTO stop (busstop, service) VALUES ('36235954', '23');
INSERT INTO busstop (sms, name, x, y) VALUES ('36235489', 'Circus Place', '55.956954956055', '-3.2042388916016');
INSERT INTO stop (busstop, service) VALUES ('36235489', '24');
INSERT INTO stop (busstop, service) VALUES ('36235489', '29');
INSERT INTO stop (busstop, service) VALUES ('36235489', 'X29');
INSERT INTO stop (busstop, service) VALUES ('36235489', '42');
INSERT INTO busstop (sms, name, x, y) VALUES ('36235959', 'Greenbank Lane', '55.919006347656', '-3.222424030304');
INSERT INTO stop (busstop, service) VALUES ('36235959', '23');
INSERT INTO busstop (sms, name, x, y) VALUES ('36235958', 'Greenbank Termin', '55.916851043701', '-3.2305319309235');
INSERT INTO stop (busstop, service) VALUES ('36235958', '23');
INSERT INTO busstop (sms, name, x, y) VALUES ('64324724', 'Bairds Way Sout', '55.887035369873', '-3.0692100524902');
INSERT INTO stop (busstop, service) VALUES ('64324724', 'X31');
INSERT INTO busstop (sms, name, x, y) VALUES ('64324723', 'at Bairds Way', '55.887031555176', '-3.0693049430847');
INSERT INTO stop (busstop, service) VALUES ('64324723', 'X31');
INSERT INTO busstop (sms, name, x, y) VALUES ('36234972', 'Moredunvale Road', '55.914916992188', '-3.1449360847473');
INSERT INTO stop (busstop, service) VALUES ('36234972', '8');
INSERT INTO stop (busstop, service) VALUES ('36234972', '18');
INSERT INTO busstop (sms, name, x, y) VALUES ('36234973', 'Moredunvale Loan', '55.916450500488', '-3.1435730457306');
INSERT INTO stop (busstop, service) VALUES ('36234973', '8');
INSERT INTO stop (busstop, service) VALUES ('36234973', '18');
INSERT INTO busstop (sms, name, x, y) VALUES ('36236859', 'South Gyle', '55.933460235596', '-3.3003880977631');
INSERT INTO stop (busstop, service) VALUES ('36236859', '12');
INSERT INTO stop (busstop, service) VALUES ('36236859', '21');
INSERT INTO stop (busstop, service) VALUES ('36236859', 'N22');
INSERT INTO busstop (sms, name, x, y) VALUES ('36236858', 'South Gyle Wynd', '55.932621002197', '-3.2961978912354');
INSERT INTO stop (busstop, service) VALUES ('36236858', '12');
INSERT INTO stop (busstop, service) VALUES ('36236858', '21');
INSERT INTO stop (busstop, service) VALUES ('36236858', 'N22');
INSERT INTO busstop (sms, name, x, y) VALUES ('36234976', 'Mordunvale Road', '55.918308258057', '-3.1347949504852');
INSERT INTO stop (busstop, service) VALUES ('36234976', '33');
INSERT INTO stop (busstop, service) VALUES ('36234976', '48');
INSERT INTO stop (busstop, service) VALUES ('36234976', '49');
INSERT INTO busstop (sms, name, x, y) VALUES ('36238923', 'Granton Park Ave', '55.980670928955', '-3.2294011116028');
INSERT INTO stop (busstop, service) VALUES ('36238923', '16');
INSERT INTO stop (busstop, service) VALUES ('36238923', '19');
INSERT INTO stop (busstop, service) VALUES ('36238923', '32');
INSERT INTO busstop (sms, name, x, y) VALUES ('36234974', 'Nether Craigour', '55.918315887451', '-3.1399960517883');
INSERT INTO stop (busstop, service) VALUES ('36234974', '8');
INSERT INTO stop (busstop, service) VALUES ('36234974', '18');
INSERT INTO busstop (sms, name, x, y) VALUES ('58232872', 'Ashgrove', '55.945384979248', '-3.0335080623627');
INSERT INTO stop (busstop, service) VALUES ('58232872', 'N44');
INSERT INTO busstop (sms, name, x, y) VALUES ('36236853', 'GEC Marconi', '55.930625915527', '-3.2962279319763');
INSERT INTO stop (busstop, service) VALUES ('36236853', '2');
INSERT INTO stop (busstop, service) VALUES ('36236853', '18');
INSERT INTO stop (busstop, service) VALUES ('36236853', '22');
INSERT INTO stop (busstop, service) VALUES ('36236853', '35');
INSERT INTO busstop (sms, name, x, y) VALUES ('36236852', 'Alexanders', '55.930053710938', '-3.2995541095734');
INSERT INTO stop (busstop, service) VALUES ('36236852', '2');
INSERT INTO stop (busstop, service) VALUES ('36236852', '18');
INSERT INTO stop (busstop, service) VALUES ('36236852', '22');
INSERT INTO stop (busstop, service) VALUES ('36236852', '35');
INSERT INTO busstop (sms, name, x, y) VALUES ('36234978', 'Craigour Avenue', '55.916389465332', '-3.1372671127319');
INSERT INTO stop (busstop, service) VALUES ('36234978', '8');
INSERT INTO stop (busstop, service) VALUES ('36234978', '18');
INSERT INTO busstop (sms, name, x, y) VALUES ('36234979', 'Craigour Green', '55.914367675781', '-3.1373999118805');
INSERT INTO stop (busstop, service) VALUES ('36234979', '8');
INSERT INTO stop (busstop, service) VALUES ('36234979', '18');
INSERT INTO busstop (sms, name, x, y) VALUES ('36236857', 'South Gyle Wynd', '55.93314743042', '-3.2976570129395');
INSERT INTO stop (busstop, service) VALUES ('36236857', '12');
INSERT INTO stop (busstop, service) VALUES ('36236857', '21');
INSERT INTO stop (busstop, service) VALUES ('36236857', 'N22');
INSERT INTO busstop (sms, name, x, y) VALUES ('36236856', 'South Gyle Mains', '55.933647155762', '-3.3003950119019');
INSERT INTO stop (busstop, service) VALUES ('36236856', '12');
INSERT INTO stop (busstop, service) VALUES ('36236856', '21');
INSERT INTO stop (busstop, service) VALUES ('36236856', 'N22');
INSERT INTO busstop (sms, name, x, y) VALUES ('36236854', 'South Gyle Park', '55.93431854248', '-3.3039870262146');
INSERT INTO stop (busstop, service) VALUES ('36236854', '12');
INSERT INTO stop (busstop, service) VALUES ('36236854', '21');
INSERT INTO stop (busstop, service) VALUES ('36236854', 'N22');
INSERT INTO busstop (sms, name, x, y) VALUES ('64325743', 'Lothianbridge', '55.871227264404', '-3.0733940601349');
INSERT INTO stop (busstop, service) VALUES ('64325743', '29');
INSERT INTO stop (busstop, service) VALUES ('64325743', 'X29');
INSERT INTO busstop (sms, name, x, y) VALUES ('64325745', 'Lothianbridge', '55.870960235596', '-3.0732269287109');
INSERT INTO stop (busstop, service) VALUES ('64325745', '29');
INSERT INTO stop (busstop, service) VALUES ('64325745', 'X29');
INSERT INTO busstop (sms, name, x, y) VALUES ('58232893', 'Ormiston Road', '55.941799163818', '-2.94850897789');
INSERT INTO stop (busstop, service) VALUES ('58232893', '44');
INSERT INTO stop (busstop, service) VALUES ('58232893', '44A');
INSERT INTO stop (busstop, service) VALUES ('58232893', 'N44');
INSERT INTO busstop (sms, name, x, y) VALUES ('58232932', 'Limeylands Rd', '55.912822723389', '-2.9472410678864');
INSERT INTO stop (busstop, service) VALUES ('58232932', '44');
INSERT INTO busstop (sms, name, x, y) VALUES ('58232897', 'High Street', '55.943561553955', '-2.950777053833');
INSERT INTO stop (busstop, service) VALUES ('58232897', '26');
INSERT INTO stop (busstop, service) VALUES ('58232897', '44');
INSERT INTO stop (busstop, service) VALUES ('58232897', '44A');
INSERT INTO stop (busstop, service) VALUES ('58232897', 'N44');
INSERT INTO busstop (sms, name, x, y) VALUES ('58232895', 'Ormiston Road', '55.937957763672', '-2.9435000419617');
INSERT INTO stop (busstop, service) VALUES ('58232895', '44');
INSERT INTO stop (busstop, service) VALUES ('58232895', 'N44');
INSERT INTO busstop (sms, name, x, y) VALUES ('58232894', 'Carlaverock Aven', '55.939208984375', '-2.9453389644623');
INSERT INTO stop (busstop, service) VALUES ('58232894', '44');
INSERT INTO stop (busstop, service) VALUES ('58232894', 'N44');
INSERT INTO busstop (sms, name, x, y) VALUES ('36232362', 'Comely Bank Aven', '55.955810546875', '-3.2162320613861');
INSERT INTO stop (busstop, service) VALUES ('36232362', '36');
INSERT INTO busstop (sms, name, x, y) VALUES ('36253265', 'Lochinvar Drive', '55.982093811035', '-3.2236280441284');
INSERT INTO stop (busstop, service) VALUES ('36253265', '47');
INSERT INTO stop (busstop, service) VALUES ('36253265', 'X47');
INSERT INTO busstop (sms, name, x, y) VALUES ('36253267', 'Hesperus Crosswa', '55.983638763428', '-3.2255840301514');
INSERT INTO stop (busstop, service) VALUES ('36253267', '37');
INSERT INTO stop (busstop, service) VALUES ('36253267', '42');
INSERT INTO stop (busstop, service) VALUES ('36253267', '47');
INSERT INTO stop (busstop, service) VALUES ('36253267', 'X47');
INSERT INTO busstop (sms, name, x, y) VALUES ('58232470', 'Faside Inn', '55.936698913574', '-3.0158278942108');
INSERT INTO stop (busstop, service) VALUES ('58232470', '44');
INSERT INTO busstop (sms, name, x, y) VALUES ('58232473', 'Miners welfare', '55.939754486084', '-3.0124659538269');
INSERT INTO stop (busstop, service) VALUES ('58232473', '44');
INSERT INTO stop (busstop, service) VALUES ('58232473', '44A');
INSERT INTO busstop (sms, name, x, y) VALUES ('58232472', 'Miners welfare', '55.939342498779', '-3.0126149654388');
INSERT INTO stop (busstop, service) VALUES ('58232472', '44');
INSERT INTO busstop (sms, name, x, y) VALUES ('58232475', 'Salters Road', '55.938091278076', '-3.0137829780579');
INSERT INTO stop (busstop, service) VALUES ('58232475', '44');
INSERT INTO busstop (sms, name, x, y) VALUES ('36253268', 'Morrison Crescen', '55.94388961792', '-3.214320898056');
INSERT INTO stop (busstop, service) VALUES ('36253268', '22');
INSERT INTO stop (busstop, service) VALUES ('36253268', 'X25');
INSERT INTO stop (busstop, service) VALUES ('36253268', '30');
INSERT INTO stop (busstop, service) VALUES ('36253268', 'N22');
INSERT INTO stop (busstop, service) VALUES ('36253268', 'N30');
INSERT INTO busstop (sms, name, x, y) VALUES ('58232477', 'Salters Road', '55.938468933105', '-3.0136969089508');
INSERT INTO stop (busstop, service) VALUES ('58232477', '44');
INSERT INTO stop (busstop, service) VALUES ('58232477', '44A');
INSERT INTO busstop (sms, name, x, y) VALUES ('58232476', 'Wallyford Termin', '55.936218261719', '-3.0162320137024');
INSERT INTO stop (busstop, service) VALUES ('58232476', '44');
INSERT INTO stop (busstop, service) VALUES ('58232476', '44A');
INSERT INTO busstop (sms, name, x, y) VALUES ('64323826', 'Nivens Knowe Ro', '55.874496459961', '-3.1729629039764');
INSERT INTO stop (busstop, service) VALUES ('64323826', '37');
INSERT INTO stop (busstop, service) VALUES ('64323826', 'N37');
INSERT INTO busstop (sms, name, x, y) VALUES ('36237536', 'Weaversknowe Cre', '55.898754119873', '-3.3132529258728');
INSERT INTO stop (busstop, service) VALUES ('36237536', '25');
INSERT INTO stop (busstop, service) VALUES ('36237536', '45');
INSERT INTO busstop (sms, name, x, y) VALUES ('36237535', 'Power Station', '55.901222229004', '-3.3101699352264');
INSERT INTO stop (busstop, service) VALUES ('36237535', '45');
INSERT INTO busstop (sms, name, x, y) VALUES ('36237534', 'Weaversknowe Cre', '55.900848388672', '-3.30983710289');
INSERT INTO stop (busstop, service) VALUES ('36237534', '25');
INSERT INTO stop (busstop, service) VALUES ('36237534', '45');
INSERT INTO busstop (sms, name, x, y) VALUES ('36237532', 'Bryce Road', '55.897495269775', '-3.3030710220337');
INSERT INTO stop (busstop, service) VALUES ('36237532', '44');
INSERT INTO stop (busstop, service) VALUES ('36237532', '44A');
INSERT INTO stop (busstop, service) VALUES ('36237532', '45');
INSERT INTO stop (busstop, service) VALUES ('36237532', 'N44');
INSERT INTO busstop (sms, name, x, y) VALUES ('32647232', 'Bonaly Road at G', '55.904132843018', '-3.2610490322113');
INSERT INTO stop (busstop, service) VALUES ('32647232', '10');
INSERT INTO busstop (sms, name, x, y) VALUES ('36237539', 'Pentland View Co', '55.895050048828', '-3.3132081031799');
INSERT INTO stop (busstop, service) VALUES ('36237539', '25');
INSERT INTO stop (busstop, service) VALUES ('36237539', '44');
INSERT INTO stop (busstop, service) VALUES ('36237539', '44A');
INSERT INTO stop (busstop, service) VALUES ('36237539', 'N44');
INSERT INTO busstop (sms, name, x, y) VALUES ('36237538', 'Pentland View Co', '55.895511627197', '-3.3123440742493');
INSERT INTO stop (busstop, service) VALUES ('36237538', '44');
INSERT INTO stop (busstop, service) VALUES ('36237538', 'N44');
INSERT INTO busstop (sms, name, x, y) VALUES ('58232876', 'Police Station', '55.943397521973', '-2.9498610496521');
INSERT INTO stop (busstop, service) VALUES ('58232876', '26');
INSERT INTO stop (busstop, service) VALUES ('58232876', '44');
INSERT INTO stop (busstop, service) VALUES ('58232876', 'N44');
INSERT INTO busstop (sms, name, x, y) VALUES ('36232562', 'Fountainbridge', '55.94539642334', '-3.2051930427551');
INSERT INTO stop (busstop, service) VALUES ('36232562', '10');
INSERT INTO stop (busstop, service) VALUES ('36232562', '11');
INSERT INTO stop (busstop, service) VALUES ('36232562', '15');
INSERT INTO stop (busstop, service) VALUES ('36232562', '15A');
INSERT INTO stop (busstop, service) VALUES ('36232562', '16');
INSERT INTO stop (busstop, service) VALUES ('36232562', '24');
INSERT INTO stop (busstop, service) VALUES ('36232562', '35');
INSERT INTO stop (busstop, service) VALUES ('36232562', 'N16');
INSERT INTO busstop (sms, name, x, y) VALUES ('36253282', 'Princes St Boots', '55.951545715332', '-3.2005469799042');
INSERT INTO stop (busstop, service) VALUES ('36253282', '10');
INSERT INTO stop (busstop, service) VALUES ('36253282', '11');
INSERT INTO stop (busstop, service) VALUES ('36253282', '12');
INSERT INTO stop (busstop, service) VALUES ('36253282', '16');
INSERT INTO stop (busstop, service) VALUES ('36253282', '22');
INSERT INTO stop (busstop, service) VALUES ('36253282', '25');
INSERT INTO stop (busstop, service) VALUES ('36253282', 'X25');
INSERT INTO stop (busstop, service) VALUES ('36253282', 'N22');
INSERT INTO stop (busstop, service) VALUES ('36253282', 'N25');
INSERT INTO busstop (sms, name, x, y) VALUES ('36234964', 'Mansfield Road', '55.876594543457', '-3.3373610973358');
INSERT INTO stop (busstop, service) VALUES ('36234964', '44');
INSERT INTO stop (busstop, service) VALUES ('36234964', '44A');
INSERT INTO stop (busstop, service) VALUES ('36234964', 'N44');
INSERT INTO busstop (sms, name, x, y) VALUES ('64323558', 'Queensway', '55.836479187012', '-3.2199931144714');
INSERT INTO stop (busstop, service) VALUES ('64323558', '15');
INSERT INTO stop (busstop, service) VALUES ('64323558', '15A');
INSERT INTO stop (busstop, service) VALUES ('64323558', '37');
INSERT INTO stop (busstop, service) VALUES ('64323558', '47');
INSERT INTO stop (busstop, service) VALUES ('64323558', 'X47');
INSERT INTO stop (busstop, service) VALUES ('64323558', 'N37');
INSERT INTO busstop (sms, name, x, y) VALUES ('36242468', 'Gyle Centre', '55.937892913818', '-3.3144810199738');
INSERT INTO stop (busstop, service) VALUES ('36242468', '2');
INSERT INTO stop (busstop, service) VALUES ('36242468', '12');
INSERT INTO stop (busstop, service) VALUES ('36242468', '21');
INSERT INTO stop (busstop, service) VALUES ('36242468', 'X25');
INSERT INTO busstop (sms, name, x, y) VALUES ('58232873', 'Linkfield Road', '55.944789886475', '-3.0294899940491');
INSERT INTO stop (busstop, service) VALUES ('58232873', 'N44');
INSERT INTO busstop (sms, name, x, y) VALUES ('36242462', 'Gyle Centre', '55.938091278076', '-3.3142800331116');
INSERT INTO stop (busstop, service) VALUES ('36242462', '22');
INSERT INTO busstop (sms, name, x, y) VALUES ('36232692', 'Caledonian Hotel', '55.949237823486', '-3.2068979740143');
INSERT INTO stop (busstop, service) VALUES ('36232692', '1');
INSERT INTO stop (busstop, service) VALUES ('36232692', '10');
INSERT INTO stop (busstop, service) VALUES ('36232692', '11');
INSERT INTO stop (busstop, service) VALUES ('36232692', '15');
INSERT INTO stop (busstop, service) VALUES ('36232692', '15A');
INSERT INTO stop (busstop, service) VALUES ('36232692', '16');
INSERT INTO stop (busstop, service) VALUES ('36232692', '22');
INSERT INTO stop (busstop, service) VALUES ('36232692', '24');
INSERT INTO stop (busstop, service) VALUES ('36232692', '25');
INSERT INTO stop (busstop, service) VALUES ('36232692', 'X25');
INSERT INTO stop (busstop, service) VALUES ('36232692', '30');
INSERT INTO stop (busstop, service) VALUES ('36232692', '34');
INSERT INTO stop (busstop, service) VALUES ('36232692', 'N16');
INSERT INTO stop (busstop, service) VALUES ('36232692', 'N22');
INSERT INTO stop (busstop, service) VALUES ('36232692', 'N30');
INSERT INTO stop (busstop, service) VALUES ('36232692', 'N31');
INSERT INTO busstop (sms, name, x, y) VALUES ('36232695', 'Buckingham Terra', '55.955150604248', '-3.2195749282837');
INSERT INTO stop (busstop, service) VALUES ('36232695', '19');
INSERT INTO stop (busstop, service) VALUES ('36232695', '37');
INSERT INTO stop (busstop, service) VALUES ('36232695', '41');
INSERT INTO stop (busstop, service) VALUES ('36232695', '47');
INSERT INTO stop (busstop, service) VALUES ('36232695', 'X47');
INSERT INTO stop (busstop, service) VALUES ('36232695', 'N37');
INSERT INTO busstop (sms, name, x, y) VALUES ('36245494', 'Abercromby Place', '55.956233978271', '-3.1986420154572');
INSERT INTO stop (busstop, service) VALUES ('36245494', '23');
INSERT INTO stop (busstop, service) VALUES ('36245494', '27');
INSERT INTO busstop (sms, name, x, y) VALUES ('36232697', 'Orchard Terrace', '55.954914093018', '-3.2243719100952');
INSERT INTO stop (busstop, service) VALUES ('36232697', '41');
INSERT INTO busstop (sms, name, x, y) VALUES ('36232696', 'Learmonth Terrac', '55.95528793335', '-3.2192590236664');
INSERT INTO stop (busstop, service) VALUES ('36232696', '19');
INSERT INTO stop (busstop, service) VALUES ('36232696', '37');
INSERT INTO stop (busstop, service) VALUES ('36232696', '41');
INSERT INTO stop (busstop, service) VALUES ('36232696', '47');
INSERT INTO stop (busstop, service) VALUES ('36232696', 'X47');
INSERT INTO stop (busstop, service) VALUES ('36232696', 'N37');
INSERT INTO busstop (sms, name, x, y) VALUES ('36245498', 'Morningside Driv', '55.922210693359', '-3.2227649688721');
INSERT INTO stop (busstop, service) VALUES ('36245498', '23');
INSERT INTO stop (busstop, service) VALUES ('36245498', '41');
INSERT INTO busstop (sms, name, x, y) VALUES ('36245329', 'Kaimes', '55.899658203125', '-3.1625111103058');
INSERT INTO stop (busstop, service) VALUES ('36245329', '37');
INSERT INTO stop (busstop, service) VALUES ('36245329', '47');
INSERT INTO stop (busstop, service) VALUES ('36245329', '67');
INSERT INTO stop (busstop, service) VALUES ('36245329', 'N37');
INSERT INTO busstop (sms, name, x, y) VALUES ('36232564', 'Tollcross', '55.942646026611', '-3.2034590244293');
INSERT INTO stop (busstop, service) VALUES ('36232564', '11');
INSERT INTO stop (busstop, service) VALUES ('36232564', '15');
INSERT INTO stop (busstop, service) VALUES ('36232564', '15A');
INSERT INTO stop (busstop, service) VALUES ('36232564', '16');
INSERT INTO stop (busstop, service) VALUES ('36232564', '23');
INSERT INTO stop (busstop, service) VALUES ('36232564', 'N16');
INSERT INTO busstop (sms, name, x, y) VALUES ('58232653', 'Pinkie Road', '55.941402435303', '-3.036092042923');
INSERT INTO stop (busstop, service) VALUES ('58232653', '26');
INSERT INTO stop (busstop, service) VALUES ('58232653', 'X26');
INSERT INTO stop (busstop, service) VALUES ('58232653', '44');
INSERT INTO stop (busstop, service) VALUES ('58232653', 'N26');
INSERT INTO busstop (sms, name, x, y) VALUES ('58232652', 'Pinkie Road', '55.942413330078', '-3.0312359333038');
INSERT INTO stop (busstop, service) VALUES ('58232652', '26');
INSERT INTO stop (busstop, service) VALUES ('58232652', 'X26');
INSERT INTO stop (busstop, service) VALUES ('58232652', '44');
INSERT INTO stop (busstop, service) VALUES ('58232652', '44A');
INSERT INTO stop (busstop, service) VALUES ('58232652', 'N26');
INSERT INTO busstop (sms, name, x, y) VALUES ('36242864', 'Morrison Street', '55.945804595947', '-3.2085518836975');
INSERT INTO stop (busstop, service) VALUES ('36242864', '2');
INSERT INTO busstop (sms, name, x, y) VALUES ('36237629', 'Hoseason Gardens', '55.955554962158', '-3.288379907608');
INSERT INTO stop (busstop, service) VALUES ('36237629', '1');
INSERT INTO stop (busstop, service) VALUES ('36237629', '21');
INSERT INTO stop (busstop, service) VALUES ('36237629', '26');
INSERT INTO stop (busstop, service) VALUES ('36237629', 'N26');
INSERT INTO busstop (sms, name, x, y) VALUES ('36298678', 'Western Harbour', '55.984619140625', '-3.1912820339203');
INSERT INTO stop (busstop, service) VALUES ('36298678', '10');
INSERT INTO busstop (sms, name, x, y) VALUES ('36242862', 'Sylvan Place', '55.939720153809', '-3.1902389526367');
INSERT INTO stop (busstop, service) VALUES ('36242862', '41');
INSERT INTO busstop (sms, name, x, y) VALUES ('64323732', 'Gowkshill Farm C', '55.855968475342', '-3.0558960437775');
INSERT INTO stop (busstop, service) VALUES ('64323732', '3');
INSERT INTO stop (busstop, service) VALUES ('64323732', '3A');
INSERT INTO stop (busstop, service) VALUES ('64323732', '29');
INSERT INTO stop (busstop, service) VALUES ('64323732', 'X29');
INSERT INTO stop (busstop, service) VALUES ('64323732', 'N3');
INSERT INTO busstop (sms, name, x, y) VALUES ('64323736', 'Community Centre', '55.853469848633', '-3.0537509918213');
INSERT INTO stop (busstop, service) VALUES ('64323736', '3');
INSERT INTO stop (busstop, service) VALUES ('64323736', '3A');
INSERT INTO stop (busstop, service) VALUES ('64323736', '29');
INSERT INTO stop (busstop, service) VALUES ('64323736', 'X29');
INSERT INTO stop (busstop, service) VALUES ('64323736', 'N3');
INSERT INTO busstop (sms, name, x, y) VALUES ('64323737', 'Greenhill Commun', '55.853965759277', '-3.0537800788879');
INSERT INTO stop (busstop, service) VALUES ('64323737', '3');
INSERT INTO stop (busstop, service) VALUES ('64323737', '3A');
INSERT INTO stop (busstop, service) VALUES ('64323737', '29');
INSERT INTO stop (busstop, service) VALUES ('64323737', 'X29');
INSERT INTO stop (busstop, service) VALUES ('64323737', 'N3');
INSERT INTO busstop (sms, name, x, y) VALUES ('64323734', 'The Crescent', '55.857494354248', '-3.0562560558319');
INSERT INTO stop (busstop, service) VALUES ('64323734', '3');
INSERT INTO stop (busstop, service) VALUES ('64323734', '3A');
INSERT INTO stop (busstop, service) VALUES ('64323734', '29');
INSERT INTO stop (busstop, service) VALUES ('64323734', 'X29');
INSERT INTO stop (busstop, service) VALUES ('64323734', 'N3');
INSERT INTO busstop (sms, name, x, y) VALUES ('64323735', 'The Crescent', '55.858028411865', '-3.0565900802612');
INSERT INTO stop (busstop, service) VALUES ('64323735', '3');
INSERT INTO stop (busstop, service) VALUES ('64323735', '3A');
INSERT INTO stop (busstop, service) VALUES ('64323735', '29');
INSERT INTO stop (busstop, service) VALUES ('64323735', 'X29');
INSERT INTO stop (busstop, service) VALUES ('64323735', 'N3');
INSERT INTO busstop (sms, name, x, y) VALUES ('36238752', 'Broad Wynd', '55.975975036621', '-3.1699750423431');
INSERT INTO stop (busstop, service) VALUES ('36238752', '22');
INSERT INTO stop (busstop, service) VALUES ('36238752', '36');
INSERT INTO stop (busstop, service) VALUES ('36238752', 'N22');
INSERT INTO busstop (sms, name, x, y) VALUES ('36238753', 'silverknowes Cre', '55.968284606934', '-3.2696239948273');
INSERT INTO stop (busstop, service) VALUES ('36238753', '29');
INSERT INTO stop (busstop, service) VALUES ('36238753', 'X29');
INSERT INTO busstop (sms, name, x, y) VALUES ('36239597', 'Gillsland Road', '55.931060791016', '-3.2195858955383');
INSERT INTO stop (busstop, service) VALUES ('36239597', '45');
INSERT INTO busstop (sms, name, x, y) VALUES ('36242795', 'Gladstone Terrac', '55.9397315979', '-3.1863169670105');
INSERT INTO stop (busstop, service) VALUES ('36242795', '41');
INSERT INTO busstop (sms, name, x, y) VALUES ('36238328', 'Corbiehill Avenu', '55.96310043335', '-3.2644081115723');
INSERT INTO stop (busstop, service) VALUES ('36238328', '41');
INSERT INTO busstop (sms, name, x, y) VALUES ('36232347', 'Logan Street', '55.961254119873', '-3.1982688903809');
INSERT INTO stop (busstop, service) VALUES ('36232347', '36');
INSERT INTO busstop (sms, name, x, y) VALUES ('36232346', 'Logie Green Road', '55.963146209717', '-3.195748090744');
INSERT INTO stop (busstop, service) VALUES ('36232346', '36');
INSERT INTO busstop (sms, name, x, y) VALUES ('36232345', 'Beaverhall Road', '55.964157104492', '-3.1935369968414');
INSERT INTO stop (busstop, service) VALUES ('36232345', '36');
INSERT INTO busstop (sms, name, x, y) VALUES ('36232343', 'Beaverhall Road', '55.964340209961', '-3.1922929286957');
INSERT INTO stop (busstop, service) VALUES ('36232343', '36');
INSERT INTO busstop (sms, name, x, y) VALUES ('36232342', 'Broughton Primar', '55.965976715088', '-3.1894268989563');
INSERT INTO stop (busstop, service) VALUES ('36232342', '36');
INSERT INTO busstop (sms, name, x, y) VALUES ('36235723', 'Cable Wynd', '55.97322845459', '-3.1762220859528');
INSERT INTO stop (busstop, service) VALUES ('36235723', '1');
INSERT INTO stop (busstop, service) VALUES ('36235723', '7');
INSERT INTO stop (busstop, service) VALUES ('36235723', '10');
INSERT INTO stop (busstop, service) VALUES ('36235723', '14');
INSERT INTO stop (busstop, service) VALUES ('36235723', '21');
INSERT INTO stop (busstop, service) VALUES ('36235723', '34');
INSERT INTO busstop (sms, name, x, y) VALUES ('36232348', 'Eyre Terrace', '55.960777282715', '-3.2000319957733');
INSERT INTO stop (busstop, service) VALUES ('36232348', '36');
INSERT INTO busstop (sms, name, x, y) VALUES ('36234576', 'Bridge Street', '55.954998016357', '-3.1181380748749');
INSERT INTO stop (busstop, service) VALUES ('36234576', '15');
INSERT INTO stop (busstop, service) VALUES ('36234576', '15A');
INSERT INTO stop (busstop, service) VALUES ('36234576', '21');
INSERT INTO stop (busstop, service) VALUES ('36234576', '26');
INSERT INTO stop (busstop, service) VALUES ('36234576', '42');
INSERT INTO stop (busstop, service) VALUES ('36234576', '49');
INSERT INTO stop (busstop, service) VALUES ('36234576', '69');
INSERT INTO stop (busstop, service) VALUES ('36234576', 'N26');
INSERT INTO busstop (sms, name, x, y) VALUES ('36234574', 'PortobelloTown H', '55.953582763672', '-3.1157269477844');
INSERT INTO stop (busstop, service) VALUES ('36234574', '15');
INSERT INTO stop (busstop, service) VALUES ('36234574', '15A');
INSERT INTO stop (busstop, service) VALUES ('36234574', '26');
INSERT INTO stop (busstop, service) VALUES ('36234574', 'X26');
INSERT INTO stop (busstop, service) VALUES ('36234574', 'N26');
INSERT INTO busstop (sms, name, x, y) VALUES ('36234575', 'PortobelloTown H', '55.953468322754', '-3.1154990196228');
INSERT INTO stop (busstop, service) VALUES ('36234575', '21');
INSERT INTO stop (busstop, service) VALUES ('36234575', '42');
INSERT INTO stop (busstop, service) VALUES ('36234575', '49');
INSERT INTO stop (busstop, service) VALUES ('36234575', '69');
INSERT INTO busstop (sms, name, x, y) VALUES ('36234572', 'Station Brae', '55.949901580811', '-3.1192560195923');
INSERT INTO stop (busstop, service) VALUES ('36234572', '21');
INSERT INTO stop (busstop, service) VALUES ('36234572', '42');
INSERT INTO stop (busstop, service) VALUES ('36234572', '49');
INSERT INTO stop (busstop, service) VALUES ('36234572', '69');
INSERT INTO busstop (sms, name, x, y) VALUES ('36234573', 'Brighton Place', '55.95142364502', '-3.1168179512024');
INSERT INTO stop (busstop, service) VALUES ('36234573', '21');
INSERT INTO stop (busstop, service) VALUES ('36234573', '42');
INSERT INTO stop (busstop, service) VALUES ('36234573', '49');
INSERT INTO stop (busstop, service) VALUES ('36234573', '69');
INSERT INTO busstop (sms, name, x, y) VALUES ('36247897', 'Near Duddingston', '55.948253631592', '-3.1266229152679');
INSERT INTO stop (busstop, service) VALUES ('36247897', '5');
INSERT INTO busstop (sms, name, x, y) VALUES ('36234578', 'Kings Road', '55.956836700439', '-3.1214098930359');
INSERT INTO stop (busstop, service) VALUES ('36234578', '15');
INSERT INTO stop (busstop, service) VALUES ('36234578', '15A');
INSERT INTO stop (busstop, service) VALUES ('36234578', '21');
INSERT INTO stop (busstop, service) VALUES ('36234578', '26');
INSERT INTO stop (busstop, service) VALUES ('36234578', 'X26');
INSERT INTO stop (busstop, service) VALUES ('36234578', '42');
INSERT INTO stop (busstop, service) VALUES ('36234578', '49');
INSERT INTO stop (busstop, service) VALUES ('36234578', '69');
INSERT INTO stop (busstop, service) VALUES ('36234578', 'N26');
INSERT INTO busstop (sms, name, x, y) VALUES ('36234579', 'Brighton Place', '55.951698303223', '-3.1161210536957');
INSERT INTO stop (busstop, service) VALUES ('36234579', '21');
INSERT INTO stop (busstop, service) VALUES ('36234579', '42');
INSERT INTO stop (busstop, service) VALUES ('36234579', '49');
INSERT INTO stop (busstop, service) VALUES ('36234579', '69');
INSERT INTO busstop (sms, name, x, y) VALUES ('36236596', 'Maybury', '55.94083404541', '-3.3116829395294');
INSERT INTO stop (busstop, service) VALUES ('36236596', '31');
INSERT INTO stop (busstop, service) VALUES ('36236596', '48');
INSERT INTO stop (busstop, service) VALUES ('36236596', 'X48');
INSERT INTO stop (busstop, service) VALUES ('36236596', '100');
INSERT INTO busstop (sms, name, x, y) VALUES ('36236597', 'Gogarstone', '55.93664932251', '-3.3519809246063');
INSERT INTO stop (busstop, service) VALUES ('36236597', '35');
INSERT INTO stop (busstop, service) VALUES ('36236597', '48');
INSERT INTO stop (busstop, service) VALUES ('36236597', 'X48');
INSERT INTO stop (busstop, service) VALUES ('36236597', 'N22');
INSERT INTO busstop (sms, name, x, y) VALUES ('36236594', 'North Gyle Road', '55.941379547119', '-3.302542924881');
INSERT INTO stop (busstop, service) VALUES ('36236594', '31');
INSERT INTO stop (busstop, service) VALUES ('36236594', '48');
INSERT INTO stop (busstop, service) VALUES ('36236594', 'X48');
INSERT INTO busstop (sms, name, x, y) VALUES ('36236595', 'Gyle Park Garden', '55.940994262695', '-3.3073980808258');
INSERT INTO stop (busstop, service) VALUES ('36236595', '31');
INSERT INTO stop (busstop, service) VALUES ('36236595', '48');
INSERT INTO stop (busstop, service) VALUES ('36236595', 'X48');
INSERT INTO busstop (sms, name, x, y) VALUES ('36236592', 'Meadowplace Road', '55.942249298096', '-3.2957189083099');
INSERT INTO stop (busstop, service) VALUES ('36236592', '31');
INSERT INTO stop (busstop, service) VALUES ('36236592', '48');
INSERT INTO stop (busstop, service) VALUES ('36236592', 'X48');
INSERT INTO busstop (sms, name, x, y) VALUES ('36236593', 'Craigs Gardens', '55.941764831543', '-3.2991299629211');
INSERT INTO stop (busstop, service) VALUES ('36236593', '31');
INSERT INTO stop (busstop, service) VALUES ('36236593', '48');
INSERT INTO stop (busstop, service) VALUES ('36236593', 'X48');
INSERT INTO busstop (sms, name, x, y) VALUES ('36236262', 'Cluny Church', '55.924640655518', '-3.2080860137939');
INSERT INTO stop (busstop, service) VALUES ('36236262', '38');
INSERT INTO stop (busstop, service) VALUES ('36236262', '41');
INSERT INTO busstop (sms, name, x, y) VALUES ('36236263', 'Woodburn Terrace', '55.924659729004', '-3.2043569087982');
INSERT INTO stop (busstop, service) VALUES ('36236263', '38');
INSERT INTO stop (busstop, service) VALUES ('36236263', '41');
INSERT INTO busstop (sms, name, x, y) VALUES ('36236268', 'Blackford Pond', '55.926071166992', '-3.1957108974457');
INSERT INTO stop (busstop, service) VALUES ('36236268', '38');
INSERT INTO stop (busstop, service) VALUES ('36236268', '41');
INSERT INTO busstop (sms, name, x, y) VALUES ('36236269', 'Blackford Pond', '55.926162719727', '-3.193953037262');
INSERT INTO stop (busstop, service) VALUES ('36236269', '38');
INSERT INTO stop (busstop, service) VALUES ('36236269', '41');
INSERT INTO busstop (sms, name, x, y) VALUES ('36236598', 'Gogarstone', '55.93692779541', '-3.3505818843842');
INSERT INTO stop (busstop, service) VALUES ('36236598', '35');
INSERT INTO stop (busstop, service) VALUES ('36236598', '48');
INSERT INTO stop (busstop, service) VALUES ('36236598', 'X48');
INSERT INTO stop (busstop, service) VALUES ('36236598', 'N22');
INSERT INTO busstop (sms, name, x, y) VALUES ('36237954', 'Captains Road', '55.904476165771', '-3.1496510505676');
INSERT INTO stop (busstop, service) VALUES ('36237954', '31');
INSERT INTO stop (busstop, service) VALUES ('36237954', 'N31');
INSERT INTO busstop (sms, name, x, y) VALUES ('36237957', 'The Murrays', '55.900619506836', '-3.1450579166412');
INSERT INTO stop (busstop, service) VALUES ('36237957', '31');
INSERT INTO stop (busstop, service) VALUES ('36237957', 'X31');
INSERT INTO stop (busstop, service) VALUES ('36237957', 'N31');
INSERT INTO busstop (sms, name, x, y) VALUES ('36237956', 'Captains Road', '55.904319763184', '-3.1491179466248');
INSERT INTO stop (busstop, service) VALUES ('36237956', '31');
INSERT INTO stop (busstop, service) VALUES ('36237956', 'N31');
INSERT INTO busstop (sms, name, x, y) VALUES ('36234689', 'Duddingston Hous', '55.942718505859', '-3.1303849220276');
INSERT INTO stop (busstop, service) VALUES ('36234689', '4');
INSERT INTO stop (busstop, service) VALUES ('36234689', '44');
INSERT INTO stop (busstop, service) VALUES ('36234689', '44A');
INSERT INTO stop (busstop, service) VALUES ('36234689', '45');
INSERT INTO stop (busstop, service) VALUES ('36234689', 'N44');
INSERT INTO busstop (sms, name, x, y) VALUES ('36237953', 'Gracemount Schoo', '55.905490875244', '-3.1509439945221');
INSERT INTO stop (busstop, service) VALUES ('36237953', '31');
INSERT INTO stop (busstop, service) VALUES ('36237953', 'N31');
INSERT INTO busstop (sms, name, x, y) VALUES ('36237952', 'Gracemount Schoo', '55.905754089355', '-3.1517040729523');
INSERT INTO stop (busstop, service) VALUES ('36237952', '31');
INSERT INTO stop (busstop, service) VALUES ('36237952', 'N31');
INSERT INTO busstop (sms, name, x, y) VALUES ('36234684', 'Northfield Farm', '55.947944641113', '-3.1367020606995');
INSERT INTO stop (busstop, service) VALUES ('36234684', '4');
INSERT INTO stop (busstop, service) VALUES ('36234684', '69');
INSERT INTO busstop (sms, name, x, y) VALUES ('36234685', 'Duddingston Mill', '55.9462890625', '-3.1359651088715');
INSERT INTO stop (busstop, service) VALUES ('36234685', '4');
INSERT INTO stop (busstop, service) VALUES ('36234685', '44');
INSERT INTO stop (busstop, service) VALUES ('36234685', '45');
INSERT INTO stop (busstop, service) VALUES ('36234685', 'N44');
INSERT INTO busstop (sms, name, x, y) VALUES ('36234686', 'Duddingston Aven', '55.94352722168', '-3.1313529014587');
INSERT INTO stop (busstop, service) VALUES ('36234686', '4');
INSERT INTO stop (busstop, service) VALUES ('36234686', '44');
INSERT INTO stop (busstop, service) VALUES ('36234686', '45');
INSERT INTO stop (busstop, service) VALUES ('36234686', 'N44');
INSERT INTO busstop (sms, name, x, y) VALUES ('36234687', 'Duddingston Aven', '55.943965911865', '-3.1326949596405');
INSERT INTO stop (busstop, service) VALUES ('36234687', '4');
INSERT INTO stop (busstop, service) VALUES ('36234687', '44');
INSERT INTO stop (busstop, service) VALUES ('36234687', '44A');
INSERT INTO stop (busstop, service) VALUES ('36234687', '45');
INSERT INTO stop (busstop, service) VALUES ('36234687', 'N44');
INSERT INTO busstop (sms, name, x, y) VALUES ('36234681', 'Bingham Way', '55.93856048584', '-3.125333070755');
INSERT INTO stop (busstop, service) VALUES ('36234681', '4');
INSERT INTO busstop (sms, name, x, y) VALUES ('36234682', 'Mountcastle Driv', '55.943012237549', '-3.1230280399323');
INSERT INTO stop (busstop, service) VALUES ('36234682', '44');
INSERT INTO stop (busstop, service) VALUES ('36234682', '45');
INSERT INTO stop (busstop, service) VALUES ('36234682', 'N44');
INSERT INTO busstop (sms, name, x, y) VALUES ('36234683', 'Northfield Squar', '55.950454711914', '-3.1363921165466');
INSERT INTO stop (busstop, service) VALUES ('36234683', '4');
INSERT INTO stop (busstop, service) VALUES ('36234683', '69');
INSERT INTO busstop (sms, name, x, y) VALUES ('36234962', 'Main Street', '55.882804870605', '-3.3388700485229');
INSERT INTO stop (busstop, service) VALUES ('36234962', '44');
INSERT INTO busstop (sms, name, x, y) VALUES ('36246545', 'Queensferry Stre', '55.950637817383', '-3.2094879150391');
INSERT INTO stop (busstop, service) VALUES ('36246545', '41');
INSERT INTO busstop (sms, name, x, y) VALUES ('36246542', 'Waterfront Light', '55.981834411621', '-3.2297260761261');
INSERT INTO stop (busstop, service) VALUES ('36246542', '38');
INSERT INTO stop (busstop, service) VALUES ('36246542', '47');
INSERT INTO stop (busstop, service) VALUES ('36246542', 'X47');
INSERT INTO busstop (sms, name, x, y) VALUES ('36236468', 'Leven Place', '55.942161560059', '-3.2008979320526');
INSERT INTO stop (busstop, service) VALUES ('36236468', '24');
INSERT INTO busstop (sms, name, x, y) VALUES ('36236469', 'Warrneder Park T', '55.939895629883', '-3.1953680515289');
INSERT INTO stop (busstop, service) VALUES ('36236469', '24');
INSERT INTO busstop (sms, name, x, y) VALUES ('36248497', 'Ingliston Park &', '55.939102172852', '-3.3561329841614');
INSERT INTO stop (busstop, service) VALUES ('36248497', '35');
INSERT INTO stop (busstop, service) VALUES ('36248497', '48');
INSERT INTO stop (busstop, service) VALUES ('36248497', 'X48');
INSERT INTO busstop (sms, name, x, y) VALUES ('36236462', 'Chalmers Street', '55.944881439209', '-3.19842004776');
INSERT INTO stop (busstop, service) VALUES ('36236462', '23');
INSERT INTO stop (busstop, service) VALUES ('36236462', '27');
INSERT INTO stop (busstop, service) VALUES ('36236462', '35');
INSERT INTO stop (busstop, service) VALUES ('36236462', '45');
INSERT INTO busstop (sms, name, x, y) VALUES ('36236463', 'Keir Street', '55.944988250732', '-3.1965980529785');
INSERT INTO stop (busstop, service) VALUES ('36236463', '23');
INSERT INTO stop (busstop, service) VALUES ('36236463', '27');
INSERT INTO stop (busstop, service) VALUES ('36236463', '35');
INSERT INTO stop (busstop, service) VALUES ('36236463', '45');
INSERT INTO busstop (sms, name, x, y) VALUES ('36236467', 'East Fountainbri', '55.945182800293', '-3.2040340900421');
INSERT INTO stop (busstop, service) VALUES ('36236467', '2');
INSERT INTO stop (busstop, service) VALUES ('36236467', '35');
INSERT INTO busstop (sms, name, x, y) VALUES ('36236464', 'Lauriston Terrac', '55.94482421875', '-3.194895029068');
INSERT INTO stop (busstop, service) VALUES ('36236464', '23');
INSERT INTO stop (busstop, service) VALUES ('36236464', '27');
INSERT INTO stop (busstop, service) VALUES ('36236464', '35');
INSERT INTO stop (busstop, service) VALUES ('36236464', '45');
INSERT INTO busstop (sms, name, x, y) VALUES ('36236465', 'Middle Meadow Wa', '55.94514465332', '-3.1923429965973');
INSERT INTO stop (busstop, service) VALUES ('36236465', '23');
INSERT INTO stop (busstop, service) VALUES ('36236465', '27');
INSERT INTO stop (busstop, service) VALUES ('36236465', '35');
INSERT INTO stop (busstop, service) VALUES ('36236465', '45');
INSERT INTO busstop (sms, name, x, y) VALUES ('58234839', 'Fleets View', '55.935699462891', '-2.9459419250488');
INSERT INTO stop (busstop, service) VALUES ('58234839', '44');
INSERT INTO stop (busstop, service) VALUES ('58234839', 'N44');
INSERT INTO busstop (sms, name, x, y) VALUES ('58234838', 'Winton Grove', '55.936267852783', '-2.9433789253235');
INSERT INTO stop (busstop, service) VALUES ('58234838', '44');
INSERT INTO stop (busstop, service) VALUES ('58234838', '44A');
INSERT INTO stop (busstop, service) VALUES ('58234838', 'N44');
INSERT INTO busstop (sms, name, x, y) VALUES ('58234837', 'Winton Grove', '55.936298370361', '-2.9430921077728');
INSERT INTO stop (busstop, service) VALUES ('58234837', '44');
INSERT INTO stop (busstop, service) VALUES ('58234837', 'N44');
INSERT INTO busstop (sms, name, x, y) VALUES ('58234836', 'Queen Margaret U', '55.933025360107', '-3.0741419792175');
INSERT INTO stop (busstop, service) VALUES ('58234836', '30');
INSERT INTO stop (busstop, service) VALUES ('58234836', 'N30');
INSERT INTO busstop (sms, name, x, y) VALUES ('58234835', 'Queen Margaret U', '55.93285369873', '-3.074089050293');
INSERT INTO stop (busstop, service) VALUES ('58234835', '30');
INSERT INTO stop (busstop, service) VALUES ('58234835', '45');
INSERT INTO stop (busstop, service) VALUES ('58234835', 'N30');
INSERT INTO busstop (sms, name, x, y) VALUES ('36237896', 'Mount Pleasant', '55.914646148682', '-3.1615829467773');
INSERT INTO stop (busstop, service) VALUES ('36237896', '31');
INSERT INTO stop (busstop, service) VALUES ('36237896', 'N31');
INSERT INTO busstop (sms, name, x, y) VALUES ('36234758', 'Hill Place', '55.945804595947', '-3.1846449375153');
INSERT INTO stop (busstop, service) VALUES ('36234758', '2');
INSERT INTO stop (busstop, service) VALUES ('36234758', '3');
INSERT INTO stop (busstop, service) VALUES ('36234758', '3A');
INSERT INTO stop (busstop, service) VALUES ('36234758', '5');
INSERT INTO stop (busstop, service) VALUES ('36234758', '8');
INSERT INTO stop (busstop, service) VALUES ('36234758', '14');
INSERT INTO stop (busstop, service) VALUES ('36234758', '29');
INSERT INTO stop (busstop, service) VALUES ('36234758', 'X29');
INSERT INTO stop (busstop, service) VALUES ('36234758', '30');
INSERT INTO stop (busstop, service) VALUES ('36234758', '33');
INSERT INTO stop (busstop, service) VALUES ('36234758', '48');
INSERT INTO stop (busstop, service) VALUES ('36234758', 'X48');
INSERT INTO stop (busstop, service) VALUES ('36234758', '49');
INSERT INTO stop (busstop, service) VALUES ('36234758', 'N3');
INSERT INTO stop (busstop, service) VALUES ('36234758', 'N30');
INSERT INTO busstop (sms, name, x, y) VALUES ('36234759', 'Nicolson Street', '55.945579528809', '-3.1844789981842');
INSERT INTO stop (busstop, service) VALUES ('36234759', '7');
INSERT INTO stop (busstop, service) VALUES ('36234759', '31');
INSERT INTO stop (busstop, service) VALUES ('36234759', 'X31');
INSERT INTO stop (busstop, service) VALUES ('36234759', '37');
INSERT INTO stop (busstop, service) VALUES ('36234759', '47');
INSERT INTO stop (busstop, service) VALUES ('36234759', 'X47');
INSERT INTO stop (busstop, service) VALUES ('36234759', 'N31');
INSERT INTO stop (busstop, service) VALUES ('36234759', 'N37');
INSERT INTO busstop (sms, name, x, y) VALUES ('36234756', 'South Bridge', '55.949043273926', '-3.1868100166321');
INSERT INTO stop (busstop, service) VALUES ('36234756', '3');
INSERT INTO stop (busstop, service) VALUES ('36234756', '3A');
INSERT INTO stop (busstop, service) VALUES ('36234756', '5');
INSERT INTO stop (busstop, service) VALUES ('36234756', '8');
INSERT INTO stop (busstop, service) VALUES ('36234756', '14');
INSERT INTO stop (busstop, service) VALUES ('36234756', '29');
INSERT INTO stop (busstop, service) VALUES ('36234756', 'X29');
INSERT INTO stop (busstop, service) VALUES ('36234756', '30');
INSERT INTO stop (busstop, service) VALUES ('36234756', '33');
INSERT INTO stop (busstop, service) VALUES ('36234756', '35');
INSERT INTO stop (busstop, service) VALUES ('36234756', '48');
INSERT INTO stop (busstop, service) VALUES ('36234756', 'X48');
INSERT INTO stop (busstop, service) VALUES ('36234756', '49');
INSERT INTO stop (busstop, service) VALUES ('36234756', 'N3');
INSERT INTO stop (busstop, service) VALUES ('36234756', 'N30');
INSERT INTO busstop (sms, name, x, y) VALUES ('36234757', 'Infirmary Street', '55.948589324951', '-3.1866040229797');
INSERT INTO stop (busstop, service) VALUES ('36234757', '7');
INSERT INTO stop (busstop, service) VALUES ('36234757', '31');
INSERT INTO stop (busstop, service) VALUES ('36234757', 'X31');
INSERT INTO stop (busstop, service) VALUES ('36234757', '37');
INSERT INTO stop (busstop, service) VALUES ('36234757', '47');
INSERT INTO stop (busstop, service) VALUES ('36234757', 'X47');
INSERT INTO stop (busstop, service) VALUES ('36234757', 'N31');
INSERT INTO stop (busstop, service) VALUES ('36234757', 'N37');
INSERT INTO busstop (sms, name, x, y) VALUES ('36234754', 'North Bridge', '55.951404571533', '-3.1879711151123');
INSERT INTO stop (busstop, service) VALUES ('36234754', '7');
INSERT INTO stop (busstop, service) VALUES ('36234754', '31');
INSERT INTO stop (busstop, service) VALUES ('36234754', 'X31');
INSERT INTO stop (busstop, service) VALUES ('36234754', '37');
INSERT INTO stop (busstop, service) VALUES ('36234754', '47');
INSERT INTO stop (busstop, service) VALUES ('36234754', 'X47');
INSERT INTO stop (busstop, service) VALUES ('36234754', 'N31');
INSERT INTO stop (busstop, service) VALUES ('36234754', 'N37');
INSERT INTO busstop (sms, name, x, y) VALUES ('36234752', 'North Bridge', '55.952548980713', '-3.1885828971863');
INSERT INTO stop (busstop, service) VALUES ('36234752', '7');
INSERT INTO stop (busstop, service) VALUES ('36234752', '14');
INSERT INTO stop (busstop, service) VALUES ('36234752', '30');
INSERT INTO stop (busstop, service) VALUES ('36234752', '33');
INSERT INTO stop (busstop, service) VALUES ('36234752', '48');
INSERT INTO stop (busstop, service) VALUES ('36234752', 'X48');
INSERT INTO stop (busstop, service) VALUES ('36234752', '49');
INSERT INTO stop (busstop, service) VALUES ('36234752', 'N30');
INSERT INTO busstop (sms, name, x, y) VALUES ('36234753', 'North Bridge', '55.951835632324', '-3.1882090568542');
INSERT INTO stop (busstop, service) VALUES ('36234753', '3');
INSERT INTO stop (busstop, service) VALUES ('36234753', '3A');
INSERT INTO stop (busstop, service) VALUES ('36234753', '5');
INSERT INTO stop (busstop, service) VALUES ('36234753', '8');
INSERT INTO stop (busstop, service) VALUES ('36234753', '29');
INSERT INTO stop (busstop, service) VALUES ('36234753', 'X29');
INSERT INTO stop (busstop, service) VALUES ('36234753', 'N3');
INSERT INTO busstop (sms, name, x, y) VALUES ('58232487', 'Moir Crescent', '55.9440574646', '-3.0201840400696');
INSERT INTO stop (busstop, service) VALUES ('58232487', 'N44');
INSERT INTO busstop (sms, name, x, y) VALUES ('58232480', 'Salters Road', '55.938468933105', '-3.0134890079498');
INSERT INTO stop (busstop, service) VALUES ('58232480', '44');
INSERT INTO busstop (sms, name, x, y) VALUES ('36237897', 'Mount Vernon Roa', '55.913814544678', '-3.1602630615234');
INSERT INTO stop (busstop, service) VALUES ('36237897', '31');
INSERT INTO stop (busstop, service) VALUES ('36237897', 'N31');
INSERT INTO busstop (sms, name, x, y) VALUES ('36247435', 'Chesser Gdns', '55.930423736572', '-3.2515950202942');
INSERT INTO stop (busstop, service) VALUES ('36247435', '35');
INSERT INTO busstop (sms, name, x, y) VALUES ('36235762', 'Kirk Loan', '55.94270324707', '-3.2818040847778');
INSERT INTO stop (busstop, service) VALUES ('36235762', '12');
INSERT INTO stop (busstop, service) VALUES ('36235762', '26');
INSERT INTO stop (busstop, service) VALUES ('36235762', 'X26');
INSERT INTO stop (busstop, service) VALUES ('36235762', '31');
INSERT INTO stop (busstop, service) VALUES ('36235762', '48');
INSERT INTO stop (busstop, service) VALUES ('36235762', 'X48');
INSERT INTO stop (busstop, service) VALUES ('36235762', 'N26');
INSERT INTO busstop (sms, name, x, y) VALUES ('36235763', 'St Ninians Road', '55.943054199219', '-3.2868280410767');
INSERT INTO stop (busstop, service) VALUES ('36235763', '12');
INSERT INTO stop (busstop, service) VALUES ('36235763', '26');
INSERT INTO stop (busstop, service) VALUES ('36235763', 'X26');
INSERT INTO stop (busstop, service) VALUES ('36235763', '31');
INSERT INTO stop (busstop, service) VALUES ('36235763', '48');
INSERT INTO stop (busstop, service) VALUES ('36235763', 'N26');
INSERT INTO busstop (sms, name, x, y) VALUES ('36235764', 'Corstorphine Ban', '55.942882537842', '-3.2912569046021');
INSERT INTO stop (busstop, service) VALUES ('36235764', '12');
INSERT INTO stop (busstop, service) VALUES ('36235764', '26');
INSERT INTO stop (busstop, service) VALUES ('36235764', 'X26');
INSERT INTO stop (busstop, service) VALUES ('36235764', '31');
INSERT INTO stop (busstop, service) VALUES ('36235764', '48');
INSERT INTO stop (busstop, service) VALUES ('36235764', 'X48');
INSERT INTO stop (busstop, service) VALUES ('36235764', '100');
INSERT INTO stop (busstop, service) VALUES ('36235764', 'N26');
INSERT INTO busstop (sms, name, x, y) VALUES ('36235765', 'Meadowplace Road', '55.942028045654', '-3.2929100990295');
INSERT INTO stop (busstop, service) VALUES ('36235765', '1');
INSERT INTO stop (busstop, service) VALUES ('36235765', '12');
INSERT INTO stop (busstop, service) VALUES ('36235765', '21');
INSERT INTO stop (busstop, service) VALUES ('36235765', 'X26');
INSERT INTO stop (busstop, service) VALUES ('36235765', '32');
INSERT INTO busstop (sms, name, x, y) VALUES ('36235767', 'Ladywell', '55.940910339355', '-3.2923920154572');
INSERT INTO stop (busstop, service) VALUES ('36235767', '1');
INSERT INTO stop (busstop, service) VALUES ('36235767', '12');
INSERT INTO stop (busstop, service) VALUES ('36235767', '21');
INSERT INTO stop (busstop, service) VALUES ('36235767', 'X26');
INSERT INTO stop (busstop, service) VALUES ('36235767', '32');
INSERT INTO busstop (sms, name, x, y) VALUES ('36235768', 'Dunsmuir Court', '55.940162658691', '-3.2907819747925');
INSERT INTO stop (busstop, service) VALUES ('36235768', '1');
INSERT INTO busstop (sms, name, x, y) VALUES ('36235769', 'Featherhall Ave', '55.940071105957', '-3.2883780002594');
INSERT INTO stop (busstop, service) VALUES ('36235769', '1');
INSERT INTO busstop (sms, name, x, y) VALUES ('36242867', 'Rillbank Terrace', '55.939788818359', '-3.189521074295');
INSERT INTO stop (busstop, service) VALUES ('36242867', '41');
INSERT INTO busstop (sms, name, x, y) VALUES ('36234968', 'Claverhouse Driv', '55.91773223877', '-3.1533229351044');
INSERT INTO stop (busstop, service) VALUES ('36234968', '3');
INSERT INTO stop (busstop, service) VALUES ('36234968', '3A');
INSERT INTO stop (busstop, service) VALUES ('36234968', '8');
INSERT INTO stop (busstop, service) VALUES ('36234968', '29');
INSERT INTO stop (busstop, service) VALUES ('36234968', 'N3');
INSERT INTO busstop (sms, name, x, y) VALUES ('36243546', 'Fair-A-Far Shot', '55.971874237061', '-3.3061149120331');
INSERT INTO stop (busstop, service) VALUES ('36243546', '41');
INSERT INTO busstop (sms, name, x, y) VALUES ('36236369', 'Grange Loan', '55.932800292969', '-3.1837999820709');
INSERT INTO stop (busstop, service) VALUES ('36236369', '24');
INSERT INTO busstop (sms, name, x, y) VALUES ('36234369', 'Milton Link', '55.939659118652', '-3.1059930324554');
INSERT INTO stop (busstop, service) VALUES ('36234369', '2');
INSERT INTO stop (busstop, service) VALUES ('36234369', '4');
INSERT INTO stop (busstop, service) VALUES ('36234369', '49');
INSERT INTO busstop (sms, name, x, y) VALUES ('36234368', 'Corbiewynd', '55.939559936523', '-3.1082630157471');
INSERT INTO stop (busstop, service) VALUES ('36234368', '2');
INSERT INTO stop (busstop, service) VALUES ('36234368', '4');
INSERT INTO stop (busstop, service) VALUES ('36234368', '49');
INSERT INTO busstop (sms, name, x, y) VALUES ('36234367', 'Corbiewynd', '55.939350128174', '-3.1096661090851');
INSERT INTO stop (busstop, service) VALUES ('36234367', '2');
INSERT INTO stop (busstop, service) VALUES ('36234367', '4');
INSERT INTO stop (busstop, service) VALUES ('36234367', '49');
INSERT INTO busstop (sms, name, x, y) VALUES ('36234365', 'Parrotshot', '55.938983917236', '-3.1123929023743');
INSERT INTO stop (busstop, service) VALUES ('36234365', '2');
INSERT INTO stop (busstop, service) VALUES ('36234365', '4');
INSERT INTO stop (busstop, service) VALUES ('36234365', '49');
INSERT INTO busstop (sms, name, x, y) VALUES ('36234364', 'Parrotshot', '55.938789367676', '-3.1128199100494');
INSERT INTO stop (busstop, service) VALUES ('36234364', '2');
INSERT INTO stop (busstop, service) VALUES ('36234364', '4');
INSERT INTO stop (busstop, service) VALUES ('36234364', '49');
INSERT INTO busstop (sms, name, x, y) VALUES ('36234363', 'The Jewel', '55.939147949219', '-3.1149919033051');
INSERT INTO stop (busstop, service) VALUES ('36234363', '4');
INSERT INTO stop (busstop, service) VALUES ('36234363', '21');
INSERT INTO stop (busstop, service) VALUES ('36234363', '49');
INSERT INTO busstop (sms, name, x, y) VALUES ('36234362', 'The Jewel', '55.939247131348', '-3.1152191162109');
INSERT INTO stop (busstop, service) VALUES ('36234362', '4');
INSERT INTO stop (busstop, service) VALUES ('36234362', '21');
INSERT INTO stop (busstop, service) VALUES ('36234362', '49');
INSERT INTO busstop (sms, name, x, y) VALUES ('64324289', 'Dunlop Terrace', '55.830360412598', '-3.2118189334869');
INSERT INTO stop (busstop, service) VALUES ('64324289', '37');
INSERT INTO stop (busstop, service) VALUES ('64324289', '47');
INSERT INTO stop (busstop, service) VALUES ('64324289', 'N37');
INSERT INTO busstop (sms, name, x, y) VALUES ('64324287', 'Deanburn Terminu', '55.838123321533', '-3.2264320850372');
INSERT INTO stop (busstop, service) VALUES ('64324287', '37');
INSERT INTO stop (busstop, service) VALUES ('64324287', '47');
INSERT INTO stop (busstop, service) VALUES ('64324287', 'X47');
INSERT INTO stop (busstop, service) VALUES ('64324287', 'N37');
INSERT INTO busstop (sms, name, x, y) VALUES ('64324286', 'Rullion Road', '55.833778381348', '-3.2384300231934');
INSERT INTO stop (busstop, service) VALUES ('64324286', '37');
INSERT INTO stop (busstop, service) VALUES ('64324286', 'X47');
INSERT INTO stop (busstop, service) VALUES ('64324286', 'N37');
INSERT INTO busstop (sms, name, x, y) VALUES ('64324285', 'Rullion Road', '55.833602905273', '-3.2382650375366');
INSERT INTO stop (busstop, service) VALUES ('64324285', '37');
INSERT INTO stop (busstop, service) VALUES ('64324285', 'X47');
INSERT INTO stop (busstop, service) VALUES ('64324285', 'N37');
INSERT INTO busstop (sms, name, x, y) VALUES ('64324284', 'Cuiken Avenue', '55.833938598633', '-3.2223091125488');
INSERT INTO stop (busstop, service) VALUES ('64324284', '15');
INSERT INTO stop (busstop, service) VALUES ('64324284', '15A');
INSERT INTO stop (busstop, service) VALUES ('64324284', '37');
INSERT INTO stop (busstop, service) VALUES ('64324284', '47');
INSERT INTO stop (busstop, service) VALUES ('64324284', 'X47');
INSERT INTO stop (busstop, service) VALUES ('64324284', 'N37');
INSERT INTO busstop (sms, name, x, y) VALUES ('64324283', 'Cuiken Ave.', '55.833415985107', '-3.2225320339203');
INSERT INTO stop (busstop, service) VALUES ('64324283', '15');
INSERT INTO stop (busstop, service) VALUES ('64324283', '15A');
INSERT INTO stop (busstop, service) VALUES ('64324283', '37');
INSERT INTO stop (busstop, service) VALUES ('64324283', '47');
INSERT INTO stop (busstop, service) VALUES ('64324283', 'X47');
INSERT INTO busstop (sms, name, x, y) VALUES ('64324282', 'Cruachan Court', '55.835247039795', '-3.2081389427185');
INSERT INTO stop (busstop, service) VALUES ('64324282', '37');
INSERT INTO stop (busstop, service) VALUES ('64324282', '47');
INSERT INTO busstop (sms, name, x, y) VALUES ('64324281', 'Deanburn Terminu', '55.837677001953', '-3.2262580394745');
INSERT INTO stop (busstop, service) VALUES ('64324281', '37');
INSERT INTO stop (busstop, service) VALUES ('64324281', '47');
INSERT INTO stop (busstop, service) VALUES ('64324281', 'X47');
INSERT INTO busstop (sms, name, x, y) VALUES ('64324280', 'Deanburn Terminu', '55.838123321533', '-3.2264320850372');
INSERT INTO stop (busstop, service) VALUES ('64324280', '37');
INSERT INTO stop (busstop, service) VALUES ('64324280', '47');
INSERT INTO busstop (sms, name, x, y) VALUES ('36235967', 'Festival Square', '55.946487426758', '-3.2058839797974');
INSERT INTO stop (busstop, service) VALUES ('36235967', '1');
INSERT INTO stop (busstop, service) VALUES ('36235967', '10');
INSERT INTO stop (busstop, service) VALUES ('36235967', '11');
INSERT INTO stop (busstop, service) VALUES ('36235967', '15');
INSERT INTO stop (busstop, service) VALUES ('36235967', '15A');
INSERT INTO stop (busstop, service) VALUES ('36235967', '16');
INSERT INTO stop (busstop, service) VALUES ('36235967', '24');
INSERT INTO stop (busstop, service) VALUES ('36235967', '34');
INSERT INTO stop (busstop, service) VALUES ('36235967', 'N16');
INSERT INTO busstop (sms, name, x, y) VALUES ('36235964', 'St. Clair Terrac', '55.922370910645', '-3.221410036087');
INSERT INTO stop (busstop, service) VALUES ('36235964', '41');
INSERT INTO busstop (sms, name, x, y) VALUES ('36235965', 'St. Fillans Terr', '55.922565460205', '-3.2169990539551');
INSERT INTO stop (busstop, service) VALUES ('36235965', '41');
INSERT INTO busstop (sms, name, x, y) VALUES ('36235962', 'Craiglea Drive', '55.921081542969', '-3.2217209339142');
INSERT INTO stop (busstop, service) VALUES ('36235962', '23');
INSERT INTO busstop (sms, name, x, y) VALUES ('36235963', 'Craiglea Drive', '55.92068862915', '-3.2214369773865');
INSERT INTO stop (busstop, service) VALUES ('36235963', '23');
INSERT INTO busstop (sms, name, x, y) VALUES ('36235968', 'Princes Street w', '55.950862884521', '-3.2041139602661');
INSERT INTO stop (busstop, service) VALUES ('36235968', '1');
INSERT INTO stop (busstop, service) VALUES ('36235968', '4');
INSERT INTO stop (busstop, service) VALUES ('36235968', '15');
INSERT INTO stop (busstop, service) VALUES ('36235968', '15A');
INSERT INTO stop (busstop, service) VALUES ('36235968', '26');
INSERT INTO stop (busstop, service) VALUES ('36235968', 'X26');
INSERT INTO stop (busstop, service) VALUES ('36235968', '34');
INSERT INTO stop (busstop, service) VALUES ('36235968', '44');
INSERT INTO stop (busstop, service) VALUES ('36235968', 'N26');
INSERT INTO stop (busstop, service) VALUES ('36235968', 'N44');
INSERT INTO busstop (sms, name, x, y) VALUES ('36235969', 'Castle Street', '55.950996398926', '-3.203332901001');
INSERT INTO stop (busstop, service) VALUES ('36235969', '10');
INSERT INTO stop (busstop, service) VALUES ('36235969', '11');
INSERT INTO stop (busstop, service) VALUES ('36235969', '12');
INSERT INTO stop (busstop, service) VALUES ('36235969', '16');
INSERT INTO stop (busstop, service) VALUES ('36235969', '22');
INSERT INTO stop (busstop, service) VALUES ('36235969', '24');
INSERT INTO stop (busstop, service) VALUES ('36235969', '25');
INSERT INTO stop (busstop, service) VALUES ('36235969', 'X25');
INSERT INTO stop (busstop, service) VALUES ('36235969', 'N22');
INSERT INTO stop (busstop, service) VALUES ('36235969', 'N25');
INSERT INTO busstop (sms, name, x, y) VALUES ('36238495', 'Royal Mile', '55.950393676758', '-3.1856179237366');
INSERT INTO stop (busstop, service) VALUES ('36238495', '35');
INSERT INTO busstop (sms, name, x, y) VALUES ('36234965', 'Glenallan Drive', '55.921142578125', '-3.1606569290161');
INSERT INTO stop (busstop, service) VALUES ('36234965', '3');
INSERT INTO stop (busstop, service) VALUES ('36234965', '3A');
INSERT INTO stop (busstop, service) VALUES ('36234965', '8');
INSERT INTO stop (busstop, service) VALUES ('36234965', '29');
INSERT INTO stop (busstop, service) VALUES ('36234965', 'N3');
INSERT INTO busstop (sms, name, x, y) VALUES ('58232372', 'Castle Park', '55.955795288086', '-2.9799709320068');
INSERT INTO stop (busstop, service) VALUES ('58232372', '26');
INSERT INTO stop (busstop, service) VALUES ('58232372', 'N26');
INSERT INTO busstop (sms, name, x, y) VALUES ('36234967', 'Walter Scott Ave', '55.918914794922', '-3.1557910442352');
INSERT INTO stop (busstop, service) VALUES ('36234967', '3');
INSERT INTO stop (busstop, service) VALUES ('36234967', '3A');
INSERT INTO stop (busstop, service) VALUES ('36234967', '8');
INSERT INTO stop (busstop, service) VALUES ('36234967', '29');
INSERT INTO stop (busstop, service) VALUES ('36234967', 'N3');
INSERT INTO busstop (sms, name, x, y) VALUES ('36236868', 'Bankhead Avenue', '55.924701690674', '-3.2923491001129');
INSERT INTO stop (busstop, service) VALUES ('36236868', '18');
INSERT INTO stop (busstop, service) VALUES ('36236868', '20');
INSERT INTO stop (busstop, service) VALUES ('36236868', '32');
INSERT INTO stop (busstop, service) VALUES ('36236868', '35');
INSERT INTO busstop (sms, name, x, y) VALUES ('36236869', 'Sime Malloch', '55.926879882812', '-3.2936699390411');
INSERT INTO stop (busstop, service) VALUES ('36236869', '18');
INSERT INTO stop (busstop, service) VALUES ('36236869', '20');
INSERT INTO stop (busstop, service) VALUES ('36236869', '32');
INSERT INTO stop (busstop, service) VALUES ('36236869', '34');
INSERT INTO stop (busstop, service) VALUES ('36236869', '35');
INSERT INTO busstop (sms, name, x, y) VALUES ('36236867', 'Bankhead Avenue', '55.924949645996', '-3.2927091121674');
INSERT INTO stop (busstop, service) VALUES ('36236867', '18');
INSERT INTO stop (busstop, service) VALUES ('36236867', '20');
INSERT INTO stop (busstop, service) VALUES ('36236867', '32');
INSERT INTO stop (busstop, service) VALUES ('36236867', '34');
INSERT INTO stop (busstop, service) VALUES ('36236867', '35');
INSERT INTO busstop (sms, name, x, y) VALUES ('36236864', 'Bank HQ', '55.927997589111', '-3.2924909591675');
INSERT INTO stop (busstop, service) VALUES ('36236864', '18');
INSERT INTO stop (busstop, service) VALUES ('36236864', '32');
INSERT INTO stop (busstop, service) VALUES ('36236864', '35');
INSERT INTO busstop (sms, name, x, y) VALUES ('36236865', 'Stevenson Colleg', '55.927696228027', '-3.2921290397644');
INSERT INTO stop (busstop, service) VALUES ('36236865', '18');
INSERT INTO stop (busstop, service) VALUES ('36236865', '32');
INSERT INTO stop (busstop, service) VALUES ('36236865', '35');
INSERT INTO busstop (sms, name, x, y) VALUES ('36236862', 'South Gyle Broad', '55.934154510498', '-3.3041570186615');
INSERT INTO stop (busstop, service) VALUES ('36236862', '12');
INSERT INTO stop (busstop, service) VALUES ('36236862', '21');
INSERT INTO stop (busstop, service) VALUES ('36236862', 'N22');
INSERT INTO busstop (sms, name, x, y) VALUES ('36236863', 'St Aug Fields', '55.931148529053', '-3.2927079200745');
INSERT INTO stop (busstop, service) VALUES ('36236863', '2');
INSERT INTO stop (busstop, service) VALUES ('36236863', '12');
INSERT INTO stop (busstop, service) VALUES ('36236863', '18');
INSERT INTO stop (busstop, service) VALUES ('36236863', '21');
INSERT INTO stop (busstop, service) VALUES ('36236863', '22');
INSERT INTO stop (busstop, service) VALUES ('36236863', '35');
INSERT INTO stop (busstop, service) VALUES ('36236863', 'N22');
INSERT INTO busstop (sms, name, x, y) VALUES ('36234989', 'Candlemakers Par', '55.904235839844', '-3.1274099349976');
INSERT INTO stop (busstop, service) VALUES ('36234989', '3');
INSERT INTO stop (busstop, service) VALUES ('36234989', '3A');
INSERT INTO stop (busstop, service) VALUES ('36234989', '29');
INSERT INTO stop (busstop, service) VALUES ('36234989', 'X29');
INSERT INTO stop (busstop, service) VALUES ('36234989', 'N3');
INSERT INTO busstop (sms, name, x, y) VALUES ('36234983', 'Moredun Institut', '55.911689758301', '-3.1422810554504');
INSERT INTO stop (busstop, service) VALUES ('36234983', '3');
INSERT INTO stop (busstop, service) VALUES ('36234983', '3A');
INSERT INTO stop (busstop, service) VALUES ('36234983', '18');
INSERT INTO stop (busstop, service) VALUES ('36234983', '29');
INSERT INTO stop (busstop, service) VALUES ('36234983', 'N3');
INSERT INTO busstop (sms, name, x, y) VALUES ('36234982', 'Moredun Park Roa', '55.913272857666', '-3.1402640342712');
INSERT INTO stop (busstop, service) VALUES ('36234982', '8');
INSERT INTO stop (busstop, service) VALUES ('36234982', '18');
INSERT INTO busstop (sms, name, x, y) VALUES ('36234987', 'Gilmerton', '55.906394958496', '-3.1337909698486');
INSERT INTO stop (busstop, service) VALUES ('36234987', '3');
INSERT INTO stop (busstop, service) VALUES ('36234987', '3A');
INSERT INTO stop (busstop, service) VALUES ('36234987', '18');
INSERT INTO stop (busstop, service) VALUES ('36234987', '29');
INSERT INTO stop (busstop, service) VALUES ('36234987', 'X29');
INSERT INTO stop (busstop, service) VALUES ('36234987', 'N3');
INSERT INTO busstop (sms, name, x, y) VALUES ('36234986', 'Gilmerton Road', '55.908767700195', '-3.1368680000305');
INSERT INTO stop (busstop, service) VALUES ('36234986', '3');
INSERT INTO stop (busstop, service) VALUES ('36234986', '3A');
INSERT INTO stop (busstop, service) VALUES ('36234986', '18');
INSERT INTO stop (busstop, service) VALUES ('36234986', '29');
INSERT INTO stop (busstop, service) VALUES ('36234986', 'N3');
INSERT INTO busstop (sms, name, x, y) VALUES ('36234985', 'Erskine Home', '55.910301208496', '-3.1400799751282');
INSERT INTO stop (busstop, service) VALUES ('36234985', '3');
INSERT INTO stop (busstop, service) VALUES ('36234985', '3A');
INSERT INTO stop (busstop, service) VALUES ('36234985', '18');
INSERT INTO stop (busstop, service) VALUES ('36234985', '29');
INSERT INTO stop (busstop, service) VALUES ('36234985', 'N3');
INSERT INTO busstop (sms, name, x, y) VALUES ('36232592', 'Saughton Prison', '55.929630279541', '-3.2607090473175');
INSERT INTO stop (busstop, service) VALUES ('36232592', '3');
INSERT INTO stop (busstop, service) VALUES ('36232592', '3A');
INSERT INTO stop (busstop, service) VALUES ('36232592', '25');
INSERT INTO stop (busstop, service) VALUES ('36232592', '30');
INSERT INTO stop (busstop, service) VALUES ('36232592', '33');
INSERT INTO stop (busstop, service) VALUES ('36232592', '35');
INSERT INTO stop (busstop, service) VALUES ('36232592', 'N25');
INSERT INTO stop (busstop, service) VALUES ('36232592', 'N30');
INSERT INTO busstop (sms, name, x, y) VALUES ('36232593', 'Stenhouse', '55.929912567139', '-3.2574849128723');
INSERT INTO stop (busstop, service) VALUES ('36232593', '3');
INSERT INTO stop (busstop, service) VALUES ('36232593', '3A');
INSERT INTO stop (busstop, service) VALUES ('36232593', '25');
INSERT INTO stop (busstop, service) VALUES ('36232593', '30');
INSERT INTO stop (busstop, service) VALUES ('36232593', '33');
INSERT INTO stop (busstop, service) VALUES ('36232593', '35');
INSERT INTO stop (busstop, service) VALUES ('36232593', 'N25');
INSERT INTO stop (busstop, service) VALUES ('36232593', 'N30');
INSERT INTO busstop (sms, name, x, y) VALUES ('36232596', 'Chesser House', '55.931934356689', '-3.2504909038544');
INSERT INTO stop (busstop, service) VALUES ('36232596', '3');
INSERT INTO stop (busstop, service) VALUES ('36232596', '3A');
INSERT INTO stop (busstop, service) VALUES ('36232596', '25');
INSERT INTO stop (busstop, service) VALUES ('36232596', '30');
INSERT INTO stop (busstop, service) VALUES ('36232596', '33');
INSERT INTO stop (busstop, service) VALUES ('36232596', 'N25');
INSERT INTO stop (busstop, service) VALUES ('36232596', 'N30');
INSERT INTO busstop (sms, name, x, y) VALUES ('36232597', 'Chesser Cottages', '55.932857513428', '-3.2474150657654');
INSERT INTO stop (busstop, service) VALUES ('36232597', '3');
INSERT INTO stop (busstop, service) VALUES ('36232597', '3A');
INSERT INTO stop (busstop, service) VALUES ('36232597', '25');
INSERT INTO stop (busstop, service) VALUES ('36232597', '30');
INSERT INTO stop (busstop, service) VALUES ('36232597', '33');
INSERT INTO stop (busstop, service) VALUES ('36232597', 'N25');
INSERT INTO stop (busstop, service) VALUES ('36232597', 'N30');
INSERT INTO busstop (sms, name, x, y) VALUES ('36232594', 'Stenhouse Mill', '55.929752349854', '-3.2575120925903');
INSERT INTO stop (busstop, service) VALUES ('36232594', '3');
INSERT INTO stop (busstop, service) VALUES ('36232594', '3A');
INSERT INTO stop (busstop, service) VALUES ('36232594', '25');
INSERT INTO stop (busstop, service) VALUES ('36232594', '30');
INSERT INTO stop (busstop, service) VALUES ('36232594', '33');
INSERT INTO stop (busstop, service) VALUES ('36232594', '35');
INSERT INTO stop (busstop, service) VALUES ('36232594', 'N25');
INSERT INTO stop (busstop, service) VALUES ('36232594', 'N30');
INSERT INTO busstop (sms, name, x, y) VALUES ('36232595', 'Saughton Prison', '55.929744720459', '-3.2610330581665');
INSERT INTO stop (busstop, service) VALUES ('36232595', '3');
INSERT INTO stop (busstop, service) VALUES ('36232595', '3A');
INSERT INTO stop (busstop, service) VALUES ('36232595', '25');
INSERT INTO stop (busstop, service) VALUES ('36232595', '30');
INSERT INTO stop (busstop, service) VALUES ('36232595', '33');
INSERT INTO stop (busstop, service) VALUES ('36232595', '35');
INSERT INTO stop (busstop, service) VALUES ('36232595', 'N25');
INSERT INTO stop (busstop, service) VALUES ('36232595', 'N30');
INSERT INTO busstop (sms, name, x, y) VALUES ('36235926', 'Saughton Mains P', '55.93106842041', '-3.2735769748688');
INSERT INTO stop (busstop, service) VALUES ('36235926', '1');
INSERT INTO busstop (sms, name, x, y) VALUES ('36232598', 'Saughton Rose Ga', '55.934875488281', '-3.246680021286');
INSERT INTO stop (busstop, service) VALUES ('36232598', '30');
INSERT INTO stop (busstop, service) VALUES ('36232598', '38');
INSERT INTO stop (busstop, service) VALUES ('36232598', 'N30');
INSERT INTO busstop (sms, name, x, y) VALUES ('36237323', 'Newhaven Road', '55.973770141602', '-3.189954996109');
INSERT INTO stop (busstop, service) VALUES ('36237323', '14');
INSERT INTO stop (busstop, service) VALUES ('36237323', '21');
INSERT INTO busstop (sms, name, x, y) VALUES ('36232752', 'Muirhouse Green', '55.966472625732', '-3.2551460266113');
INSERT INTO stop (busstop, service) VALUES ('36232752', '21');
INSERT INTO stop (busstop, service) VALUES ('36232752', '29');
INSERT INTO stop (busstop, service) VALUES ('36232752', 'X29');
INSERT INTO stop (busstop, service) VALUES ('36232752', '42');
INSERT INTO stop (busstop, service) VALUES ('36232752', 'N37');
INSERT INTO busstop (sms, name, x, y) VALUES ('36232753', 'Silverknowes Vie', '55.966026306152', '-3.2603220939636');
INSERT INTO stop (busstop, service) VALUES ('36232753', '21');
INSERT INTO stop (busstop, service) VALUES ('36232753', '29');
INSERT INTO stop (busstop, service) VALUES ('36232753', 'X29');
INSERT INTO stop (busstop, service) VALUES ('36232753', '42');
INSERT INTO stop (busstop, service) VALUES ('36232753', 'N37');
INSERT INTO busstop (sms, name, x, y) VALUES ('36232754', 'Silverknowes Neu', '55.965858459473', '-3.2608931064606');
INSERT INTO stop (busstop, service) VALUES ('36232754', '21');
INSERT INTO stop (busstop, service) VALUES ('36232754', '29');
INSERT INTO stop (busstop, service) VALUES ('36232754', 'X29');
INSERT INTO stop (busstop, service) VALUES ('36232754', '42');
INSERT INTO busstop (sms, name, x, y) VALUES ('36237327', 'South Fort Stree', '55.974769592285', '-3.1831109523773');
INSERT INTO stop (busstop, service) VALUES ('36237327', '7');
INSERT INTO stop (busstop, service) VALUES ('36237327', '14');
INSERT INTO stop (busstop, service) VALUES ('36237327', '21');
INSERT INTO busstop (sms, name, x, y) VALUES ('36237324', 'Newhaven Road', '55.974102020264', '-3.1882340908051');
INSERT INTO stop (busstop, service) VALUES ('36237324', '7');
INSERT INTO stop (busstop, service) VALUES ('36237324', '14');
INSERT INTO stop (busstop, service) VALUES ('36237324', '21');
INSERT INTO busstop (sms, name, x, y) VALUES ('36237325', 'Trafalgar Street', '55.974376678467', '-3.1855669021606');
INSERT INTO stop (busstop, service) VALUES ('36237325', '7');
INSERT INTO stop (busstop, service) VALUES ('36237325', '14');
INSERT INTO stop (busstop, service) VALUES ('36237325', '21');
INSERT INTO busstop (sms, name, x, y) VALUES ('36232758', 'Silverknowes Cou', '55.966583251953', '-3.2664918899536');
INSERT INTO stop (busstop, service) VALUES ('36232758', '29');
INSERT INTO stop (busstop, service) VALUES ('36232758', 'X29');
INSERT INTO stop (busstop, service) VALUES ('36232758', 'N37');
INSERT INTO busstop (sms, name, x, y) VALUES ('36232759', 'Silverknowes Mid', '55.966945648193', '-3.2679619789124');
INSERT INTO stop (busstop, service) VALUES ('36232759', '29');
INSERT INTO stop (busstop, service) VALUES ('36232759', 'X29');
INSERT INTO busstop (sms, name, x, y) VALUES ('36237328', 'Leith Theatre', '55.975002288818', '-3.1821570396423');
INSERT INTO stop (busstop, service) VALUES ('36237328', '7');
INSERT INTO stop (busstop, service) VALUES ('36237328', '14');
INSERT INTO stop (busstop, service) VALUES ('36237328', '21');
INSERT INTO busstop (sms, name, x, y) VALUES ('36235437', 'Ferniehill Avenu', '55.906715393066', '-3.1322491168976');
INSERT INTO stop (busstop, service) VALUES ('36235437', '7');
INSERT INTO stop (busstop, service) VALUES ('36235437', '33');
INSERT INTO busstop (sms, name, x, y) VALUES ('58232474', 'Faside Inn', '55.936752319336', '-3.0159890651703');
INSERT INTO stop (busstop, service) VALUES ('58232474', '44');
INSERT INTO stop (busstop, service) VALUES ('58232474', '44A');
INSERT INTO busstop (sms, name, x, y) VALUES ('36234295', 'Seaview Terrace', '55.947856903076', '-3.0827670097351');
INSERT INTO stop (busstop, service) VALUES ('36234295', '26');
INSERT INTO stop (busstop, service) VALUES ('36234295', 'X26');
INSERT INTO stop (busstop, service) VALUES ('36234295', '44');
INSERT INTO stop (busstop, service) VALUES ('36234295', 'N26');
INSERT INTO busstop (sms, name, x, y) VALUES ('36235439', 'Fernieside Drive', '55.91552734375', '-3.1297221183777');
INSERT INTO stop (busstop, service) VALUES ('36235439', '33');
INSERT INTO stop (busstop, service) VALUES ('36235439', '48');
INSERT INTO stop (busstop, service) VALUES ('36235439', '49');
INSERT INTO busstop (sms, name, x, y) VALUES ('36235694', 'Dean Park Street', '55.959487915039', '-3.2162189483643');
INSERT INTO stop (busstop, service) VALUES ('36235694', '24');
INSERT INTO stop (busstop, service) VALUES ('36235694', '29');
INSERT INTO stop (busstop, service) VALUES ('36235694', 'X29');
INSERT INTO stop (busstop, service) VALUES ('36235694', '42');
INSERT INTO busstop (sms, name, x, y) VALUES ('36237259', 'Zetland Place', '55.976299285889', '-3.2097918987274');
INSERT INTO stop (busstop, service) VALUES ('36237259', '23');
INSERT INTO busstop (sms, name, x, y) VALUES ('36235928', 'Saughton Mains L', '55.927364349365', '-3.271183013916');
INSERT INTO stop (busstop, service) VALUES ('36235928', '1');
INSERT INTO busstop (sms, name, x, y) VALUES ('36235695', 'Dean Park Street', '55.959339141846', '-3.2157499790192');
INSERT INTO stop (busstop, service) VALUES ('36235695', '24');
INSERT INTO stop (busstop, service) VALUES ('36235695', '29');
INSERT INTO stop (busstop, service) VALUES ('36235695', 'X29');
INSERT INTO stop (busstop, service) VALUES ('36235695', '42');
INSERT INTO busstop (sms, name, x, y) VALUES ('36237537', 'Weaversknowe Cre', '55.898750305176', '-3.3135569095612');
INSERT INTO stop (busstop, service) VALUES ('36237537', '45');
INSERT INTO busstop (sms, name, x, y) VALUES ('64323827', 'Nivens Knowe Ro', '55.874591827393', '-3.1734941005707');
INSERT INTO stop (busstop, service) VALUES ('64323827', '37');
INSERT INTO stop (busstop, service) VALUES ('64323827', 'N37');
INSERT INTO busstop (sms, name, x, y) VALUES ('64323543', 'Primrose Terrace', '55.890033721924', '-3.0547420978546');
INSERT INTO stop (busstop, service) VALUES ('64323543', '3');
INSERT INTO stop (busstop, service) VALUES ('64323543', '3A');
INSERT INTO stop (busstop, service) VALUES ('64323543', 'N3');
INSERT INTO busstop (sms, name, x, y) VALUES ('64323542', 'Primrose Terrace', '55.890041351318', '-3.0539419651031');
INSERT INTO stop (busstop, service) VALUES ('64323542', '3');
INSERT INTO stop (busstop, service) VALUES ('64323542', '3A');
INSERT INTO stop (busstop, service) VALUES ('64323542', 'N3');
INSERT INTO busstop (sms, name, x, y) VALUES ('64323824', 'Nivens Knowe Pa', '55.87622833252', '-3.1732230186462');
INSERT INTO stop (busstop, service) VALUES ('64323824', '47');
INSERT INTO stop (busstop, service) VALUES ('64323824', 'X47');
INSERT INTO stop (busstop, service) VALUES ('64323824', '67');
INSERT INTO busstop (sms, name, x, y) VALUES ('64323825', 'Nivens Knowe ca', '55.875270843506', '-3.1738660335541');
INSERT INTO stop (busstop, service) VALUES ('64323825', '47');
INSERT INTO stop (busstop, service) VALUES ('64323825', 'X47');
INSERT INTO stop (busstop, service) VALUES ('64323825', '67');
INSERT INTO busstop (sms, name, x, y) VALUES ('36246974', 'Heriot Watt Rese', '55.914958953857', '-3.3229050636292');
INSERT INTO stop (busstop, service) VALUES ('36246974', '34');
INSERT INTO busstop (sms, name, x, y) VALUES ('64323823', 'New Pentland', '55.87858581543', '-3.1712799072266');
INSERT INTO stop (busstop, service) VALUES ('64323823', '47');
INSERT INTO stop (busstop, service) VALUES ('64323823', 'X47');
INSERT INTO stop (busstop, service) VALUES ('64323823', '67');
INSERT INTO busstop (sms, name, x, y) VALUES ('36246528', 'Waterfront Light', '55.98197555542', '-3.2299389839172');
INSERT INTO stop (busstop, service) VALUES ('36246528', '38');
INSERT INTO stop (busstop, service) VALUES ('36246528', '47');
INSERT INTO stop (busstop, service) VALUES ('36246528', 'X47');
INSERT INTO busstop (sms, name, x, y) VALUES ('36237436', 'Parkhead Drive', '55.923309326172', '-3.2713379859924');
INSERT INTO stop (busstop, service) VALUES ('36237436', '30');
INSERT INTO stop (busstop, service) VALUES ('36237436', '33');
INSERT INTO stop (busstop, service) VALUES ('36237436', 'N30');
INSERT INTO busstop (sms, name, x, y) VALUES ('36237437', 'Parkhead Drive', '55.924743652344', '-3.2676560878754');
INSERT INTO stop (busstop, service) VALUES ('36237437', '3');
INSERT INTO stop (busstop, service) VALUES ('36237437', '3A');
INSERT INTO stop (busstop, service) VALUES ('36237437', '30');
INSERT INTO stop (busstop, service) VALUES ('36237437', '33');
INSERT INTO stop (busstop, service) VALUES ('36237437', 'N30');
INSERT INTO busstop (sms, name, x, y) VALUES ('64323947', 'Kings Gate', '55.874984741211', '-3.0805459022522');
INSERT INTO stop (busstop, service) VALUES ('64323947', '29');
INSERT INTO stop (busstop, service) VALUES ('64323947', 'X29');
INSERT INTO busstop (sms, name, x, y) VALUES ('36237435', 'Dumbryden Garden', '55.921562194824', '-3.2763860225677');
INSERT INTO stop (busstop, service) VALUES ('36237435', '33');
INSERT INTO busstop (sms, name, x, y) VALUES ('36237432', 'Baberton Mains P', '55.90930557251', '-3.2891490459442');
INSERT INTO stop (busstop, service) VALUES ('36237432', '33');
INSERT INTO busstop (sms, name, x, y) VALUES ('64323943', 'Milton Cottages', '55.851753234863', '-3.1928369998932');
INSERT INTO stop (busstop, service) VALUES ('64323943', '15A');
INSERT INTO stop (busstop, service) VALUES ('64323943', '37');
INSERT INTO stop (busstop, service) VALUES ('64323943', '47');
INSERT INTO stop (busstop, service) VALUES ('64323943', 'X47');
INSERT INTO stop (busstop, service) VALUES ('64323943', 'N37');
INSERT INTO busstop (sms, name, x, y) VALUES ('64323942', 'Milton Cottages', '55.852844238281', '-3.1905379295349');
INSERT INTO stop (busstop, service) VALUES ('64323942', '15A');
INSERT INTO stop (busstop, service) VALUES ('64323942', '37');
INSERT INTO stop (busstop, service) VALUES ('64323942', '47');
INSERT INTO stop (busstop, service) VALUES ('64323942', 'X47');
INSERT INTO stop (busstop, service) VALUES ('64323942', 'N37');
INSERT INTO busstop (sms, name, x, y) VALUES ('64323948', 'Kings Gate', '55.874713897705', '-3.0806980133057');
INSERT INTO stop (busstop, service) VALUES ('64323948', '29');
INSERT INTO stop (busstop, service) VALUES ('64323948', 'X29');
INSERT INTO busstop (sms, name, x, y) VALUES ('36237438', 'Parkhead Drive', '55.924388885498', '-3.2678370475769');
INSERT INTO stop (busstop, service) VALUES ('36237438', '3');
INSERT INTO stop (busstop, service) VALUES ('36237438', '3A');
INSERT INTO stop (busstop, service) VALUES ('36237438', '30');
INSERT INTO stop (busstop, service) VALUES ('36237438', '33');
INSERT INTO stop (busstop, service) VALUES ('36237438', 'N30');
INSERT INTO busstop (sms, name, x, y) VALUES ('36237439', 'Dumbryden Garden', '55.922290802002', '-3.2735769748688');
INSERT INTO stop (busstop, service) VALUES ('36237439', '33');
INSERT INTO busstop (sms, name, x, y) VALUES ('36242634', 'Gullans Close', '55.949314117432', '-3.1822218894958');
INSERT INTO stop (busstop, service) VALUES ('36242634', '36');
INSERT INTO busstop (sms, name, x, y) VALUES ('36239435', 'Calder Gardens', '55.91784286499', '-3.2950329780579');
INSERT INTO stop (busstop, service) VALUES ('36239435', '20');
INSERT INTO busstop (sms, name, x, y) VALUES ('36242324', 'Chambers Street', '55.947463989258', '-3.1912939548492');
INSERT INTO stop (busstop, service) VALUES ('36242324', '23');
INSERT INTO stop (busstop, service) VALUES ('36242324', '27');
INSERT INTO stop (busstop, service) VALUES ('36242324', '41');
INSERT INTO stop (busstop, service) VALUES ('36242324', '42');
INSERT INTO stop (busstop, service) VALUES ('36242324', '45');
INSERT INTO stop (busstop, service) VALUES ('36242324', '67');
INSERT INTO busstop (sms, name, x, y) VALUES ('36239437', 'Calder Gardens', '55.919326782227', '-3.2990829944611');
INSERT INTO stop (busstop, service) VALUES ('36239437', '20');
INSERT INTO busstop (sms, name, x, y) VALUES ('64323729', 'Gowkshill Farm', '55.85570526123', '-3.0550889968872');
INSERT INTO stop (busstop, service) VALUES ('64323729', '3');
INSERT INTO stop (busstop, service) VALUES ('64323729', '3A');
INSERT INTO stop (busstop, service) VALUES ('64323729', '29');
INSERT INTO stop (busstop, service) VALUES ('64323729', 'X29');
INSERT INTO stop (busstop, service) VALUES ('64323729', 'N3');
INSERT INTO busstop (sms, name, x, y) VALUES ('64323728', 'Gowkley Moss', '55.858852386475', '-3.1863439083099');
INSERT INTO stop (busstop, service) VALUES ('64323728', '37');
INSERT INTO stop (busstop, service) VALUES ('64323728', '47');
INSERT INTO stop (busstop, service) VALUES ('64323728', 'X47');
INSERT INTO stop (busstop, service) VALUES ('64323728', 'N37');
INSERT INTO busstop (sms, name, x, y) VALUES ('36239432', 'Royal Museum', '55.947200775146', '-3.1906449794769');
INSERT INTO stop (busstop, service) VALUES ('36239432', '35');
INSERT INTO busstop (sms, name, x, y) VALUES ('36235364', 'Longstone Inn', '55.9255027771', '-3.2590069770813');
INSERT INTO stop (busstop, service) VALUES ('36235364', '20');
INSERT INTO stop (busstop, service) VALUES ('36235364', '34');
INSERT INTO stop (busstop, service) VALUES ('36235364', '44');
INSERT INTO stop (busstop, service) VALUES ('36235364', '44A');
INSERT INTO busstop (sms, name, x, y) VALUES ('36235365', 'at 6 Longstone C', '55.925182342529', '-3.2634289264679');
INSERT INTO stop (busstop, service) VALUES ('36235365', '20');
INSERT INTO stop (busstop, service) VALUES ('36235365', '34');
INSERT INTO stop (busstop, service) VALUES ('36235365', '44');
INSERT INTO stop (busstop, service) VALUES ('36235365', '44A');
INSERT INTO busstop (sms, name, x, y) VALUES ('64323727', 'Gowkley Moss', '55.85865020752', '-3.1865611076355');
INSERT INTO stop (busstop, service) VALUES ('64323727', '37');
INSERT INTO stop (busstop, service) VALUES ('64323727', '47');
INSERT INTO stop (busstop, service) VALUES ('64323727', 'X47');
INSERT INTO stop (busstop, service) VALUES ('64323727', 'N37');
INSERT INTO busstop (sms, name, x, y) VALUES ('36235367', 'opp Longstone Cr', '55.925090789795', '-3.2634260654449');
INSERT INTO stop (busstop, service) VALUES ('36235367', '20');
INSERT INTO stop (busstop, service) VALUES ('36235367', '34');
INSERT INTO stop (busstop, service) VALUES ('36235367', '44');
INSERT INTO busstop (sms, name, x, y) VALUES ('36235362', 'Hall Drive', '55.923992156982', '-3.2522521018982');
INSERT INTO stop (busstop, service) VALUES ('36235362', '20');
INSERT INTO stop (busstop, service) VALUES ('36235362', '34');
INSERT INTO stop (busstop, service) VALUES ('36235362', '44');
INSERT INTO stop (busstop, service) VALUES ('36235362', '44A');
INSERT INTO busstop (sms, name, x, y) VALUES ('36235363', 'Longstone Inn', '55.925296783447', '-3.2583429813385');
INSERT INTO stop (busstop, service) VALUES ('36235363', '20');
INSERT INTO stop (busstop, service) VALUES ('36235363', '34');
INSERT INTO busstop (sms, name, x, y) VALUES ('64323828', 'Park Avenue', '55.875865936279', '-3.161288022995');
INSERT INTO stop (busstop, service) VALUES ('64323828', '37');
INSERT INTO stop (busstop, service) VALUES ('64323828', 'N37');
INSERT INTO busstop (sms, name, x, y) VALUES ('36232379', 'St Andrews Churc', '55.953994750977', '-3.1954820156097');
INSERT INTO stop (busstop, service) VALUES ('36232379', '45');
INSERT INTO busstop (sms, name, x, y) VALUES ('36232373', 'Charlotte Square', '55.95178604126', '-3.2088830471039');
INSERT INTO stop (busstop, service) VALUES ('36232373', '19');
INSERT INTO stop (busstop, service) VALUES ('36232373', '22');
INSERT INTO stop (busstop, service) VALUES ('36232373', '36');
INSERT INTO stop (busstop, service) VALUES ('36232373', '37');
INSERT INTO stop (busstop, service) VALUES ('36232373', '41');
INSERT INTO stop (busstop, service) VALUES ('36232373', '47');
INSERT INTO stop (busstop, service) VALUES ('36232373', 'X47');
INSERT INTO stop (busstop, service) VALUES ('36232373', 'N37');
INSERT INTO busstop (sms, name, x, y) VALUES ('36232374', 'George Street we', '55.952407836914', '-3.2049310207367');
INSERT INTO stop (busstop, service) VALUES ('36232374', '19');
INSERT INTO stop (busstop, service) VALUES ('36232374', '36');
INSERT INTO stop (busstop, service) VALUES ('36232374', '37');
INSERT INTO stop (busstop, service) VALUES ('36232374', '41');
INSERT INTO stop (busstop, service) VALUES ('36232374', '47');
INSERT INTO stop (busstop, service) VALUES ('36232374', 'X47');
INSERT INTO stop (busstop, service) VALUES ('36232374', 'N37');
INSERT INTO busstop (sms, name, x, y) VALUES ('36232375', 'George Street we', '55.952175140381', '-3.2048270702362');
INSERT INTO stop (busstop, service) VALUES ('36232375', '19');
INSERT INTO stop (busstop, service) VALUES ('36232375', '36');
INSERT INTO stop (busstop, service) VALUES ('36232375', '37');
INSERT INTO stop (busstop, service) VALUES ('36232375', '41');
INSERT INTO stop (busstop, service) VALUES ('36232375', '47');
INSERT INTO stop (busstop, service) VALUES ('36232375', 'X47');
INSERT INTO stop (busstop, service) VALUES ('36232375', 'N37');
INSERT INTO busstop (sms, name, x, y) VALUES ('36232578', 'Leopold Place', '55.9580078125', '-3.1827280521393');
INSERT INTO stop (busstop, service) VALUES ('36232578', '1');
INSERT INTO stop (busstop, service) VALUES ('36232578', '19');
INSERT INTO stop (busstop, service) VALUES ('36232578', '34');
INSERT INTO busstop (sms, name, x, y) VALUES ('36232579', 'Hillside Crescen', '55.957927703857', '-3.1789610385895');
INSERT INTO stop (busstop, service) VALUES ('36232579', '1');
INSERT INTO stop (busstop, service) VALUES ('36232579', '4');
INSERT INTO stop (busstop, service) VALUES ('36232579', '5');
INSERT INTO stop (busstop, service) VALUES ('36232579', '15');
INSERT INTO stop (busstop, service) VALUES ('36232579', '15A');
INSERT INTO stop (busstop, service) VALUES ('36232579', '19');
INSERT INTO stop (busstop, service) VALUES ('36232579', '26');
INSERT INTO stop (busstop, service) VALUES ('36232579', '34');
INSERT INTO stop (busstop, service) VALUES ('36232579', '44');
INSERT INTO stop (busstop, service) VALUES ('36232579', '45');
INSERT INTO stop (busstop, service) VALUES ('36232579', 'N26');
INSERT INTO stop (busstop, service) VALUES ('36232579', 'N44');
INSERT INTO busstop (sms, name, x, y) VALUES ('36239723', 'Corstorphine Hig', '55.940456390381', '-3.2844519615173');
INSERT INTO stop (busstop, service) VALUES ('36239723', '1');
INSERT INTO busstop (sms, name, x, y) VALUES ('36242524', 'St Anthony St', '55.972019195557', '-3.1730439662933');
INSERT INTO stop (busstop, service) VALUES ('36242524', '22');
INSERT INTO stop (busstop, service) VALUES ('36242524', '36');
INSERT INTO stop (busstop, service) VALUES ('36242524', 'N22');
INSERT INTO busstop (sms, name, x, y) VALUES ('36239726', 'Cramond Glebe Ro', '55.975311279297', '-3.299036026001');
INSERT INTO stop (busstop, service) VALUES ('36239726', '41');
INSERT INTO busstop (sms, name, x, y) VALUES ('36242528', 'Parliament St', '55.97456741333', '-3.1721920967102');
INSERT INTO stop (busstop, service) VALUES ('36242528', '22');
INSERT INTO stop (busstop, service) VALUES ('36242528', '36');
INSERT INTO stop (busstop, service) VALUES ('36242528', 'N22');
INSERT INTO busstop (sms, name, x, y) VALUES ('36239729', 'Cramond Place', '55.974517822266', '-3.2975668907166');
INSERT INTO stop (busstop, service) VALUES ('36239729', '41');
INSERT INTO busstop (sms, name, x, y) VALUES ('36232573', 'Morningside Stat', '55.926021575928', '-3.209233045578');
INSERT INTO stop (busstop, service) VALUES ('36232573', '5');
INSERT INTO stop (busstop, service) VALUES ('36232573', '11');
INSERT INTO stop (busstop, service) VALUES ('36232573', '15');
INSERT INTO stop (busstop, service) VALUES ('36232573', '15A');
INSERT INTO stop (busstop, service) VALUES ('36232573', '16');
INSERT INTO stop (busstop, service) VALUES ('36232573', '23');
INSERT INTO stop (busstop, service) VALUES ('36232573', 'N16');
INSERT INTO busstop (sms, name, x, y) VALUES ('36232574', 'Elm Row', '55.958850860596', '-3.1837630271912');
INSERT INTO stop (busstop, service) VALUES ('36232574', '10');
INSERT INTO stop (busstop, service) VALUES ('36232574', '11');
INSERT INTO stop (busstop, service) VALUES ('36232574', '12');
INSERT INTO stop (busstop, service) VALUES ('36232574', '16');
INSERT INTO stop (busstop, service) VALUES ('36232574', '22');
INSERT INTO stop (busstop, service) VALUES ('36232574', '25');
INSERT INTO stop (busstop, service) VALUES ('36232574', '29');
INSERT INTO stop (busstop, service) VALUES ('36232574', '31');
INSERT INTO stop (busstop, service) VALUES ('36232574', 'N22');
INSERT INTO stop (busstop, service) VALUES ('36232574', 'N25');
INSERT INTO busstop (sms, name, x, y) VALUES ('36232575', 'Elm Row', '55.958587646484', '-3.1839470863342');
INSERT INTO stop (busstop, service) VALUES ('36232575', '7');
INSERT INTO stop (busstop, service) VALUES ('36232575', '14');
INSERT INTO stop (busstop, service) VALUES ('36232575', '29');
INSERT INTO stop (busstop, service) VALUES ('36232575', '31');
INSERT INTO stop (busstop, service) VALUES ('36232575', '37');
INSERT INTO stop (busstop, service) VALUES ('36232575', '47');
INSERT INTO stop (busstop, service) VALUES ('36232575', '49');
INSERT INTO busstop (sms, name, x, y) VALUES ('36232576', 'Leopold Place', '55.958003997803', '-3.1831440925598');
INSERT INTO stop (busstop, service) VALUES ('36232576', '4');
INSERT INTO stop (busstop, service) VALUES ('36232576', '5');
INSERT INTO stop (busstop, service) VALUES ('36232576', '15');
INSERT INTO stop (busstop, service) VALUES ('36232576', '15A');
INSERT INTO stop (busstop, service) VALUES ('36232576', '26');
INSERT INTO stop (busstop, service) VALUES ('36232576', '44');
INSERT INTO stop (busstop, service) VALUES ('36232576', '45');
INSERT INTO stop (busstop, service) VALUES ('36232576', 'N26');
INSERT INTO stop (busstop, service) VALUES ('36232576', 'N44');
INSERT INTO busstop (sms, name, x, y) VALUES ('64323836', 'Straiton Retail', '55.885848999023', '-3.160306930542');
INSERT INTO stop (busstop, service) VALUES ('64323836', '37');
INSERT INTO stop (busstop, service) VALUES ('64323836', 'N37');
INSERT INTO busstop (sms, name, x, y) VALUES ('36234569', 'Portobello High', '55.948383331299', '-3.1223831176758');
INSERT INTO stop (busstop, service) VALUES ('36234569', '42');
INSERT INTO busstop (sms, name, x, y) VALUES ('36234568', 'Portobello High', '55.947933197021', '-3.1252679824829');
INSERT INTO stop (busstop, service) VALUES ('36234568', '42');
INSERT INTO busstop (sms, name, x, y) VALUES ('36234563', 'Meadowfield Gard', '55.9436378479', '-3.1417479515076');
INSERT INTO stop (busstop, service) VALUES ('36234563', '42');
INSERT INTO busstop (sms, name, x, y) VALUES ('36242743', 'London Road', '55.957359313965', '-3.1631031036377');
INSERT INTO stop (busstop, service) VALUES ('36242743', '19');
INSERT INTO stop (busstop, service) VALUES ('36242743', '34');
INSERT INTO stop (busstop, service) VALUES ('36242743', '42');
INSERT INTO busstop (sms, name, x, y) VALUES ('36234565', 'Duddingston Gard', '55.94592666626', '-3.1343529224396');
INSERT INTO stop (busstop, service) VALUES ('36234565', '42');
INSERT INTO busstop (sms, name, x, y) VALUES ('36239545', 'Craiglockhart Ca', '55.919193267822', '-3.2409119606018');
INSERT INTO stop (busstop, service) VALUES ('36239545', '4');
INSERT INTO stop (busstop, service) VALUES ('36239545', '10');
INSERT INTO stop (busstop, service) VALUES ('36239545', '27');
INSERT INTO stop (busstop, service) VALUES ('36239545', '45');
INSERT INTO busstop (sms, name, x, y) VALUES ('36234567', 'Duddingston Road', '55.947143554688', '-3.1301620006561');
INSERT INTO stop (busstop, service) VALUES ('36234567', '42');
INSERT INTO busstop (sms, name, x, y) VALUES ('36239547', 'Craiglockhart Sp', '55.923999786377', '-3.2363760471344');
INSERT INTO stop (busstop, service) VALUES ('36239547', '10');
INSERT INTO stop (busstop, service) VALUES ('36239547', '27');
INSERT INTO stop (busstop, service) VALUES ('36239547', '45');
INSERT INTO busstop (sms, name, x, y) VALUES ('36232974', 'Victoria Quay', '55.977382659912', '-3.1757550239563');
INSERT INTO stop (busstop, service) VALUES ('36232974', '16');
INSERT INTO stop (busstop, service) VALUES ('36232974', '22');
INSERT INTO stop (busstop, service) VALUES ('36232974', '35');
INSERT INTO stop (busstop, service) VALUES ('36232974', '36');
INSERT INTO stop (busstop, service) VALUES ('36232974', 'N22');
INSERT INTO busstop (sms, name, x, y) VALUES ('36232975', 'Commercial St', '55.978084564209', '-3.179477930069');
INSERT INTO stop (busstop, service) VALUES ('36232975', '16');
INSERT INTO stop (busstop, service) VALUES ('36232975', '22');
INSERT INTO stop (busstop, service) VALUES ('36232975', '35');
INSERT INTO stop (busstop, service) VALUES ('36232975', '36');
INSERT INTO stop (busstop, service) VALUES ('36232975', 'N22');
INSERT INTO busstop (sms, name, x, y) VALUES ('36232972', 'Sandport Street', '55.976848602295', '-3.1726620197296');
INSERT INTO stop (busstop, service) VALUES ('36232972', '16');
INSERT INTO stop (busstop, service) VALUES ('36232972', '22');
INSERT INTO stop (busstop, service) VALUES ('36232972', '35');
INSERT INTO stop (busstop, service) VALUES ('36232972', '36');
INSERT INTO stop (busstop, service) VALUES ('36232972', 'N22');
INSERT INTO busstop (sms, name, x, y) VALUES ('36232973', 'Victoria Quay', '55.977191925049', '-3.1743550300598');
INSERT INTO stop (busstop, service) VALUES ('36232973', '16');
INSERT INTO stop (busstop, service) VALUES ('36232973', '22');
INSERT INTO stop (busstop, service) VALUES ('36232973', '35');
INSERT INTO stop (busstop, service) VALUES ('36232973', '36');
INSERT INTO stop (busstop, service) VALUES ('36232973', 'N22');
INSERT INTO busstop (sms, name, x, y) VALUES ('36236589', 'Victor Park Terr', '55.943176269531', '-3.2870080471039');
INSERT INTO stop (busstop, service) VALUES ('36236589', '12');
INSERT INTO stop (busstop, service) VALUES ('36236589', '26');
INSERT INTO stop (busstop, service) VALUES ('36236589', '31');
INSERT INTO stop (busstop, service) VALUES ('36236589', '48');
INSERT INTO busstop (sms, name, x, y) VALUES ('36236583', 'Traquair Park Ea', '55.942523956299', '-3.2652590274811');
INSERT INTO stop (busstop, service) VALUES ('36236583', '12');
INSERT INTO stop (busstop, service) VALUES ('36236583', '26');
INSERT INTO stop (busstop, service) VALUES ('36236583', '31');
INSERT INTO stop (busstop, service) VALUES ('36236583', '48');
INSERT INTO stop (busstop, service) VALUES ('36236583', 'N26');
INSERT INTO busstop (sms, name, x, y) VALUES ('36236582', 'Traquair Park Ea', '55.942420959473', '-3.2645990848541');
INSERT INTO stop (busstop, service) VALUES ('36236582', '12');
INSERT INTO stop (busstop, service) VALUES ('36236582', '26');
INSERT INTO stop (busstop, service) VALUES ('36236582', '31');
INSERT INTO stop (busstop, service) VALUES ('36236582', '48');
INSERT INTO stop (busstop, service) VALUES ('36236582', 'N26');
INSERT INTO busstop (sms, name, x, y) VALUES ('36236585', 'Ellersly Road', '55.944995880127', '-3.2500309944153');
INSERT INTO stop (busstop, service) VALUES ('36236585', '12');
INSERT INTO stop (busstop, service) VALUES ('36236585', '26');
INSERT INTO stop (busstop, service) VALUES ('36236585', '31');
INSERT INTO stop (busstop, service) VALUES ('36236585', '48');
INSERT INTO stop (busstop, service) VALUES ('36236585', 'X48');
INSERT INTO stop (busstop, service) VALUES ('36236585', 'N26');
INSERT INTO busstop (sms, name, x, y) VALUES ('36236584', 'Balgreen Road', '55.94401550293', '-3.2573969364166');
INSERT INTO stop (busstop, service) VALUES ('36236584', '12');
INSERT INTO stop (busstop, service) VALUES ('36236584', '26');
INSERT INTO stop (busstop, service) VALUES ('36236584', '31');
INSERT INTO stop (busstop, service) VALUES ('36236584', '48');
INSERT INTO stop (busstop, service) VALUES ('36236584', 'N26');
INSERT INTO busstop (sms, name, x, y) VALUES ('36236587', 'Clermiston Road', '55.942905426025', '-3.2837328910828');
INSERT INTO stop (busstop, service) VALUES ('36236587', '12');
INSERT INTO stop (busstop, service) VALUES ('36236587', '26');
INSERT INTO stop (busstop, service) VALUES ('36236587', '31');
INSERT INTO stop (busstop, service) VALUES ('36236587', '48');
INSERT INTO busstop (sms, name, x, y) VALUES ('36236586', 'Kaimes Road', '55.941879272461', '-3.2734680175781');
INSERT INTO stop (busstop, service) VALUES ('36236586', '12');
INSERT INTO stop (busstop, service) VALUES ('36236586', '26');
INSERT INTO stop (busstop, service) VALUES ('36236586', '31');
INSERT INTO stop (busstop, service) VALUES ('36236586', '48');
INSERT INTO stop (busstop, service) VALUES ('36236586', 'N26');
INSERT INTO busstop (sms, name, x, y) VALUES ('36236276', 'Eva Place', '55.926235198975', '-3.1842401027679');
INSERT INTO stop (busstop, service) VALUES ('36236276', '38');
INSERT INTO stop (busstop, service) VALUES ('36236276', '41');
INSERT INTO busstop (sms, name, x, y) VALUES ('36236275', 'Maurice Place', '55.926319122314', '-3.1868679523468');
INSERT INTO stop (busstop, service) VALUES ('36236275', '38');
INSERT INTO stop (busstop, service) VALUES ('36236275', '41');
INSERT INTO busstop (sms, name, x, y) VALUES ('36236274', 'Maurice Place', '55.926429748535', '-3.1877028942108');
INSERT INTO stop (busstop, service) VALUES ('36236274', '38');
INSERT INTO stop (busstop, service) VALUES ('36236274', '41');
INSERT INTO busstop (sms, name, x, y) VALUES ('36236273', 'Charterhall Grov', '55.926307678223', '-3.1898119449615');
INSERT INTO stop (busstop, service) VALUES ('36236273', '38');
INSERT INTO stop (busstop, service) VALUES ('36236273', '41');
INSERT INTO busstop (sms, name, x, y) VALUES ('36236272', 'Blackford Pond', '55.926090240479', '-3.1918380260468');
INSERT INTO stop (busstop, service) VALUES ('36236272', '38');
INSERT INTO stop (busstop, service) VALUES ('36236272', '41');
INSERT INTO busstop (sms, name, x, y) VALUES ('36243234', 'Frederick Street', '55.951293945312', '-3.200572013855');
INSERT INTO stop (busstop, service) VALUES ('36243234', '10');
INSERT INTO stop (busstop, service) VALUES ('36243234', '11');
INSERT INTO stop (busstop, service) VALUES ('36243234', '15');
INSERT INTO stop (busstop, service) VALUES ('36243234', '15A');
INSERT INTO stop (busstop, service) VALUES ('36243234', '16');
INSERT INTO stop (busstop, service) VALUES ('36243234', '24');
INSERT INTO stop (busstop, service) VALUES ('36243234', '48');
INSERT INTO stop (busstop, service) VALUES ('36243234', 'X48');
INSERT INTO stop (busstop, service) VALUES ('36243234', 'N8');
INSERT INTO stop (busstop, service) VALUES ('36243234', 'N16');
INSERT INTO busstop (sms, name, x, y) VALUES ('36236279', 'Royal Observator', '55.924617767334', '-3.179582118988');
INSERT INTO stop (busstop, service) VALUES ('36236279', '38');
INSERT INTO stop (busstop, service) VALUES ('36236279', '41');
INSERT INTO busstop (sms, name, x, y) VALUES ('36236278', 'Royal Observator', '55.924724578857', '-3.1790730953217');
INSERT INTO stop (busstop, service) VALUES ('36236278', '38');
INSERT INTO stop (busstop, service) VALUES ('36236278', '41');
INSERT INTO busstop (sms, name, x, y) VALUES ('36246796', 'Liberton Place', '55.911773681641', '-3.1631450653076');
INSERT INTO stop (busstop, service) VALUES ('36246796', '7');
INSERT INTO stop (busstop, service) VALUES ('36246796', '37');
INSERT INTO stop (busstop, service) VALUES ('36246796', '47');
INSERT INTO stop (busstop, service) VALUES ('36246796', '67');
INSERT INTO stop (busstop, service) VALUES ('36246796', 'N37');
INSERT INTO busstop (sms, name, x, y) VALUES ('36234698', 'Northfield', '55.952819824219', '-3.1381430625916');
INSERT INTO stop (busstop, service) VALUES ('36234698', '4');
INSERT INTO stop (busstop, service) VALUES ('36234698', '5');
INSERT INTO stop (busstop, service) VALUES ('36234698', '69');
INSERT INTO busstop (sms, name, x, y) VALUES ('36234697', 'Norhtfield Avenu', '55.95080947876', '-3.1367061138153');
INSERT INTO stop (busstop, service) VALUES ('36234697', '4');
INSERT INTO stop (busstop, service) VALUES ('36234697', '69');
INSERT INTO busstop (sms, name, x, y) VALUES ('36234696', 'Northfield Garde', '55.948444366455', '-3.1370689868927');
INSERT INTO stop (busstop, service) VALUES ('36234696', '4');
INSERT INTO stop (busstop, service) VALUES ('36234696', '69');
INSERT INTO busstop (sms, name, x, y) VALUES ('36234695', 'Duddingston Mill', '55.945831298828', '-3.1357278823853');
INSERT INTO stop (busstop, service) VALUES ('36234695', '4');
INSERT INTO stop (busstop, service) VALUES ('36234695', '44');
INSERT INTO stop (busstop, service) VALUES ('36234695', '44A');
INSERT INTO stop (busstop, service) VALUES ('36234695', '45');
INSERT INTO stop (busstop, service) VALUES ('36234695', '69');
INSERT INTO stop (busstop, service) VALUES ('36234695', 'N44');
INSERT INTO busstop (sms, name, x, y) VALUES ('36234694', 'Bingham Park', '55.942680358887', '-3.1257410049438');
INSERT INTO stop (busstop, service) VALUES ('36234694', '44');
INSERT INTO stop (busstop, service) VALUES ('36234694', '44A');
INSERT INTO stop (busstop, service) VALUES ('36234694', '45');
INSERT INTO stop (busstop, service) VALUES ('36234694', 'N44');
INSERT INTO busstop (sms, name, x, y) VALUES ('36234693', 'Mountcastle Driv', '55.943092346191', '-3.1208689212799');
INSERT INTO stop (busstop, service) VALUES ('36234693', '5');
INSERT INTO stop (busstop, service) VALUES ('36234693', '44');
INSERT INTO stop (busstop, service) VALUES ('36234693', '44A');
INSERT INTO stop (busstop, service) VALUES ('36234693', '45');
INSERT INTO stop (busstop, service) VALUES ('36234693', 'N44');
INSERT INTO busstop (sms, name, x, y) VALUES ('36234692', 'Duddingston Park', '55.943481445312', '-3.1188950538635');
INSERT INTO stop (busstop, service) VALUES ('36234692', '5');
INSERT INTO stop (busstop, service) VALUES ('36234692', '44');
INSERT INTO stop (busstop, service) VALUES ('36234692', '45');
INSERT INTO stop (busstop, service) VALUES ('36234692', 'N44');
INSERT INTO busstop (sms, name, x, y) VALUES ('36238527', 'Blackhall', '55.961372375488', '-3.2619490623474');
INSERT INTO stop (busstop, service) VALUES ('36238527', '32');
INSERT INTO stop (busstop, service) VALUES ('36238527', '41');
INSERT INTO busstop (sms, name, x, y) VALUES ('36238526', 'Hill Park', '55.962158203125', '-3.2667639255524');
INSERT INTO stop (busstop, service) VALUES ('36238526', '32');
INSERT INTO busstop (sms, name, x, y) VALUES ('36238278', 'Sciennes House P', '55.938133239746', '-3.1813540458679');
INSERT INTO stop (busstop, service) VALUES ('36238278', '42');
INSERT INTO stop (busstop, service) VALUES ('36238278', '67');
INSERT INTO busstop (sms, name, x, y) VALUES ('36236479', 'Thirlestane Road', '55.935302734375', '-3.1944420337677');
INSERT INTO stop (busstop, service) VALUES ('36236479', '24');
INSERT INTO stop (busstop, service) VALUES ('36236479', '41');
INSERT INTO busstop (sms, name, x, y) VALUES ('36236478', 'Thirlestane Road', '55.935291290283', '-3.1940410137177');
INSERT INTO stop (busstop, service) VALUES ('36236478', '24');
INSERT INTO stop (busstop, service) VALUES ('36236478', '41');
INSERT INTO busstop (sms, name, x, y) VALUES ('36248482', 'RBS HQ from Edin', '55.935520172119', '-3.3321070671082');
INSERT INTO stop (busstop, service) VALUES ('36248482', '35');
INSERT INTO stop (busstop, service) VALUES ('36248482', '48');
INSERT INTO stop (busstop, service) VALUES ('36248482', 'X48');
INSERT INTO busstop (sms, name, x, y) VALUES ('36236475', 'Spottiswood Road', '55.936820983887', '-3.1944088935852');
INSERT INTO stop (busstop, service) VALUES ('36236475', '24');
INSERT INTO busstop (sms, name, x, y) VALUES ('36236474', 'Warrender Park R', '55.938079833984', '-3.1946721076965');
INSERT INTO stop (busstop, service) VALUES ('36236474', '24');
INSERT INTO busstop (sms, name, x, y) VALUES ('36236476', 'Spotiswood Road', '55.936103820801', '-3.1944830417633');
INSERT INTO stop (busstop, service) VALUES ('36236476', '24');
INSERT INTO busstop (sms, name, x, y) VALUES ('36247939', 'opposite shops', '55.904346466064', '-3.1474869251251');
INSERT INTO stop (busstop, service) VALUES ('36247939', '7');
INSERT INTO stop (busstop, service) VALUES ('36247939', '11');
INSERT INTO stop (busstop, service) VALUES ('36247939', '18');
INSERT INTO stop (busstop, service) VALUES ('36247939', '33');
INSERT INTO busstop (sms, name, x, y) VALUES ('36236473', 'Warrender Park R', '55.938632965088', '-3.195072889328');
INSERT INTO stop (busstop, service) VALUES ('36236473', '24');
INSERT INTO busstop (sms, name, x, y) VALUES ('36236472', 'Warrender Park T', '55.939350128174', '-3.1949510574341');
INSERT INTO stop (busstop, service) VALUES ('36236472', '24');
INSERT INTO busstop (sms, name, x, y) VALUES ('36247358', 'Westside Plaza', '55.916500091553', '-3.2859320640564');
INSERT INTO stop (busstop, service) VALUES ('36247358', '3');
INSERT INTO stop (busstop, service) VALUES ('36247358', '3A');
INSERT INTO stop (busstop, service) VALUES ('36247358', '18');
INSERT INTO stop (busstop, service) VALUES ('36247358', '20');
INSERT INTO stop (busstop, service) VALUES ('36247358', '21');
INSERT INTO stop (busstop, service) VALUES ('36247358', '32');
INSERT INTO busstop (sms, name, x, y) VALUES ('36248267', 'Gilmerton Dykes', '55.898685455322', '-3.1424579620361');
INSERT INTO stop (busstop, service) VALUES ('36248267', '31');
INSERT INTO stop (busstop, service) VALUES ('36248267', 'X31');
INSERT INTO stop (busstop, service) VALUES ('36248267', 'N31');
INSERT INTO busstop (sms, name, x, y) VALUES ('36236823', 'Broomhouse Drive', '55.928485870361', '-3.2844080924988');
INSERT INTO stop (busstop, service) VALUES ('36236823', '21');
INSERT INTO stop (busstop, service) VALUES ('36236823', '32');
INSERT INTO busstop (sms, name, x, y) VALUES ('36234743', 'Cadzow Place', '55.957275390625', '-3.1679210662842');
INSERT INTO stop (busstop, service) VALUES ('36234743', '4');
INSERT INTO stop (busstop, service) VALUES ('36234743', '5');
INSERT INTO stop (busstop, service) VALUES ('36234743', '15');
INSERT INTO stop (busstop, service) VALUES ('36234743', '15A');
INSERT INTO stop (busstop, service) VALUES ('36234743', '19');
INSERT INTO stop (busstop, service) VALUES ('36234743', '26');
INSERT INTO stop (busstop, service) VALUES ('36234743', 'X26');
INSERT INTO stop (busstop, service) VALUES ('36234743', '34');
INSERT INTO stop (busstop, service) VALUES ('36234743', '44');
INSERT INTO stop (busstop, service) VALUES ('36234743', '44A');
INSERT INTO stop (busstop, service) VALUES ('36234743', '45');
INSERT INTO stop (busstop, service) VALUES ('36234743', 'N26');
INSERT INTO stop (busstop, service) VALUES ('36234743', 'N44');
INSERT INTO busstop (sms, name, x, y) VALUES ('36234742', 'Marionville Road', '55.956737518311', '-3.1639490127563');
INSERT INTO stop (busstop, service) VALUES ('36234742', '4');
INSERT INTO stop (busstop, service) VALUES ('36234742', '5');
INSERT INTO stop (busstop, service) VALUES ('36234742', '15');
INSERT INTO stop (busstop, service) VALUES ('36234742', '15A');
INSERT INTO stop (busstop, service) VALUES ('36234742', '26');
INSERT INTO stop (busstop, service) VALUES ('36234742', '44');
INSERT INTO stop (busstop, service) VALUES ('36234742', '44A');
INSERT INTO stop (busstop, service) VALUES ('36234742', '45');
INSERT INTO stop (busstop, service) VALUES ('36234742', 'N26');
INSERT INTO stop (busstop, service) VALUES ('36234742', 'N44');
INSERT INTO busstop (sms, name, x, y) VALUES ('36234745', 'Brunton Place', '55.957592010498', '-3.1733610630035');
INSERT INTO stop (busstop, service) VALUES ('36234745', '1');
INSERT INTO stop (busstop, service) VALUES ('36234745', '4');
INSERT INTO stop (busstop, service) VALUES ('36234745', '5');
INSERT INTO stop (busstop, service) VALUES ('36234745', '15');
INSERT INTO stop (busstop, service) VALUES ('36234745', '15A');
INSERT INTO stop (busstop, service) VALUES ('36234745', '19');
INSERT INTO stop (busstop, service) VALUES ('36234745', '26');
INSERT INTO stop (busstop, service) VALUES ('36234745', '34');
INSERT INTO stop (busstop, service) VALUES ('36234745', '44');
INSERT INTO stop (busstop, service) VALUES ('36234745', '44A');
INSERT INTO stop (busstop, service) VALUES ('36234745', '45');
INSERT INTO stop (busstop, service) VALUES ('36234745', 'N26');
INSERT INTO stop (busstop, service) VALUES ('36234745', 'N44');
INSERT INTO busstop (sms, name, x, y) VALUES ('36234747', 'Bruswick Road', '55.957763671875', '-3.1801409721375');
INSERT INTO stop (busstop, service) VALUES ('36234747', '1');
INSERT INTO stop (busstop, service) VALUES ('36234747', '4');
INSERT INTO stop (busstop, service) VALUES ('36234747', '5');
INSERT INTO stop (busstop, service) VALUES ('36234747', '15');
INSERT INTO stop (busstop, service) VALUES ('36234747', '15A');
INSERT INTO stop (busstop, service) VALUES ('36234747', '19');
INSERT INTO stop (busstop, service) VALUES ('36234747', '26');
INSERT INTO stop (busstop, service) VALUES ('36234747', '34');
INSERT INTO stop (busstop, service) VALUES ('36234747', '44');
INSERT INTO stop (busstop, service) VALUES ('36234747', '44A');
INSERT INTO stop (busstop, service) VALUES ('36234747', '45');
INSERT INTO stop (busstop, service) VALUES ('36234747', 'N26');
INSERT INTO stop (busstop, service) VALUES ('36234747', 'N44');
INSERT INTO busstop (sms, name, x, y) VALUES ('36234746', 'Brunton', '55.957679748535', '-3.1765830516815');
INSERT INTO stop (busstop, service) VALUES ('36234746', '1');
INSERT INTO stop (busstop, service) VALUES ('36234746', '4');
INSERT INTO stop (busstop, service) VALUES ('36234746', '5');
INSERT INTO stop (busstop, service) VALUES ('36234746', '15');
INSERT INTO stop (busstop, service) VALUES ('36234746', '15A');
INSERT INTO stop (busstop, service) VALUES ('36234746', '19');
INSERT INTO stop (busstop, service) VALUES ('36234746', '26');
INSERT INTO stop (busstop, service) VALUES ('36234746', '34');
INSERT INTO stop (busstop, service) VALUES ('36234746', '44');
INSERT INTO stop (busstop, service) VALUES ('36234746', '44A');
INSERT INTO stop (busstop, service) VALUES ('36234746', '45');
INSERT INTO stop (busstop, service) VALUES ('36234746', 'N26');
INSERT INTO stop (busstop, service) VALUES ('36234746', 'N44');
INSERT INTO busstop (sms, name, x, y) VALUES ('36234749', 'St James Centre', '55.953903198242', '-3.187952041626');
INSERT INTO stop (busstop, service) VALUES ('36234749', '5');
INSERT INTO stop (busstop, service) VALUES ('36234749', '7');
INSERT INTO stop (busstop, service) VALUES ('36234749', '14');
INSERT INTO stop (busstop, service) VALUES ('36234749', '29');
INSERT INTO stop (busstop, service) VALUES ('36234749', '30');
INSERT INTO stop (busstop, service) VALUES ('36234749', '49');
INSERT INTO stop (busstop, service) VALUES ('36234749', 'N3');
INSERT INTO stop (busstop, service) VALUES ('36234749', 'N30');
INSERT INTO stop (busstop, service) VALUES ('36234749', 'N31');
INSERT INTO stop (busstop, service) VALUES ('36234749', 'N37');
INSERT INTO busstop (sms, name, x, y) VALUES ('36236826', 'New Lairdship Pl', '55.924980163574', '-3.2820041179657');
INSERT INTO stop (busstop, service) VALUES ('36236826', '21');
INSERT INTO stop (busstop, service) VALUES ('36236826', '32');
INSERT INTO busstop (sms, name, x, y) VALUES ('36236827', 'Broomhouse R/Abo', '55.929504394531', '-3.2866830825806');
INSERT INTO stop (busstop, service) VALUES ('36236827', '2');
INSERT INTO stop (busstop, service) VALUES ('36236827', '12');
INSERT INTO stop (busstop, service) VALUES ('36236827', '21');
INSERT INTO stop (busstop, service) VALUES ('36236827', '22');
INSERT INTO stop (busstop, service) VALUES ('36236827', '32');
INSERT INTO stop (busstop, service) VALUES ('36236827', 'N22');
INSERT INTO busstop (sms, name, x, y) VALUES ('36247849', 'Lochend Rd Sth', '55.959949493408', '-3.1571090221405');
INSERT INTO stop (busstop, service) VALUES ('36247849', '49');
INSERT INTO busstop (sms, name, x, y) VALUES ('36266258', 'Westfield Road', '55.937110900879', '-3.2399799823761');
INSERT INTO stop (busstop, service) VALUES ('36266258', '1');
INSERT INTO stop (busstop, service) VALUES ('36266258', '2');
INSERT INTO busstop (sms, name, x, y) VALUES ('36237463', 'Dumbryden Garden', '55.921581268311', '-3.2717289924622');
INSERT INTO stop (busstop, service) VALUES ('36237463', '30');
INSERT INTO stop (busstop, service) VALUES ('36237463', 'N30');
INSERT INTO busstop (sms, name, x, y) VALUES ('58232654', 'Pinkie Road', '55.941795349121', '-3.0339250564575');
INSERT INTO stop (busstop, service) VALUES ('58232654', '26');
INSERT INTO stop (busstop, service) VALUES ('58232654', 'X26');
INSERT INTO stop (busstop, service) VALUES ('58232654', '44');
INSERT INTO stop (busstop, service) VALUES ('58232654', '44A');
INSERT INTO stop (busstop, service) VALUES ('58232654', 'N26');
INSERT INTO busstop (sms, name, x, y) VALUES ('36237984', 'Lochend Newbridg', '55.938888549805', '-3.399337053299');
INSERT INTO stop (busstop, service) VALUES ('36237984', '48');
INSERT INTO stop (busstop, service) VALUES ('36237984', 'X48');
INSERT INTO busstop (sms, name, x, y) VALUES ('36237985', 'Gogar Roundabout', '55.938812255859', '-3.3256709575653');
INSERT INTO stop (busstop, service) VALUES ('36237985', 'X26');
INSERT INTO stop (busstop, service) VALUES ('36237985', '35');
INSERT INTO stop (busstop, service) VALUES ('36237985', 'N22');
INSERT INTO busstop (sms, name, x, y) VALUES ('36237983', 'Royal Scottish A', '55.952087402344', '-3.1957120895386');
INSERT INTO stop (busstop, service) VALUES ('36237983', '1');
INSERT INTO stop (busstop, service) VALUES ('36237983', '3');
INSERT INTO stop (busstop, service) VALUES ('36237983', '3A');
INSERT INTO stop (busstop, service) VALUES ('36237983', '4');
INSERT INTO stop (busstop, service) VALUES ('36237983', '8');
INSERT INTO stop (busstop, service) VALUES ('36237983', '22');
INSERT INTO stop (busstop, service) VALUES ('36237983', '25');
INSERT INTO stop (busstop, service) VALUES ('36237983', 'X25');
INSERT INTO stop (busstop, service) VALUES ('36237983', '30');
INSERT INTO stop (busstop, service) VALUES ('36237983', '33');
INSERT INTO stop (busstop, service) VALUES ('36237983', '34');
INSERT INTO stop (busstop, service) VALUES ('36237983', '44');
INSERT INTO stop (busstop, service) VALUES ('36237983', '44A');
INSERT INTO stop (busstop, service) VALUES ('36237983', 'N22');
INSERT INTO stop (busstop, service) VALUES ('36237983', 'N25');
INSERT INTO stop (busstop, service) VALUES ('36237983', 'N30');
INSERT INTO stop (busstop, service) VALUES ('36237983', 'N44');
INSERT INTO busstop (sms, name, x, y) VALUES ('36237462', 'Dumbryden Drive', '55.922267913818', '-3.2722959518433');
INSERT INTO stop (busstop, service) VALUES ('36237462', '30');
INSERT INTO stop (busstop, service) VALUES ('36237462', 'N30');
INSERT INTO busstop (sms, name, x, y) VALUES ('36248459', 'Hallcroft Rise', '55.9211769104', '-3.3906490802765');
INSERT INTO stop (busstop, service) VALUES ('36248459', '48');
INSERT INTO stop (busstop, service) VALUES ('36248459', 'X48');
INSERT INTO busstop (sms, name, x, y) VALUES ('36242643', 'Howe Street', '55.956359863281', '-3.2024900913239');
INSERT INTO stop (busstop, service) VALUES ('36242643', '24');
INSERT INTO stop (busstop, service) VALUES ('36242643', '29');
INSERT INTO stop (busstop, service) VALUES ('36242643', 'X29');
INSERT INTO stop (busstop, service) VALUES ('36242643', '42');
INSERT INTO busstop (sms, name, x, y) VALUES ('36234352', 'Magdalene', '55.944194793701', '-3.1102850437164');
INSERT INTO stop (busstop, service) VALUES ('36234352', '5');
INSERT INTO stop (busstop, service) VALUES ('36234352', '44');
INSERT INTO stop (busstop, service) VALUES ('36234352', '44A');
INSERT INTO stop (busstop, service) VALUES ('36234352', '45');
INSERT INTO stop (busstop, service) VALUES ('36234352', '69');
INSERT INTO stop (busstop, service) VALUES ('36234352', 'N44');
INSERT INTO busstop (sms, name, x, y) VALUES ('36234353', 'Magdalene Cresce', '55.944408416748', '-3.109442949295');
INSERT INTO stop (busstop, service) VALUES ('36234353', '5');
INSERT INTO stop (busstop, service) VALUES ('36234353', '44');
INSERT INTO stop (busstop, service) VALUES ('36234353', '45');
INSERT INTO stop (busstop, service) VALUES ('36234353', '69');
INSERT INTO stop (busstop, service) VALUES ('36234353', 'N44');
INSERT INTO busstop (sms, name, x, y) VALUES ('36237628', 'Hoseason Gardens', '55.955421447754', '-3.2889840602875');
INSERT INTO stop (busstop, service) VALUES ('36237628', '1');
INSERT INTO stop (busstop, service) VALUES ('36237628', '21');
INSERT INTO stop (busstop, service) VALUES ('36237628', '26');
INSERT INTO busstop (sms, name, x, y) VALUES ('36234356', 'Duddingston Road', '55.94367980957', '-3.1148819923401');
INSERT INTO stop (busstop, service) VALUES ('36234356', '5');
INSERT INTO stop (busstop, service) VALUES ('36234356', '44');
INSERT INTO stop (busstop, service) VALUES ('36234356', '44A');
INSERT INTO stop (busstop, service) VALUES ('36234356', '45');
INSERT INTO stop (busstop, service) VALUES ('36234356', '69');
INSERT INTO stop (busstop, service) VALUES ('36234356', 'N44');
INSERT INTO busstop (sms, name, x, y) VALUES ('36234357', 'Milton Road', '55.94274520874', '-3.1165359020233');
INSERT INTO stop (busstop, service) VALUES ('36234357', '21');
INSERT INTO stop (busstop, service) VALUES ('36234357', '49');
INSERT INTO busstop (sms, name, x, y) VALUES ('36234354', 'Bailie Place', '55.94397354126', '-3.113049030304');
INSERT INTO stop (busstop, service) VALUES ('36234354', '5');
INSERT INTO stop (busstop, service) VALUES ('36234354', '44');
INSERT INTO stop (busstop, service) VALUES ('36234354', '44A');
INSERT INTO stop (busstop, service) VALUES ('36234354', '45');
INSERT INTO stop (busstop, service) VALUES ('36234354', '69');
INSERT INTO stop (busstop, service) VALUES ('36234354', 'N44');
INSERT INTO busstop (sms, name, x, y) VALUES ('36234358', 'Magdalene Drive', '55.941200256348', '-3.1156270503998');
INSERT INTO stop (busstop, service) VALUES ('36234358', '21');
INSERT INTO stop (busstop, service) VALUES ('36234358', '49');
INSERT INTO busstop (sms, name, x, y) VALUES ('36234359', 'Magdalene Drive', '55.94079208374', '-3.1151669025421');
INSERT INTO stop (busstop, service) VALUES ('36234359', '21');
INSERT INTO stop (busstop, service) VALUES ('36234359', '49');
INSERT INTO busstop (sms, name, x, y) VALUES ('36235979', 'Elm Row', '55.958892822266', '-3.1841158866882');
INSERT INTO stop (busstop, service) VALUES ('36235979', '7');
INSERT INTO stop (busstop, service) VALUES ('36235979', '10');
INSERT INTO stop (busstop, service) VALUES ('36235979', '11');
INSERT INTO stop (busstop, service) VALUES ('36235979', '12');
INSERT INTO stop (busstop, service) VALUES ('36235979', '14');
INSERT INTO stop (busstop, service) VALUES ('36235979', '16');
INSERT INTO stop (busstop, service) VALUES ('36235979', '22');
INSERT INTO stop (busstop, service) VALUES ('36235979', '25');
INSERT INTO stop (busstop, service) VALUES ('36235979', '26');
INSERT INTO stop (busstop, service) VALUES ('36235979', '29');
INSERT INTO stop (busstop, service) VALUES ('36235979', '31');
INSERT INTO stop (busstop, service) VALUES ('36235979', '37');
INSERT INTO stop (busstop, service) VALUES ('36235979', '49');
INSERT INTO stop (busstop, service) VALUES ('36235979', 'N22');
INSERT INTO stop (busstop, service) VALUES ('36235979', 'N25');
INSERT INTO busstop (sms, name, x, y) VALUES ('36235978', 'St James Centre', '55.95401763916', '-3.1881790161133');
INSERT INTO stop (busstop, service) VALUES ('36235978', '7');
INSERT INTO stop (busstop, service) VALUES ('36235978', '14');
INSERT INTO stop (busstop, service) VALUES ('36235978', '22');
INSERT INTO stop (busstop, service) VALUES ('36235978', '25');
INSERT INTO stop (busstop, service) VALUES ('36235978', '30');
INSERT INTO stop (busstop, service) VALUES ('36235978', '33');
INSERT INTO stop (busstop, service) VALUES ('36235978', '37');
INSERT INTO stop (busstop, service) VALUES ('36235978', '49');
INSERT INTO stop (busstop, service) VALUES ('36235978', 'N3');
INSERT INTO stop (busstop, service) VALUES ('36235978', 'N8');
INSERT INTO stop (busstop, service) VALUES ('36235978', 'N22');
INSERT INTO stop (busstop, service) VALUES ('36235978', 'N25');
INSERT INTO stop (busstop, service) VALUES ('36235978', 'N26');
INSERT INTO stop (busstop, service) VALUES ('36235978', 'N44');
INSERT INTO busstop (sms, name, x, y) VALUES ('36235973', 'Castle Street', '55.951404571533', '-3.200975894928');
INSERT INTO stop (busstop, service) VALUES ('36235973', '1');
INSERT INTO stop (busstop, service) VALUES ('36235973', '4');
INSERT INTO stop (busstop, service) VALUES ('36235973', '15');
INSERT INTO stop (busstop, service) VALUES ('36235973', '15A');
INSERT INTO stop (busstop, service) VALUES ('36235973', '26');
INSERT INTO stop (busstop, service) VALUES ('36235973', 'X26');
INSERT INTO stop (busstop, service) VALUES ('36235973', '34');
INSERT INTO stop (busstop, service) VALUES ('36235973', '44');
INSERT INTO stop (busstop, service) VALUES ('36235973', 'N26');
INSERT INTO stop (busstop, service) VALUES ('36235973', 'N44');
INSERT INTO busstop (sms, name, x, y) VALUES ('36235972', 'Castle Street', '55.951301574707', '-3.2016289234161');
INSERT INTO stop (busstop, service) VALUES ('36235972', '3');
INSERT INTO stop (busstop, service) VALUES ('36235972', '3A');
INSERT INTO stop (busstop, service) VALUES ('36235972', '30');
INSERT INTO stop (busstop, service) VALUES ('36235972', '31');
INSERT INTO stop (busstop, service) VALUES ('36235972', 'X31');
INSERT INTO stop (busstop, service) VALUES ('36235972', '33');
INSERT INTO stop (busstop, service) VALUES ('36235972', '48');
INSERT INTO stop (busstop, service) VALUES ('36235972', 'X48');
INSERT INTO stop (busstop, service) VALUES ('36235972', 'N3');
INSERT INTO stop (busstop, service) VALUES ('36235972', 'N30');
INSERT INTO stop (busstop, service) VALUES ('36235972', 'N31');
INSERT INTO busstop (sms, name, x, y) VALUES ('36235975', 'Waverley Steps', '55.953079223633', '-3.1904089450836');
INSERT INTO stop (busstop, service) VALUES ('36235975', '1');
INSERT INTO stop (busstop, service) VALUES ('36235975', '3');
INSERT INTO stop (busstop, service) VALUES ('36235975', '3A');
INSERT INTO stop (busstop, service) VALUES ('36235975', '19');
INSERT INTO stop (busstop, service) VALUES ('36235975', '22');
INSERT INTO stop (busstop, service) VALUES ('36235975', '25');
INSERT INTO stop (busstop, service) VALUES ('36235975', 'X25');
INSERT INTO stop (busstop, service) VALUES ('36235975', 'X26');
INSERT INTO stop (busstop, service) VALUES ('36235975', '30');
INSERT INTO stop (busstop, service) VALUES ('36235975', '31');
INSERT INTO stop (busstop, service) VALUES ('36235975', 'X31');
INSERT INTO stop (busstop, service) VALUES ('36235975', '33');
INSERT INTO stop (busstop, service) VALUES ('36235975', '34');
INSERT INTO stop (busstop, service) VALUES ('36235975', 'N8');
INSERT INTO stop (busstop, service) VALUES ('36235975', 'N16');
INSERT INTO stop (busstop, service) VALUES ('36235975', 'N22');
INSERT INTO stop (busstop, service) VALUES ('36235975', 'N25');
INSERT INTO stop (busstop, service) VALUES ('36235975', 'N26');
INSERT INTO stop (busstop, service) VALUES ('36235975', 'N30');
INSERT INTO stop (busstop, service) VALUES ('36235975', 'N37');
INSERT INTO stop (busstop, service) VALUES ('36235975', 'N44');
INSERT INTO busstop (sms, name, x, y) VALUES ('36235974', 'West Register St', '55.953193664551', '-3.1906208992004');
INSERT INTO stop (busstop, service) VALUES ('36235974', '1');
INSERT INTO stop (busstop, service) VALUES ('36235974', '8');
INSERT INTO stop (busstop, service) VALUES ('36235974', '19');
INSERT INTO stop (busstop, service) VALUES ('36235974', '22');
INSERT INTO stop (busstop, service) VALUES ('36235974', '25');
INSERT INTO stop (busstop, service) VALUES ('36235974', 'X25');
INSERT INTO stop (busstop, service) VALUES ('36235974', 'X26');
INSERT INTO stop (busstop, service) VALUES ('36235974', '34');
INSERT INTO stop (busstop, service) VALUES ('36235974', '41');
INSERT INTO stop (busstop, service) VALUES ('36235974', '48');
INSERT INTO stop (busstop, service) VALUES ('36235974', 'X48');
INSERT INTO busstop (sms, name, x, y) VALUES ('36235976', 'Waverley Steps', '55.952922821045', '-3.1909809112549');
INSERT INTO stop (busstop, service) VALUES ('36235976', '8');
INSERT INTO stop (busstop, service) VALUES ('36235976', '29');
INSERT INTO stop (busstop, service) VALUES ('36235976', 'X29');
INSERT INTO stop (busstop, service) VALUES ('36235976', '37');
INSERT INTO stop (busstop, service) VALUES ('36235976', '47');
INSERT INTO stop (busstop, service) VALUES ('36235976', 'X47');
INSERT INTO stop (busstop, service) VALUES ('36235976', '48');
INSERT INTO stop (busstop, service) VALUES ('36235976', 'X48');
INSERT INTO busstop (sms, name, x, y) VALUES ('36237623', 'Drum Brae Avenue', '55.951553344727', '-3.2964940071106');
INSERT INTO stop (busstop, service) VALUES ('36237623', '1');
INSERT INTO stop (busstop, service) VALUES ('36237623', '21');
INSERT INTO stop (busstop, service) VALUES ('36237623', '26');
INSERT INTO stop (busstop, service) VALUES ('36237623', '32');
INSERT INTO stop (busstop, service) VALUES ('36237623', 'N26');
INSERT INTO busstop (sms, name, x, y) VALUES ('36237627', 'Drum Brae Drive', '55.954788208008', '-3.2929830551147');
INSERT INTO stop (busstop, service) VALUES ('36237627', '1');
INSERT INTO stop (busstop, service) VALUES ('36237627', '21');
INSERT INTO stop (busstop, service) VALUES ('36237627', '26');
INSERT INTO stop (busstop, service) VALUES ('36237627', 'N26');
INSERT INTO busstop (sms, name, x, y) VALUES ('64324253', 'Nevis Gardens', '55.836780548096', '-3.2077069282532');
INSERT INTO stop (busstop, service) VALUES ('64324253', '37');
INSERT INTO stop (busstop, service) VALUES ('64324253', '47');
INSERT INTO busstop (sms, name, x, y) VALUES ('36237626', 'Drum Brae Drive', '55.95454788208', '-3.2936959266663');
INSERT INTO stop (busstop, service) VALUES ('36237626', '1');
INSERT INTO stop (busstop, service) VALUES ('36237626', '21');
INSERT INTO stop (busstop, service) VALUES ('36237626', '26');
INSERT INTO busstop (sms, name, x, y) VALUES ('36237625', 'Drum Brae Drive', '55.954154968262', '-3.2957489490509');
INSERT INTO stop (busstop, service) VALUES ('36237625', '1');
INSERT INTO stop (busstop, service) VALUES ('36237625', '21');
INSERT INTO stop (busstop, service) VALUES ('36237625', '26');
INSERT INTO stop (busstop, service) VALUES ('36237625', 'N26');
INSERT INTO busstop (sms, name, x, y) VALUES ('36237624', 'Drum Brae Drive', '55.953838348389', '-3.2968430519104');
INSERT INTO stop (busstop, service) VALUES ('36237624', '1');
INSERT INTO stop (busstop, service) VALUES ('36237624', '21');
INSERT INTO stop (busstop, service) VALUES ('36237624', '26');
INSERT INTO busstop (sms, name, x, y) VALUES ('36236873', 'Bankhead Loan', '55.923198699951', '-3.2915630340576');
INSERT INTO stop (busstop, service) VALUES ('36236873', '18');
INSERT INTO stop (busstop, service) VALUES ('36236873', '20');
INSERT INTO stop (busstop, service) VALUES ('36236873', '32');
INSERT INTO stop (busstop, service) VALUES ('36236873', '35');
INSERT INTO busstop (sms, name, x, y) VALUES ('36236872', 'Bankhead Medway', '55.92618560791', '-3.2931671142578');
INSERT INTO stop (busstop, service) VALUES ('36236872', '18');
INSERT INTO stop (busstop, service) VALUES ('36236872', '20');
INSERT INTO stop (busstop, service) VALUES ('36236872', '32');
INSERT INTO stop (busstop, service) VALUES ('36236872', '35');
INSERT INTO busstop (sms, name, x, y) VALUES ('36236875', 'Bankhead Avenue', '55.926998138428', '-3.2942979335785');
INSERT INTO stop (busstop, service) VALUES ('36236875', '20');
INSERT INTO stop (busstop, service) VALUES ('36236875', '34');
INSERT INTO busstop (sms, name, x, y) VALUES ('36236874', 'Calder Road', '55.922912597656', '-3.2916810512543');
INSERT INTO stop (busstop, service) VALUES ('36236874', '18');
INSERT INTO stop (busstop, service) VALUES ('36236874', '20');
INSERT INTO stop (busstop, service) VALUES ('36236874', '32');
INSERT INTO stop (busstop, service) VALUES ('36236874', '34');
INSERT INTO stop (busstop, service) VALUES ('36236874', '35');
INSERT INTO busstop (sms, name, x, y) VALUES ('36236876', 'Napier Universit', '55.922756195068', '-3.2900919914246');
INSERT INTO stop (busstop, service) VALUES ('36236876', '3');
INSERT INTO stop (busstop, service) VALUES ('36236876', '3A');
INSERT INTO stop (busstop, service) VALUES ('36236876', '21');
INSERT INTO stop (busstop, service) VALUES ('36236876', '25');
INSERT INTO stop (busstop, service) VALUES ('36236876', 'X25');
INSERT INTO stop (busstop, service) VALUES ('36236876', '32');
INSERT INTO stop (busstop, service) VALUES ('36236876', '34');
INSERT INTO stop (busstop, service) VALUES ('36236876', '35');
INSERT INTO stop (busstop, service) VALUES ('36236876', '109');
INSERT INTO stop (busstop, service) VALUES ('36236876', 'N25');
INSERT INTO busstop (sms, name, x, y) VALUES ('36236879', 'Broomhouse', '55.924396514893', '-3.2794721126556');
INSERT INTO stop (busstop, service) VALUES ('36236879', '3');
INSERT INTO stop (busstop, service) VALUES ('36236879', '3A');
INSERT INTO stop (busstop, service) VALUES ('36236879', '25');
INSERT INTO stop (busstop, service) VALUES ('36236879', '34');
INSERT INTO stop (busstop, service) VALUES ('36236879', '35');
INSERT INTO stop (busstop, service) VALUES ('36236879', '109');
INSERT INTO stop (busstop, service) VALUES ('36236879', 'N25');
INSERT INTO busstop (sms, name, x, y) VALUES ('36236878', 'Sighthill', '55.923389434814', '-3.2854080200195');
INSERT INTO stop (busstop, service) VALUES ('36236878', '3');
INSERT INTO stop (busstop, service) VALUES ('36236878', '3A');
INSERT INTO stop (busstop, service) VALUES ('36236878', '21');
INSERT INTO stop (busstop, service) VALUES ('36236878', '25');
INSERT INTO stop (busstop, service) VALUES ('36236878', 'X25');
INSERT INTO stop (busstop, service) VALUES ('36236878', '32');
INSERT INTO stop (busstop, service) VALUES ('36236878', '34');
INSERT INTO stop (busstop, service) VALUES ('36236878', '35');
INSERT INTO stop (busstop, service) VALUES ('36236878', '109');
INSERT INTO stop (busstop, service) VALUES ('36236878', 'N25');
INSERT INTO busstop (sms, name, x, y) VALUES ('64324386', 'Cameron Crescent', '55.868358612061', '-3.1281440258026');
INSERT INTO stop (busstop, service) VALUES ('64324386', '31');
INSERT INTO busstop (sms, name, x, y) VALUES ('64324387', 'Dalhousie Drive', '55.869750976562', '-3.118115901947');
INSERT INTO stop (busstop, service) VALUES ('64324387', '31');
INSERT INTO stop (busstop, service) VALUES ('64324387', '49');
INSERT INTO busstop (sms, name, x, y) VALUES ('64324384', 'Wyvis Park', '55.837116241455', '-3.2099530696869');
INSERT INTO stop (busstop, service) VALUES ('64324384', '37');
INSERT INTO stop (busstop, service) VALUES ('64324384', '47');
INSERT INTO busstop (sms, name, x, y) VALUES ('64324385', 'Yarrow Court', '55.837894439697', '-3.213171005249');
INSERT INTO stop (busstop, service) VALUES ('64324385', '37');
INSERT INTO stop (busstop, service) VALUES ('64324385', '47');
INSERT INTO busstop (sms, name, x, y) VALUES ('64324382', 'Windsor Road', '55.831981658936', '-3.2112309932709');
INSERT INTO stop (busstop, service) VALUES ('64324382', '37');
INSERT INTO stop (busstop, service) VALUES ('64324382', '47');
INSERT INTO busstop (sms, name, x, y) VALUES ('64324383', 'Windsor Drive', '55.835662841797', '-3.2116639614105');
INSERT INTO stop (busstop, service) VALUES ('64324383', '37');
INSERT INTO stop (busstop, service) VALUES ('64324383', '47');
INSERT INTO stop (busstop, service) VALUES ('64324383', 'N37');
INSERT INTO busstop (sms, name, x, y) VALUES ('64324389', 'Dalhousie Drive', '55.869583129883', '-3.1176159381866');
INSERT INTO stop (busstop, service) VALUES ('64324389', '31');
INSERT INTO stop (busstop, service) VALUES ('64324389', '49');
INSERT INTO busstop (sms, name, x, y) VALUES ('36232585', 'Abbeyhill', '55.953987121582', '-3.1736838817596');
INSERT INTO stop (busstop, service) VALUES ('36232585', '35');
INSERT INTO busstop (sms, name, x, y) VALUES ('36232584', 'Abbeymount', '55.955829620361', '-3.1718339920044');
INSERT INTO stop (busstop, service) VALUES ('36232584', '35');
INSERT INTO busstop (sms, name, x, y) VALUES ('36232587', 'Longstone Terrac', '55.925746917725', '-3.2693688869476');
INSERT INTO stop (busstop, service) VALUES ('36232587', '1');
INSERT INTO stop (busstop, service) VALUES ('36232587', '3');
INSERT INTO stop (busstop, service) VALUES ('36232587', '30');
INSERT INTO stop (busstop, service) VALUES ('36232587', '33');
INSERT INTO stop (busstop, service) VALUES ('36232587', '34');
INSERT INTO stop (busstop, service) VALUES ('36232587', '109');
INSERT INTO stop (busstop, service) VALUES ('36232587', 'N30');
INSERT INTO busstop (sms, name, x, y) VALUES ('36232586', 'Parkhead Drive', '55.925407409668', '-3.2675979137421');
INSERT INTO stop (busstop, service) VALUES ('36232586', '1');
INSERT INTO stop (busstop, service) VALUES ('36232586', '3');
INSERT INTO stop (busstop, service) VALUES ('36232586', '25');
INSERT INTO stop (busstop, service) VALUES ('36232586', '30');
INSERT INTO stop (busstop, service) VALUES ('36232586', '33');
INSERT INTO stop (busstop, service) VALUES ('36232586', '34');
INSERT INTO stop (busstop, service) VALUES ('36232586', '38');
INSERT INTO stop (busstop, service) VALUES ('36232586', '109');
INSERT INTO stop (busstop, service) VALUES ('36232586', 'N30');
INSERT INTO busstop (sms, name, x, y) VALUES ('36232583', 'Brunton Terrace', '55.95775604248', '-3.1730608940125');
INSERT INTO stop (busstop, service) VALUES ('36232583', '4');
INSERT INTO stop (busstop, service) VALUES ('36232583', '5');
INSERT INTO stop (busstop, service) VALUES ('36232583', '15');
INSERT INTO stop (busstop, service) VALUES ('36232583', '15A');
INSERT INTO stop (busstop, service) VALUES ('36232583', '19');
INSERT INTO stop (busstop, service) VALUES ('36232583', '26');
INSERT INTO stop (busstop, service) VALUES ('36232583', '34');
INSERT INTO stop (busstop, service) VALUES ('36232583', '44');
INSERT INTO stop (busstop, service) VALUES ('36232583', '45');
INSERT INTO stop (busstop, service) VALUES ('36232583', 'N26');
INSERT INTO stop (busstop, service) VALUES ('36232583', 'N44');
INSERT INTO busstop (sms, name, x, y) VALUES ('36232582', 'Wellington Stree', '55.957866668701', '-3.1765730381012');
INSERT INTO stop (busstop, service) VALUES ('36232582', '1');
INSERT INTO stop (busstop, service) VALUES ('36232582', '4');
INSERT INTO stop (busstop, service) VALUES ('36232582', '5');
INSERT INTO stop (busstop, service) VALUES ('36232582', '15');
INSERT INTO stop (busstop, service) VALUES ('36232582', '15A');
INSERT INTO stop (busstop, service) VALUES ('36232582', '19');
INSERT INTO stop (busstop, service) VALUES ('36232582', '26');
INSERT INTO stop (busstop, service) VALUES ('36232582', '34');
INSERT INTO stop (busstop, service) VALUES ('36232582', '44');
INSERT INTO stop (busstop, service) VALUES ('36232582', '45');
INSERT INTO stop (busstop, service) VALUES ('36232582', 'N26');
INSERT INTO stop (busstop, service) VALUES ('36232582', 'N44');
INSERT INTO busstop (sms, name, x, y) VALUES ('36232589', 'Longstone Road', '55.926902770996', '-3.2688949108124');
INSERT INTO stop (busstop, service) VALUES ('36232589', '1');
INSERT INTO stop (busstop, service) VALUES ('36232589', '3');
INSERT INTO stop (busstop, service) VALUES ('36232589', '3A');
INSERT INTO stop (busstop, service) VALUES ('36232589', '25');
INSERT INTO stop (busstop, service) VALUES ('36232589', '30');
INSERT INTO stop (busstop, service) VALUES ('36232589', '33');
INSERT INTO stop (busstop, service) VALUES ('36232589', '35');
INSERT INTO stop (busstop, service) VALUES ('36232589', 'N25');
INSERT INTO stop (busstop, service) VALUES ('36232589', 'N30');
INSERT INTO busstop (sms, name, x, y) VALUES ('58232456', 'Macbeth Moir', '55.942718505859', '-3.0246789455414');
INSERT INTO stop (busstop, service) VALUES ('58232456', '44');
INSERT INTO stop (busstop, service) VALUES ('58232456', '44A');
INSERT INTO busstop (sms, name, x, y) VALUES ('36232743', 'Ferry Road Drive', '55.967864990234', '-3.24187707901');
INSERT INTO stop (busstop, service) VALUES ('36232743', '21');
INSERT INTO stop (busstop, service) VALUES ('36232743', '27');
INSERT INTO stop (busstop, service) VALUES ('36232743', '29');
INSERT INTO stop (busstop, service) VALUES ('36232743', 'X29');
INSERT INTO stop (busstop, service) VALUES ('36232743', '37');
INSERT INTO stop (busstop, service) VALUES ('36232743', 'N37');
INSERT INTO busstop (sms, name, x, y) VALUES ('36232742', 'Telford Place', '55.966911315918', '-3.2378399372101');
INSERT INTO stop (busstop, service) VALUES ('36232742', '24');
INSERT INTO busstop (sms, name, x, y) VALUES ('36232747', 'Drylaw Police St', '55.96745300293', '-3.2473590373993');
INSERT INTO stop (busstop, service) VALUES ('36232747', '21');
INSERT INTO stop (busstop, service) VALUES ('36232747', '27');
INSERT INTO stop (busstop, service) VALUES ('36232747', '29');
INSERT INTO stop (busstop, service) VALUES ('36232747', 'X29');
INSERT INTO stop (busstop, service) VALUES ('36232747', '37');
INSERT INTO stop (busstop, service) VALUES ('36232747', 'N37');
INSERT INTO busstop (sms, name, x, y) VALUES ('36232746', 'Muirhouse Green', '55.966243743896', '-3.2557311058044');
INSERT INTO stop (busstop, service) VALUES ('36232746', '21');
INSERT INTO stop (busstop, service) VALUES ('36232746', '29');
INSERT INTO stop (busstop, service) VALUES ('36232746', 'X29');
INSERT INTO stop (busstop, service) VALUES ('36232746', '42');
INSERT INTO busstop (sms, name, x, y) VALUES ('36232745', 'Drylaw Police St', '55.967388153076', '-3.2465720176697');
INSERT INTO stop (busstop, service) VALUES ('36232745', '21');
INSERT INTO stop (busstop, service) VALUES ('36232745', '27');
INSERT INTO stop (busstop, service) VALUES ('36232745', '29');
INSERT INTO stop (busstop, service) VALUES ('36232745', 'X29');
INSERT INTO stop (busstop, service) VALUES ('36232745', '37');
INSERT INTO stop (busstop, service) VALUES ('36232745', 'N37');
INSERT INTO busstop (sms, name, x, y) VALUES ('58232787', 'Eskview Terrace', '55.935794830322', '-3.0623879432678');
INSERT INTO stop (busstop, service) VALUES ('58232787', '30');
INSERT INTO stop (busstop, service) VALUES ('58232787', 'N30');
INSERT INTO busstop (sms, name, x, y) VALUES ('58232786', 'Eskview Ter', '55.937412261963', '-3.062432050705');
INSERT INTO stop (busstop, service) VALUES ('58232786', '30');
INSERT INTO stop (busstop, service) VALUES ('58232786', 'N30');
INSERT INTO busstop (sms, name, x, y) VALUES ('36232749', 'Wester Drylaw', '55.966621398926', '-3.2529549598694');
INSERT INTO stop (busstop, service) VALUES ('36232749', '21');
INSERT INTO stop (busstop, service) VALUES ('36232749', '29');
INSERT INTO stop (busstop, service) VALUES ('36232749', 'X29');
INSERT INTO stop (busstop, service) VALUES ('36232749', '42');
INSERT INTO busstop (sms, name, x, y) VALUES ('36232748', 'Wester Drylaw', '55.966987609863', '-3.251396894455');
INSERT INTO stop (busstop, service) VALUES ('36232748', '21');
INSERT INTO stop (busstop, service) VALUES ('36232748', '29');
INSERT INTO stop (busstop, service) VALUES ('36232748', 'X29');
INSERT INTO stop (busstop, service) VALUES ('36232748', '42');
INSERT INTO stop (busstop, service) VALUES ('36232748', 'N37');
INSERT INTO busstop (sms, name, x, y) VALUES ('58232783', 'Health Centre', '55.942897796631', '-3.055762052536');
INSERT INTO stop (busstop, service) VALUES ('58232783', '26');
INSERT INTO stop (busstop, service) VALUES ('58232783', 'X26');
INSERT INTO stop (busstop, service) VALUES ('58232783', '30');
INSERT INTO stop (busstop, service) VALUES ('58232783', '44');
INSERT INTO stop (busstop, service) VALUES ('58232783', 'N26');
INSERT INTO stop (busstop, service) VALUES ('58232783', 'N30');
INSERT INTO stop (busstop, service) VALUES ('58232783', 'N44');
INSERT INTO busstop (sms, name, x, y) VALUES ('58232782', 'Hayweights', '55.943988800049', '-3.0584809780121');
INSERT INTO stop (busstop, service) VALUES ('58232782', '26');
INSERT INTO stop (busstop, service) VALUES ('58232782', 'X26');
INSERT INTO stop (busstop, service) VALUES ('58232782', '30');
INSERT INTO stop (busstop, service) VALUES ('58232782', '44');
INSERT INTO stop (busstop, service) VALUES ('58232782', 'N26');
INSERT INTO stop (busstop, service) VALUES ('58232782', 'N30');
INSERT INTO stop (busstop, service) VALUES ('58232782', 'N44');
INSERT INTO busstop (sms, name, x, y) VALUES ('64323475', 'Bridgend Court', '55.895534515381', '-3.0722579956055');
INSERT INTO stop (busstop, service) VALUES ('64323475', '49');
INSERT INTO busstop (sms, name, x, y) VALUES ('58232458', 'Macbeth Moir', '55.942428588867', '-3.021742105484');
INSERT INTO stop (busstop, service) VALUES ('58232458', '44');
INSERT INTO stop (busstop, service) VALUES ('58232458', '44A');
INSERT INTO busstop (sms, name, x, y) VALUES ('64323535', 'B6392', '55.897529602051', '-3.086786031723');
INSERT INTO stop (busstop, service) VALUES ('64323535', '49');
INSERT INTO busstop (sms, name, x, y) VALUES ('64323536', 'Melville Gate Ro', '55.897129058838', '-3.0861189365387');
INSERT INTO stop (busstop, service) VALUES ('64323536', '49');
INSERT INTO busstop (sms, name, x, y) VALUES ('36246945', 'HW Science Park', '55.912967681885', '-3.3233489990234');
INSERT INTO stop (busstop, service) VALUES ('36246945', '34');
INSERT INTO busstop (sms, name, x, y) VALUES ('36237429', 'Baberton Mains G', '55.908477783203', '-3.2841470241547');
INSERT INTO stop (busstop, service) VALUES ('36237429', '33');
INSERT INTO busstop (sms, name, x, y) VALUES ('36237428', 'Baberton Mains V', '55.909679412842', '-3.2826819419861');
INSERT INTO stop (busstop, service) VALUES ('36237428', '33');
INSERT INTO stop (busstop, service) VALUES ('36237428', 'N30');
INSERT INTO busstop (sms, name, x, y) VALUES ('36237425', 'Bank of Scotland', '55.896839141846', '-3.3064079284668');
INSERT INTO stop (busstop, service) VALUES ('36237425', '44');
INSERT INTO stop (busstop, service) VALUES ('36237425', '45');
INSERT INTO stop (busstop, service) VALUES ('36237425', 'N44');
INSERT INTO busstop (sms, name, x, y) VALUES ('36237424', 'Duke Place', '55.969944000244', '-3.1681270599365');
INSERT INTO stop (busstop, service) VALUES ('36237424', '21');
INSERT INTO busstop (sms, name, x, y) VALUES ('36237427', 'Baberton Mains G', '55.911521911621', '-3.2876389026642');
INSERT INTO stop (busstop, service) VALUES ('36237427', '33');
INSERT INTO stop (busstop, service) VALUES ('36237427', 'N30');
INSERT INTO busstop (sms, name, x, y) VALUES ('36237426', 'Westburn Gardens', '55.914474487305', '-3.2907450199127');
INSERT INTO stop (busstop, service) VALUES ('36237426', '33');
INSERT INTO busstop (sms, name, x, y) VALUES ('36245456', 'Elvanbank', '55.939247131348', '-3.2408170700073');
INSERT INTO stop (busstop, service) VALUES ('36245456', '22');
INSERT INTO stop (busstop, service) VALUES ('36245456', '30');
INSERT INTO stop (busstop, service) VALUES ('36245456', 'N22');
INSERT INTO stop (busstop, service) VALUES ('36245456', 'N30');
INSERT INTO busstop (sms, name, x, y) VALUES ('36239595', 'Napier Universit', '55.933498382568', '-3.2118508815765');
INSERT INTO stop (busstop, service) VALUES ('36239595', '45');
INSERT INTO busstop (sms, name, x, y) VALUES ('64323282', 'Hopefield Place', '55.870471954346', '-3.1128630638123');
INSERT INTO stop (busstop, service) VALUES ('64323282', '31');
INSERT INTO stop (busstop, service) VALUES ('64323282', '49');
INSERT INTO busstop (sms, name, x, y) VALUES ('64323283', 'Mayfield Place', '55.875949859619', '-3.1034300327301');
INSERT INTO stop (busstop, service) VALUES ('64323283', '49');
INSERT INTO busstop (sms, name, x, y) VALUES ('64323286', 'Mayshade Garden', '55.881629943848', '-3.0912809371948');
INSERT INTO stop (busstop, service) VALUES ('64323286', '49');
INSERT INTO busstop (sms, name, x, y) VALUES ('64323287', 'Moorfoot View', '55.872207641602', '-3.1098759174347');
INSERT INTO stop (busstop, service) VALUES ('64323287', '31');
INSERT INTO stop (busstop, service) VALUES ('64323287', '49');
INSERT INTO busstop (sms, name, x, y) VALUES ('64323284', 'Mayfield Place', '55.876403808594', '-3.1029629707336');
INSERT INTO stop (busstop, service) VALUES ('64323284', '49');
INSERT INTO busstop (sms, name, x, y) VALUES ('36235378', 'Spylaw Park', '55.908447265625', '-3.2706758975983');
INSERT INTO stop (busstop, service) VALUES ('36235378', '20');
INSERT INTO stop (busstop, service) VALUES ('36235378', '44');
INSERT INTO stop (busstop, service) VALUES ('36235378', '44A');
INSERT INTO stop (busstop, service) VALUES ('36235378', 'N44');
INSERT INTO busstop (sms, name, x, y) VALUES ('36235376', 'Hailes Gardens', '55.909915924072', '-3.2685639858246');
INSERT INTO stop (busstop, service) VALUES ('36235376', '20');
INSERT INTO stop (busstop, service) VALUES ('36235376', '44');
INSERT INTO stop (busstop, service) VALUES ('36235376', '44A');
INSERT INTO stop (busstop, service) VALUES ('36235376', 'N44');
INSERT INTO busstop (sms, name, x, y) VALUES ('36235375', 'Hailes Avenue', '55.911926269531', '-3.2651259899139');
INSERT INTO stop (busstop, service) VALUES ('36235375', '20');
INSERT INTO stop (busstop, service) VALUES ('36235375', '44');
INSERT INTO stop (busstop, service) VALUES ('36235375', '44A');
INSERT INTO stop (busstop, service) VALUES ('36235375', 'N44');
INSERT INTO busstop (sms, name, x, y) VALUES ('36235374', 'Hailes Avenue', '55.913108825684', '-3.2629570960999');
INSERT INTO stop (busstop, service) VALUES ('36235374', '20');
INSERT INTO stop (busstop, service) VALUES ('36235374', '44');
INSERT INTO stop (busstop, service) VALUES ('36235374', '44A');
INSERT INTO stop (busstop, service) VALUES ('36235374', 'N44');
INSERT INTO busstop (sms, name, x, y) VALUES ('36235373', 'Dovecot Park', '55.915031433105', '-3.2610509395599');
INSERT INTO stop (busstop, service) VALUES ('36235373', '44');
INSERT INTO stop (busstop, service) VALUES ('36235373', '44A');
INSERT INTO stop (busstop, service) VALUES ('36235373', 'N44');
INSERT INTO busstop (sms, name, x, y) VALUES ('36235372', 'Kingsknowe Park', '55.916366577148', '-3.2599580287933');
INSERT INTO stop (busstop, service) VALUES ('36235372', '44');
INSERT INTO stop (busstop, service) VALUES ('36235372', '44A');
INSERT INTO stop (busstop, service) VALUES ('36235372', 'N44');
INSERT INTO busstop (sms, name, x, y) VALUES ('36238693', 'Maidencraig Terr', '55.957092285156', '-3.2482430934906');
INSERT INTO stop (busstop, service) VALUES ('36238693', '41');
INSERT INTO stop (busstop, service) VALUES ('36238693', '42');
INSERT INTO busstop (sms, name, x, y) VALUES ('36232368', 'Drumsheugh Place', '55.951602935791', '-3.2119679450989');
INSERT INTO stop (busstop, service) VALUES ('36232368', '19');
INSERT INTO stop (busstop, service) VALUES ('36232368', '36');
INSERT INTO stop (busstop, service) VALUES ('36232368', '37');
INSERT INTO stop (busstop, service) VALUES ('36232368', '41');
INSERT INTO stop (busstop, service) VALUES ('36232368', '47');
INSERT INTO stop (busstop, service) VALUES ('36232368', 'X47');
INSERT INTO stop (busstop, service) VALUES ('36232368', 'N37');
INSERT INTO busstop (sms, name, x, y) VALUES ('36232365', 'Buckingham Terra', '55.954372406006', '-3.2154660224915');
INSERT INTO stop (busstop, service) VALUES ('36232365', '19');
INSERT INTO stop (busstop, service) VALUES ('36232365', '36');
INSERT INTO stop (busstop, service) VALUES ('36232365', '37');
INSERT INTO stop (busstop, service) VALUES ('36232365', '41');
INSERT INTO stop (busstop, service) VALUES ('36232365', '47');
INSERT INTO stop (busstop, service) VALUES ('36232365', 'X47');
INSERT INTO stop (busstop, service) VALUES ('36232365', 'N37');
INSERT INTO busstop (sms, name, x, y) VALUES ('36232364', 'Clarendon Cresce', '55.954544067383', '-3.2153589725494');
INSERT INTO stop (busstop, service) VALUES ('36232364', '19');
INSERT INTO stop (busstop, service) VALUES ('36232364', '36');
INSERT INTO stop (busstop, service) VALUES ('36232364', '37');
INSERT INTO stop (busstop, service) VALUES ('36232364', '41');
INSERT INTO stop (busstop, service) VALUES ('36232364', '47');
INSERT INTO stop (busstop, service) VALUES ('36232364', 'X47');
INSERT INTO stop (busstop, service) VALUES ('36232364', 'N37');
INSERT INTO busstop (sms, name, x, y) VALUES ('36232367', 'Drumsheugh Place', '55.951686859131', '-3.2116339206696');
INSERT INTO stop (busstop, service) VALUES ('36232367', '19');
INSERT INTO stop (busstop, service) VALUES ('36232367', '36');
INSERT INTO stop (busstop, service) VALUES ('36232367', '37');
INSERT INTO stop (busstop, service) VALUES ('36232367', '41');
INSERT INTO stop (busstop, service) VALUES ('36232367', '47');
INSERT INTO stop (busstop, service) VALUES ('36232367', 'X47');
INSERT INTO stop (busstop, service) VALUES ('36232367', 'N37');
INSERT INTO busstop (sms, name, x, y) VALUES ('36232363', 'Comely Bank Aven', '55.956092834473', '-3.2159841060638');
INSERT INTO stop (busstop, service) VALUES ('36232363', '36');
INSERT INTO busstop (sms, name, x, y) VALUES ('64324743', 'Roslin Surgery', '55.857269287109', '-3.1788830757141');
INSERT INTO stop (busstop, service) VALUES ('64324743', '15');
INSERT INTO busstop (sms, name, x, y) VALUES ('36243824', 'Royal Infirmary', '55.921321868896', '-3.1366589069366');
INSERT INTO stop (busstop, service) VALUES ('36243824', '24');
INSERT INTO stop (busstop, service) VALUES ('36243824', '38');
INSERT INTO busstop (sms, name, x, y) VALUES ('36232569', 'Churchhill', '55.931694030762', '-3.2099220752716');
INSERT INTO stop (busstop, service) VALUES ('36232569', '5');
INSERT INTO stop (busstop, service) VALUES ('36232569', '11');
INSERT INTO stop (busstop, service) VALUES ('36232569', '15');
INSERT INTO stop (busstop, service) VALUES ('36232569', '15A');
INSERT INTO stop (busstop, service) VALUES ('36232569', '16');
INSERT INTO stop (busstop, service) VALUES ('36232569', '23');
INSERT INTO stop (busstop, service) VALUES ('36232569', 'N16');
INSERT INTO busstop (sms, name, x, y) VALUES ('36232568', 'Holy Corner', '55.935043334961', '-3.2100579738617');
INSERT INTO stop (busstop, service) VALUES ('36232568', '11');
INSERT INTO stop (busstop, service) VALUES ('36232568', '15');
INSERT INTO stop (busstop, service) VALUES ('36232568', '15A');
INSERT INTO stop (busstop, service) VALUES ('36232568', '16');
INSERT INTO stop (busstop, service) VALUES ('36232568', '23');
INSERT INTO stop (busstop, service) VALUES ('36232568', '45');
INSERT INTO stop (busstop, service) VALUES ('36232568', 'N16');
INSERT INTO busstop (sms, name, x, y) VALUES ('64323848', 'Blackcot', '55.870712280273', '-3.0477609634399');
INSERT INTO stop (busstop, service) VALUES ('64323848', '3');
INSERT INTO stop (busstop, service) VALUES ('64323848', '3A');
INSERT INTO stop (busstop, service) VALUES ('64323848', '29');
INSERT INTO stop (busstop, service) VALUES ('64323848', 'N3');
INSERT INTO busstop (sms, name, x, y) VALUES ('64323849', 'Blackcot Avenue', '55.868427276611', '-3.049201965332');
INSERT INTO stop (busstop, service) VALUES ('64323849', '3');
INSERT INTO stop (busstop, service) VALUES ('64323849', '3A');
INSERT INTO stop (busstop, service) VALUES ('64323849', '29');
INSERT INTO stop (busstop, service) VALUES ('64323849', 'N3');
INSERT INTO busstop (sms, name, x, y) VALUES ('36232563', 'Tollcross', '55.942932128906', '-3.203547000885');
INSERT INTO stop (busstop, service) VALUES ('36232563', '10');
INSERT INTO stop (busstop, service) VALUES ('36232563', '27');
INSERT INTO stop (busstop, service) VALUES ('36232563', '45');
INSERT INTO busstop (sms, name, x, y) VALUES ('64323845', 'Snowsport Centre', '55.890163421631', '-3.20130610466');
INSERT INTO stop (busstop, service) VALUES ('64323845', '4');
INSERT INTO busstop (sms, name, x, y) VALUES ('64323846', 'Golf Club for Sn', '55.892288208008', '-3.2011160850525');
INSERT INTO stop (busstop, service) VALUES ('64323846', '4');
INSERT INTO stop (busstop, service) VALUES ('64323846', '15');
INSERT INTO stop (busstop, service) VALUES ('64323846', '15A');
INSERT INTO busstop (sms, name, x, y) VALUES ('64323847', 'Blackcot', '55.871047973633', '-3.0473549365997');
INSERT INTO stop (busstop, service) VALUES ('64323847', '3');
INSERT INTO stop (busstop, service) VALUES ('64323847', '3A');
INSERT INTO stop (busstop, service) VALUES ('64323847', '29');
INSERT INTO stop (busstop, service) VALUES ('64323847', 'N3');
INSERT INTO busstop (sms, name, x, y) VALUES ('36232567', 'Whitehouse Loan', '55.938949584961', '-3.2047851085663');
INSERT INTO stop (busstop, service) VALUES ('36232567', '11');
INSERT INTO stop (busstop, service) VALUES ('36232567', '15');
INSERT INTO stop (busstop, service) VALUES ('36232567', '15A');
INSERT INTO stop (busstop, service) VALUES ('36232567', '16');
INSERT INTO stop (busstop, service) VALUES ('36232567', '23');
INSERT INTO stop (busstop, service) VALUES ('36232567', '45');
INSERT INTO stop (busstop, service) VALUES ('36232567', 'N16');
INSERT INTO busstop (sms, name, x, y) VALUES ('36232565', 'Leven Street', '55.94136428833', '-3.2034029960632');
INSERT INTO stop (busstop, service) VALUES ('36232565', '11');
INSERT INTO stop (busstop, service) VALUES ('36232565', '15');
INSERT INTO stop (busstop, service) VALUES ('36232565', '15A');
INSERT INTO stop (busstop, service) VALUES ('36232565', '16');
INSERT INTO stop (busstop, service) VALUES ('36232565', '23');
INSERT INTO stop (busstop, service) VALUES ('36232565', '45');
INSERT INTO stop (busstop, service) VALUES ('36232565', 'N16');
INSERT INTO busstop (sms, name, x, y) VALUES ('64323843', 'Lothianburn Golf', '55.892803192139', '-3.2015950679779');
INSERT INTO stop (busstop, service) VALUES ('64323843', '4');
INSERT INTO stop (busstop, service) VALUES ('64323843', '15');
INSERT INTO stop (busstop, service) VALUES ('64323843', '15A');
INSERT INTO busstop (sms, name, x, y) VALUES ('36232468', 'Barnton Grove', '55.961544036865', '-3.3060240745544');
INSERT INTO stop (busstop, service) VALUES ('36232468', '41');
INSERT INTO busstop (sms, name, x, y) VALUES ('36248678', 'Wester Hailes Pa', '55.914081573486', '-3.2768280506134');
INSERT INTO stop (busstop, service) VALUES ('36248678', '3');
INSERT INTO stop (busstop, service) VALUES ('36248678', '3A');
INSERT INTO stop (busstop, service) VALUES ('36248678', '18');
INSERT INTO stop (busstop, service) VALUES ('36248678', '20');
INSERT INTO stop (busstop, service) VALUES ('36248678', '21');
INSERT INTO stop (busstop, service) VALUES ('36248678', '32');
INSERT INTO stop (busstop, service) VALUES ('36248678', 'N30');
INSERT INTO busstop (sms, name, x, y) VALUES ('36232967', 'Bernard Street', '55.975479125977', '-3.167268037796');
INSERT INTO stop (busstop, service) VALUES ('36232967', '16');
INSERT INTO stop (busstop, service) VALUES ('36232967', '35');
INSERT INTO busstop (sms, name, x, y) VALUES ('36232969', 'Sandport Street', '55.976543426514', '-3.1706650257111');
INSERT INTO stop (busstop, service) VALUES ('36232969', '16');
INSERT INTO stop (busstop, service) VALUES ('36232969', '22');
INSERT INTO stop (busstop, service) VALUES ('36232969', '35');
INSERT INTO stop (busstop, service) VALUES ('36232969', '36');
INSERT INTO stop (busstop, service) VALUES ('36232969', 'N22');
INSERT INTO busstop (sms, name, x, y) VALUES ('36232968', 'Bernard Street', '55.975940704346', '-3.1677470207214');
INSERT INTO stop (busstop, service) VALUES ('36232968', '16');
INSERT INTO stop (busstop, service) VALUES ('36232968', '35');
INSERT INTO busstop (sms, name, x, y) VALUES ('36236248', 'Spylaw Road', '55.930618286133', '-3.2249829769135');
INSERT INTO stop (busstop, service) VALUES ('36236248', '38');
INSERT INTO busstop (sms, name, x, y) VALUES ('36236249', 'Ashley Terrace', '55.932605743408', '-3.2285189628601');
INSERT INTO stop (busstop, service) VALUES ('36236249', '38');
INSERT INTO busstop (sms, name, x, y) VALUES ('36236242', 'Myreside Court', '55.925682067871', '-3.2242670059204');
INSERT INTO stop (busstop, service) VALUES ('36236242', '38');
INSERT INTO busstop (sms, name, x, y) VALUES ('36236243', 'Myreside Court', '55.925888061523', '-3.2243371009827');
INSERT INTO stop (busstop, service) VALUES ('36236243', '38');
INSERT INTO busstop (sms, name, x, y) VALUES ('36236246', 'Watsons Playing', '55.927982330322', '-3.2237470149994');
INSERT INTO stop (busstop, service) VALUES ('36236246', '38');
INSERT INTO busstop (sms, name, x, y) VALUES ('36236247', 'Spylaw Road', '55.930492401123', '-3.2249939441681');
INSERT INTO stop (busstop, service) VALUES ('36236247', '38');
INSERT INTO busstop (sms, name, x, y) VALUES ('36236245', 'George Watsons F', '55.928554534912', '-3.223925113678');
INSERT INTO stop (busstop, service) VALUES ('36236245', '38');
INSERT INTO busstop (sms, name, x, y) VALUES ('58232857', 'Newhailes Road', '55.940853118896', '-3.0719239711761');
INSERT INTO stop (busstop, service) VALUES ('58232857', '45');
INSERT INTO busstop (sms, name, x, y) VALUES ('36234957', 'Malleny Gardens', '55.88565826416', '-3.339350938797');
INSERT INTO stop (busstop, service) VALUES ('36234957', '44');
INSERT INTO busstop (sms, name, x, y) VALUES ('36243526', 'Fountainpark', '55.941505432129', '-3.2188899517059');
INSERT INTO stop (busstop, service) VALUES ('36243526', '22');
INSERT INTO stop (busstop, service) VALUES ('36243526', 'X25');
INSERT INTO stop (busstop, service) VALUES ('36243526', '30');
INSERT INTO stop (busstop, service) VALUES ('36243526', 'N22');
INSERT INTO stop (busstop, service) VALUES ('36243526', 'N30');
INSERT INTO busstop (sms, name, x, y) VALUES ('36243574', 'Bonaly Shops', '55.901416778564', '-3.2586579322815');
INSERT INTO stop (busstop, service) VALUES ('36243574', '10');
INSERT INTO busstop (sms, name, x, y) VALUES ('36238398', 'Arboretum Road', '55.970436096191', '-3.2167229652405');
INSERT INTO stop (busstop, service) VALUES ('36238398', '21');
INSERT INTO stop (busstop, service) VALUES ('36238398', '27');
INSERT INTO busstop (sms, name, x, y) VALUES ('36236264', 'Woodburn Terrace', '55.924873352051', '-3.2035000324249');
INSERT INTO stop (busstop, service) VALUES ('36236264', '38');
INSERT INTO stop (busstop, service) VALUES ('36236264', '41');
INSERT INTO busstop (sms, name, x, y) VALUES ('36238393', 'Boswall Drive', '55.970291137695', '-3.2196021080017');
INSERT INTO stop (busstop, service) VALUES ('36238393', '21');
INSERT INTO stop (busstop, service) VALUES ('36238393', '27');
INSERT INTO busstop (sms, name, x, y) VALUES ('36238396', 'Pilton Drive', '55.969295501709', '-3.2293930053711');
INSERT INTO stop (busstop, service) VALUES ('36238396', '21');
INSERT INTO stop (busstop, service) VALUES ('36238396', '27');
INSERT INTO busstop (sms, name, x, y) VALUES ('36238397', 'East Fettes Aven', '55.969657897949', '-3.2244210243225');
INSERT INTO stop (busstop, service) VALUES ('36238397', '21');
INSERT INTO stop (busstop, service) VALUES ('36238397', '27');
INSERT INTO busstop (sms, name, x, y) VALUES ('36238394', 'Crewe Toll', '55.968574523926', '-3.2348968982697');
INSERT INTO stop (busstop, service) VALUES ('36238394', '21');
INSERT INTO stop (busstop, service) VALUES ('36238394', '27');
INSERT INTO busstop (sms, name, x, y) VALUES ('36238395', 'East Fettes Aven', '55.96985244751', '-3.2239310741425');
INSERT INTO stop (busstop, service) VALUES ('36238395', '21');
INSERT INTO stop (busstop, service) VALUES ('36238395', '27');
INSERT INTO busstop (sms, name, x, y) VALUES ('64323268', 'Castle Dean', '55.869129180908', '-3.0925130844116');
INSERT INTO stop (busstop, service) VALUES ('64323268', '31');
INSERT INTO stop (busstop, service) VALUES ('64323268', 'X31');
INSERT INTO stop (busstop, service) VALUES ('64323268', 'N31');
INSERT INTO busstop (sms, name, x, y) VALUES ('64323269', 'Castle Dene', '55.869167327881', '-3.0922739505768');
INSERT INTO stop (busstop, service) VALUES ('64323269', '31');
INSERT INTO stop (busstop, service) VALUES ('64323269', 'X31');
INSERT INTO stop (busstop, service) VALUES ('64323269', 'N31');
INSERT INTO busstop (sms, name, x, y) VALUES ('36235464', 'Wardieburn Drive', '55.976043701172', '-3.2239980697632');
INSERT INTO stop (busstop, service) VALUES ('36235464', '8');
INSERT INTO stop (busstop, service) VALUES ('36235464', '14');
INSERT INTO stop (busstop, service) VALUES ('36235464', '19');
INSERT INTO stop (busstop, service) VALUES ('36235464', 'N8');
INSERT INTO busstop (sms, name, x, y) VALUES ('64323264', 'Bonnyrigg Toll', '55.874588012695', '-3.1049890518188');
INSERT INTO stop (busstop, service) VALUES ('64323264', '31');
INSERT INTO stop (busstop, service) VALUES ('64323264', 'X31');
INSERT INTO stop (busstop, service) VALUES ('64323264', 'N31');
INSERT INTO busstop (sms, name, x, y) VALUES ('64323265', 'Broomieknowe', '55.881004333496', '-3.1107668876648');
INSERT INTO stop (busstop, service) VALUES ('64323265', '31');
INSERT INTO stop (busstop, service) VALUES ('64323265', 'X31');
INSERT INTO stop (busstop, service) VALUES ('64323265', 'N31');
INSERT INTO busstop (sms, name, x, y) VALUES ('64323267', 'Broomieknowe', '55.880115509033', '-3.1097819805145');
INSERT INTO stop (busstop, service) VALUES ('64323267', '31');
INSERT INTO stop (busstop, service) VALUES ('64323267', 'X31');
INSERT INTO stop (busstop, service) VALUES ('64323267', 'N31');
INSERT INTO busstop (sms, name, x, y) VALUES ('36236482', 'St Giles Marchmo', '55.934368133545', '-3.1937410831451');
INSERT INTO stop (busstop, service) VALUES ('36236482', '41');
INSERT INTO busstop (sms, name, x, y) VALUES ('36236483', 'Monkwood Court', '55.932460784912', '-3.1928660869598');
INSERT INTO stop (busstop, service) VALUES ('36236483', '41');
INSERT INTO busstop (sms, name, x, y) VALUES ('36236484', 'Grange Loan Gard', '55.930541992188', '-3.1923429965973');
INSERT INTO stop (busstop, service) VALUES ('36236484', '41');
INSERT INTO busstop (sms, name, x, y) VALUES ('36236485', 'Port Hamilton', '55.943439483643', '-3.2080459594727');
INSERT INTO stop (busstop, service) VALUES ('36236485', '1');
INSERT INTO stop (busstop, service) VALUES ('36236485', '34');
INSERT INTO stop (busstop, service) VALUES ('36236485', '35');
INSERT INTO busstop (sms, name, x, y) VALUES ('36236486', 'Gilmore Park', '55.94242477417', '-3.212434053421');
INSERT INTO stop (busstop, service) VALUES ('36236486', '1');
INSERT INTO stop (busstop, service) VALUES ('36236486', '34');
INSERT INTO stop (busstop, service) VALUES ('36236486', '35');
INSERT INTO busstop (sms, name, x, y) VALUES ('36236487', 'Grove Street', '55.943035125732', '-3.2105960845947');
INSERT INTO stop (busstop, service) VALUES ('36236487', '1');
INSERT INTO stop (busstop, service) VALUES ('36236487', '34');
INSERT INTO stop (busstop, service) VALUES ('36236487', '35');
INSERT INTO busstop (sms, name, x, y) VALUES ('36236489', 'Fountainpark', '55.941242218018', '-3.215854883194');
INSERT INTO stop (busstop, service) VALUES ('36236489', '1');
INSERT INTO stop (busstop, service) VALUES ('36236489', '34');
INSERT INTO stop (busstop, service) VALUES ('36236489', '35');
INSERT INTO busstop (sms, name, x, y) VALUES ('36247929', 'Gilmerton Dykes', '55.898170471191', '-3.1418840885162');
INSERT INTO stop (busstop, service) VALUES ('36247929', '31');
INSERT INTO stop (busstop, service) VALUES ('36247929', 'X31');
INSERT INTO stop (busstop, service) VALUES ('36247929', 'N31');
INSERT INTO busstop (sms, name, x, y) VALUES ('36234648', 'Piershill Cemete', '55.954616546631', '-3.1401169300079');
INSERT INTO stop (busstop, service) VALUES ('36234648', '4');
INSERT INTO stop (busstop, service) VALUES ('36234648', '5');
INSERT INTO stop (busstop, service) VALUES ('36234648', '69');
INSERT INTO busstop (sms, name, x, y) VALUES ('36243975', 'Broohouse Garden', '55.930927276611', '-3.2812399864197');
INSERT INTO stop (busstop, service) VALUES ('36243975', '2');
INSERT INTO stop (busstop, service) VALUES ('36243975', '22');
INSERT INTO stop (busstop, service) VALUES ('36243975', 'N22');
INSERT INTO busstop (sms, name, x, y) VALUES ('64324342', 'Kirkhill Gardens', '55.828983306885', '-3.2146499156952');
INSERT INTO stop (busstop, service) VALUES ('64324342', '37');
INSERT INTO stop (busstop, service) VALUES ('64324342', '47');
INSERT INTO stop (busstop, service) VALUES ('64324342', 'N37');
INSERT INTO busstop (sms, name, x, y) VALUES ('36243529', 'W Hailes Cinema', '55.914527893066', '-3.2865550518036');
INSERT INTO stop (busstop, service) VALUES ('36243529', '30');
INSERT INTO busstop (sms, name, x, y) VALUES ('64324343', 'Laverlock Drive', '55.836326599121', '-3.2351570129395');
INSERT INTO stop (busstop, service) VALUES ('64324343', '37');
INSERT INTO stop (busstop, service) VALUES ('64324343', 'X47');
INSERT INTO stop (busstop, service) VALUES ('64324343', 'N37');
INSERT INTO busstop (sms, name, x, y) VALUES ('36234734', 'Northfield Terra', '55.950744628906', '-3.1410760879517');
INSERT INTO stop (busstop, service) VALUES ('36234734', '44');
INSERT INTO stop (busstop, service) VALUES ('36234734', '44A');
INSERT INTO stop (busstop, service) VALUES ('36234734', '45');
INSERT INTO stop (busstop, service) VALUES ('36234734', 'N44');
INSERT INTO busstop (sms, name, x, y) VALUES ('36234735', 'Willowbrae Garde', '55.952953338623', '-3.1458339691162');
INSERT INTO stop (busstop, service) VALUES ('36234735', '44');
INSERT INTO stop (busstop, service) VALUES ('36234735', '44A');
INSERT INTO stop (busstop, service) VALUES ('36234735', '45');
INSERT INTO stop (busstop, service) VALUES ('36234735', 'N44');
INSERT INTO busstop (sms, name, x, y) VALUES ('36234736', 'Abercorn Road', '55.953712463379', '-3.1473779678345');
INSERT INTO stop (busstop, service) VALUES ('36234736', '44');
INSERT INTO stop (busstop, service) VALUES ('36234736', '44A');
INSERT INTO stop (busstop, service) VALUES ('36234736', '45');
INSERT INTO stop (busstop, service) VALUES ('36234736', 'N44');
INSERT INTO busstop (sms, name, x, y) VALUES ('36234737', 'St Margarets Hou', '55.955123901367', '-3.1524000167847');
INSERT INTO stop (busstop, service) VALUES ('36234737', '4');
INSERT INTO stop (busstop, service) VALUES ('36234737', '5');
INSERT INTO stop (busstop, service) VALUES ('36234737', '15');
INSERT INTO stop (busstop, service) VALUES ('36234737', '15A');
INSERT INTO stop (busstop, service) VALUES ('36234737', '26');
INSERT INTO stop (busstop, service) VALUES ('36234737', 'X26');
INSERT INTO stop (busstop, service) VALUES ('36234737', '44');
INSERT INTO stop (busstop, service) VALUES ('36234737', '44A');
INSERT INTO stop (busstop, service) VALUES ('36234737', '45');
INSERT INTO stop (busstop, service) VALUES ('36234737', 'N26');
INSERT INTO stop (busstop, service) VALUES ('36234737', 'N44');
INSERT INTO busstop (sms, name, x, y) VALUES ('36234732', 'Northfield Terra', '55.949630737305', '-3.1399230957031');
INSERT INTO stop (busstop, service) VALUES ('36234732', '44');
INSERT INTO stop (busstop, service) VALUES ('36234732', '44A');
INSERT INTO stop (busstop, service) VALUES ('36234732', '45');
INSERT INTO stop (busstop, service) VALUES ('36234732', 'N44');
INSERT INTO busstop (sms, name, x, y) VALUES ('58232523', 'Preston Road', '55.956806182861', '-2.9714109897614');
INSERT INTO stop (busstop, service) VALUES ('58232523', '26');
INSERT INTO stop (busstop, service) VALUES ('58232523', 'N26');
INSERT INTO busstop (sms, name, x, y) VALUES ('36234738', 'Meadowbank', '55.955631256104', '-3.1566119194031');
INSERT INTO stop (busstop, service) VALUES ('36234738', '4');
INSERT INTO stop (busstop, service) VALUES ('36234738', '5');
INSERT INTO stop (busstop, service) VALUES ('36234738', '15');
INSERT INTO stop (busstop, service) VALUES ('36234738', '15A');
INSERT INTO stop (busstop, service) VALUES ('36234738', '26');
INSERT INTO stop (busstop, service) VALUES ('36234738', '44');
INSERT INTO stop (busstop, service) VALUES ('36234738', '44A');
INSERT INTO stop (busstop, service) VALUES ('36234738', '45');
INSERT INTO stop (busstop, service) VALUES ('36234738', 'N26');
INSERT INTO stop (busstop, service) VALUES ('36234738', 'N44');
INSERT INTO busstop (sms, name, x, y) VALUES ('36234739', 'Marionville Road', '55.95630645752', '-3.1612451076508');
INSERT INTO stop (busstop, service) VALUES ('36234739', '4');
INSERT INTO stop (busstop, service) VALUES ('36234739', '5');
INSERT INTO stop (busstop, service) VALUES ('36234739', '15');
INSERT INTO stop (busstop, service) VALUES ('36234739', '15A');
INSERT INTO stop (busstop, service) VALUES ('36234739', '26');
INSERT INTO stop (busstop, service) VALUES ('36234739', '44');
INSERT INTO stop (busstop, service) VALUES ('36234739', '44A');
INSERT INTO stop (busstop, service) VALUES ('36234739', '45');
INSERT INTO stop (busstop, service) VALUES ('36234739', 'N26');
INSERT INTO stop (busstop, service) VALUES ('36234739', 'N44');
INSERT INTO busstop (sms, name, x, y) VALUES ('36247329', 'Harvesters Way (', '55.911037445068', '-3.2798960208893');
INSERT INTO stop (busstop, service) VALUES ('36247329', '30');
INSERT INTO busstop (sms, name, x, y) VALUES ('58234869', 'Wallyford P&C', '55.941944122314', '-3.0129070281982');
INSERT INTO stop (busstop, service) VALUES ('58234869', '44');
INSERT INTO stop (busstop, service) VALUES ('58234869', '44A');
INSERT INTO busstop (sms, name, x, y) VALUES ('36247324', 'Clovenstone Driv', '55.913234710693', '-3.2752799987793');
INSERT INTO stop (busstop, service) VALUES ('36247324', '3');
INSERT INTO stop (busstop, service) VALUES ('36247324', '3A');
INSERT INTO stop (busstop, service) VALUES ('36247324', '30');
INSERT INTO stop (busstop, service) VALUES ('36247324', 'N30');
INSERT INTO busstop (sms, name, x, y) VALUES ('36248587', 'Chesser Grove', '55.930286407471', '-3.2517499923706');
INSERT INTO stop (busstop, service) VALUES ('36248587', '35');
INSERT INTO busstop (sms, name, x, y) VALUES ('36243979', 'Fort Kinnaird', '55.934623718262', '-3.1034960746765');
INSERT INTO stop (busstop, service) VALUES ('36243979', '30');
INSERT INTO stop (busstop, service) VALUES ('36243979', 'N30');
INSERT INTO busstop (sms, name, x, y) VALUES ('36234646', 'Fishwives Causew', '55.956329345703', '-3.134850025177');
INSERT INTO stop (busstop, service) VALUES ('36234646', '15');
INSERT INTO stop (busstop, service) VALUES ('36234646', '15A');
INSERT INTO stop (busstop, service) VALUES ('36234646', '21');
INSERT INTO stop (busstop, service) VALUES ('36234646', '26');
INSERT INTO stop (busstop, service) VALUES ('36234646', '69');
INSERT INTO stop (busstop, service) VALUES ('36234646', 'N26');
INSERT INTO busstop (sms, name, x, y) VALUES ('36234647', 'Craigentinny Ave', '55.955898284912', '-3.1387128829956');
INSERT INTO stop (busstop, service) VALUES ('36234647', '15');
INSERT INTO stop (busstop, service) VALUES ('36234647', '15A');
INSERT INTO stop (busstop, service) VALUES ('36234647', '26');
INSERT INTO stop (busstop, service) VALUES ('36234647', '69');
INSERT INTO stop (busstop, service) VALUES ('36234647', 'N26');
INSERT INTO busstop (sms, name, x, y) VALUES ('36235746', 'St Columbas Hosp', '55.980464935303', '-3.2109150886536');
INSERT INTO stop (busstop, service) VALUES ('36235746', '16');
INSERT INTO busstop (sms, name, x, y) VALUES ('36234649', 'Northfield', '55.95295715332', '-3.1379220485687');
INSERT INTO stop (busstop, service) VALUES ('36234649', '4');
INSERT INTO stop (busstop, service) VALUES ('36234649', '5');
INSERT INTO stop (busstop, service) VALUES ('36234649', '69');
INSERT INTO busstop (sms, name, x, y) VALUES ('36235745', 'Victoria Square', '55.980171203613', '-3.2088229656219');
INSERT INTO stop (busstop, service) VALUES ('36235745', '16');
INSERT INTO busstop (sms, name, x, y) VALUES ('36235742', 'Trinity Crescent', '55.979911804199', '-3.2042310237885');
INSERT INTO stop (busstop, service) VALUES ('36235742', '16');
INSERT INTO busstop (sms, name, x, y) VALUES ('36235743', 'York Road', '55.980026245117', '-3.2036409378052');
INSERT INTO stop (busstop, service) VALUES ('36235743', '16');
INSERT INTO busstop (sms, name, x, y) VALUES ('36234642', 'Moira Terrace', '55.957244873047', '-3.1257629394531');
INSERT INTO stop (busstop, service) VALUES ('36234642', '15');
INSERT INTO stop (busstop, service) VALUES ('36234642', '15A');
INSERT INTO stop (busstop, service) VALUES ('36234642', '21');
INSERT INTO stop (busstop, service) VALUES ('36234642', '26');
INSERT INTO stop (busstop, service) VALUES ('36234642', '69');
INSERT INTO stop (busstop, service) VALUES ('36234642', 'N26');
INSERT INTO busstop (sms, name, x, y) VALUES ('36234643', 'Inchview Terrace', '55.957057952881', '-3.1277120113373');
INSERT INTO stop (busstop, service) VALUES ('36234643', '15');
INSERT INTO stop (busstop, service) VALUES ('36234643', '15A');
INSERT INTO stop (busstop, service) VALUES ('36234643', '21');
INSERT INTO stop (busstop, service) VALUES ('36234643', '26');
INSERT INTO stop (busstop, service) VALUES ('36234643', '69');
INSERT INTO stop (busstop, service) VALUES ('36234643', 'N26');
INSERT INTO busstop (sms, name, x, y) VALUES ('36234645', 'Moira Terrace', '55.956600189209', '-3.1314780712128');
INSERT INTO stop (busstop, service) VALUES ('36234645', '15');
INSERT INTO stop (busstop, service) VALUES ('36234645', '15A');
INSERT INTO stop (busstop, service) VALUES ('36234645', '21');
INSERT INTO stop (busstop, service) VALUES ('36234645', '26');
INSERT INTO stop (busstop, service) VALUES ('36234645', '69');
INSERT INTO stop (busstop, service) VALUES ('36234645', 'N26');
INSERT INTO busstop (sms, name, x, y) VALUES ('36235748', 'Wardie Steps', '55.980319976807', '-3.2158310413361');
INSERT INTO stop (busstop, service) VALUES ('36235748', '16');
INSERT INTO busstop (sms, name, x, y) VALUES ('36235749', 'Wardie Steps', '55.980155944824', '-3.2161619663239');
INSERT INTO stop (busstop, service) VALUES ('36235749', '16');
INSERT INTO busstop (sms, name, x, y) VALUES ('36236767', 'Old Assembly Clo', '55.951114654541', '-3.1817169189453');
INSERT INTO stop (busstop, service) VALUES ('36236767', '35');
INSERT INTO busstop (sms, name, x, y) VALUES ('36242979', 'Western General', '55.963264465332', '-3.2340068817139');
INSERT INTO stop (busstop, service) VALUES ('36242979', '38');
INSERT INTO busstop (sms, name, x, y) VALUES ('36234345', 'Portobello Cemet', '55.945865631104', '-3.0903489589691');
INSERT INTO stop (busstop, service) VALUES ('36234345', '44');
INSERT INTO stop (busstop, service) VALUES ('36234345', '45');
INSERT INTO stop (busstop, service) VALUES ('36234345', 'N44');
INSERT INTO busstop (sms, name, x, y) VALUES ('36234347', 'Christian Cresce', '55.944179534912', '-3.1059288978577');
INSERT INTO stop (busstop, service) VALUES ('36234347', '5');
INSERT INTO stop (busstop, service) VALUES ('36234347', '44');
INSERT INTO stop (busstop, service) VALUES ('36234347', '44A');
INSERT INTO stop (busstop, service) VALUES ('36234347', '45');
INSERT INTO stop (busstop, service) VALUES ('36234347', '69');
INSERT INTO stop (busstop, service) VALUES ('36234347', 'N44');
INSERT INTO busstop (sms, name, x, y) VALUES ('36234346', 'Wolfson Road', '55.945343017578', '-3.0933771133423');
INSERT INTO stop (busstop, service) VALUES ('36234346', '44');
INSERT INTO stop (busstop, service) VALUES ('36234346', '45');
INSERT INTO stop (busstop, service) VALUES ('36234346', 'N44');
INSERT INTO busstop (sms, name, x, y) VALUES ('36234343', 'Milton Terrace', '55.946479797363', '-3.0868918895721');
INSERT INTO stop (busstop, service) VALUES ('36234343', '44');
INSERT INTO stop (busstop, service) VALUES ('36234343', '45');
INSERT INTO stop (busstop, service) VALUES ('36234343', 'N44');
INSERT INTO busstop (sms, name, x, y) VALUES ('36234342', 'Eastfield Garden', '55.946800231934', '-3.0840339660645');
INSERT INTO stop (busstop, service) VALUES ('36234342', '44');
INSERT INTO stop (busstop, service) VALUES ('36234342', '45');
INSERT INTO stop (busstop, service) VALUES ('36234342', 'N44');
INSERT INTO busstop (sms, name, x, y) VALUES ('36234349', 'Duddingston Cres', '55.944160461426', '-3.1122529506683');
INSERT INTO stop (busstop, service) VALUES ('36234349', '5');
INSERT INTO stop (busstop, service) VALUES ('36234349', '44');
INSERT INTO stop (busstop, service) VALUES ('36234349', '45');
INSERT INTO stop (busstop, service) VALUES ('36234349', '69');
INSERT INTO stop (busstop, service) VALUES ('36234349', 'N44');
INSERT INTO busstop (sms, name, x, y) VALUES ('36234348', 'Christian Cresce', '55.944332122803', '-3.105966091156');
INSERT INTO stop (busstop, service) VALUES ('36234348', '5');
INSERT INTO stop (busstop, service) VALUES ('36234348', '44');
INSERT INTO stop (busstop, service) VALUES ('36234348', '45');
INSERT INTO stop (busstop, service) VALUES ('36234348', '69');
INSERT INTO stop (busstop, service) VALUES ('36234348', 'N44');
INSERT INTO busstop (sms, name, x, y) VALUES ('58234872', 'Wallyford P&C', '55.941890716553', '-3.0126008987427');
INSERT INTO stop (busstop, service) VALUES ('58234872', '44');
INSERT INTO busstop (sms, name, x, y) VALUES ('36234239', 'Craigentinny Ave', '55.958347320557', '-3.1380319595337');
INSERT INTO stop (busstop, service) VALUES ('36234239', '21');
INSERT INTO busstop (sms, name, x, y) VALUES ('36234238', 'Restalrig Avenue', '55.956722259521', '-3.1386411190033');
INSERT INTO stop (busstop, service) VALUES ('36234238', '21');
INSERT INTO stop (busstop, service) VALUES ('36234238', '25');
INSERT INTO stop (busstop, service) VALUES ('36234238', 'N25');
INSERT INTO busstop (sms, name, x, y) VALUES ('36234232', 'Craigentinny Dri', '55.960060119629', '-3.1421029567719');
INSERT INTO stop (busstop, service) VALUES ('36234232', '25');
INSERT INTO stop (busstop, service) VALUES ('36234232', 'N25');
INSERT INTO busstop (sms, name, x, y) VALUES ('36234236', 'Restalrig Road', '55.956672668457', '-3.139200925827');
INSERT INTO stop (busstop, service) VALUES ('36234236', '25');
INSERT INTO stop (busstop, service) VALUES ('36234236', 'N25');
INSERT INTO busstop (sms, name, x, y) VALUES ('36234942', 'Lanark Road End', '55.888229370117', '-3.3384330272675');
INSERT INTO stop (busstop, service) VALUES ('36234942', '25');
INSERT INTO stop (busstop, service) VALUES ('36234942', '44');
INSERT INTO stop (busstop, service) VALUES ('36234942', '44A');
INSERT INTO stop (busstop, service) VALUES ('36234942', 'N44');
INSERT INTO busstop (sms, name, x, y) VALUES ('36236265', 'Midmar Avenue', '55.925338745117', '-3.2008249759674');
INSERT INTO stop (busstop, service) VALUES ('36236265', '38');
INSERT INTO stop (busstop, service) VALUES ('36236265', '41');
INSERT INTO busstop (sms, name, x, y) VALUES ('64324393', 'Farm Avenue', '55.871711730957', '-3.1247251033783');
INSERT INTO stop (busstop, service) VALUES ('64324393', '31');
INSERT INTO stop (busstop, service) VALUES ('64324393', '49');
INSERT INTO busstop (sms, name, x, y) VALUES ('64324392', 'Farm Avenue', '55.872085571289', '-3.1234569549561');
INSERT INTO stop (busstop, service) VALUES ('64324392', '31');
INSERT INTO stop (busstop, service) VALUES ('64324392', '49');
INSERT INTO busstop (sms, name, x, y) VALUES ('64324395', 'Rosewell Road', '55.868999481201', '-3.1166570186615');
INSERT INTO stop (busstop, service) VALUES ('64324395', '31');
INSERT INTO stop (busstop, service) VALUES ('64324395', '49');
INSERT INTO busstop (sms, name, x, y) VALUES ('36236349', 'West Savile Terr', '55.929210662842', '-3.1776249408722');
INSERT INTO stop (busstop, service) VALUES ('36236349', '24');
INSERT INTO busstop (sms, name, x, y) VALUES ('64324397', 'St Anns Avenue', '55.870063781738', '-3.1281940937042');
INSERT INTO stop (busstop, service) VALUES ('64324397', '31');
INSERT INTO stop (busstop, service) VALUES ('64324397', '49');
INSERT INTO busstop (sms, name, x, y) VALUES ('64324396', 'St Anns Avenue', '55.869434356689', '-3.1281750202179');
INSERT INTO stop (busstop, service) VALUES ('64324396', '31');
INSERT INTO stop (busstop, service) VALUES ('64324396', '49');
INSERT INTO busstop (sms, name, x, y) VALUES ('36236267', 'Midmar Avenue', '55.925674438477', '-3.1997799873352');
INSERT INTO stop (busstop, service) VALUES ('36236267', '38');
INSERT INTO stop (busstop, service) VALUES ('36236267', '41');
INSERT INTO busstop (sms, name, x, y) VALUES ('58232762', 'North High St', '55.943897247314', '-3.062530040741');
INSERT INTO stop (busstop, service) VALUES ('58232762', '26');
INSERT INTO stop (busstop, service) VALUES ('58232762', 'X26');
INSERT INTO stop (busstop, service) VALUES ('58232762', '30');
INSERT INTO stop (busstop, service) VALUES ('58232762', '44');
INSERT INTO stop (busstop, service) VALUES ('58232762', '44A');
INSERT INTO stop (busstop, service) VALUES ('58232762', 'N26');
INSERT INTO stop (busstop, service) VALUES ('58232762', 'N30');
INSERT INTO stop (busstop, service) VALUES ('58232762', 'N44');
INSERT INTO busstop (sms, name, x, y) VALUES ('36234267', 'Piersfield Terra', '55.955505371094', '-3.1419370174408');
INSERT INTO stop (busstop, service) VALUES ('36234267', '4');
INSERT INTO stop (busstop, service) VALUES ('36234267', '5');
INSERT INTO stop (busstop, service) VALUES ('36234267', '15');
INSERT INTO stop (busstop, service) VALUES ('36234267', '15A');
INSERT INTO stop (busstop, service) VALUES ('36234267', '26');
INSERT INTO stop (busstop, service) VALUES ('36234267', 'N26');
INSERT INTO busstop (sms, name, x, y) VALUES ('58232765', 'Edinburgh Road', '55.945636749268', '-3.0766038894653');
INSERT INTO stop (busstop, service) VALUES ('58232765', '26');
INSERT INTO stop (busstop, service) VALUES ('58232765', 'X26');
INSERT INTO stop (busstop, service) VALUES ('58232765', '44');
INSERT INTO stop (busstop, service) VALUES ('58232765', '44A');
INSERT INTO stop (busstop, service) VALUES ('58232765', '45');
INSERT INTO stop (busstop, service) VALUES ('58232765', 'N26');
INSERT INTO stop (busstop, service) VALUES ('58232765', 'N44');
INSERT INTO busstop (sms, name, x, y) VALUES ('36237476', 'Wester Hailes Dr', '55.911361694336', '-3.2806420326233');
INSERT INTO stop (busstop, service) VALUES ('36237476', '30');
INSERT INTO busstop (sms, name, x, y) VALUES ('36237474', 'Westburn Bank', '55.914585113525', '-3.2870519161224');
INSERT INTO stop (busstop, service) VALUES ('36237474', '30');
INSERT INTO busstop (sms, name, x, y) VALUES ('36298946', 'School Road', '55.982940673828', '-3.1939709186554');
INSERT INTO stop (busstop, service) VALUES ('36298946', '10');
INSERT INTO busstop (sms, name, x, y) VALUES ('58232423', 'Port Seton (Fish', '55.972114562988', '-2.9499390125275');
INSERT INTO stop (busstop, service) VALUES ('58232423', '26');
INSERT INTO stop (busstop, service) VALUES ('58232423', 'X26');
INSERT INTO stop (busstop, service) VALUES ('58232423', 'N26');
INSERT INTO busstop (sms, name, x, y) VALUES ('58232764', 'Maitland Park', '55.945175170898', '-3.0727159976959');
INSERT INTO stop (busstop, service) VALUES ('58232764', '26');
INSERT INTO stop (busstop, service) VALUES ('58232764', 'X26');
INSERT INTO stop (busstop, service) VALUES ('58232764', '44');
INSERT INTO stop (busstop, service) VALUES ('58232764', '44A');
INSERT INTO stop (busstop, service) VALUES ('58232764', '45');
INSERT INTO stop (busstop, service) VALUES ('58232764', 'N26');
INSERT INTO stop (busstop, service) VALUES ('58232764', 'N44');
INSERT INTO busstop (sms, name, x, y) VALUES ('58232426', 'Castle Terrace', '55.97225189209', '-2.9440140724182');
INSERT INTO stop (busstop, service) VALUES ('58232426', '26');
INSERT INTO stop (busstop, service) VALUES ('58232426', 'X26');
INSERT INTO busstop (sms, name, x, y) VALUES ('58232427', 'Long Craigs', '55.972183227539', '-2.9409680366516');
INSERT INTO stop (busstop, service) VALUES ('58232427', '26');
INSERT INTO stop (busstop, service) VALUES ('58232427', 'X26');
INSERT INTO busstop (sms, name, x, y) VALUES ('58232424', 'Port Seton (Link', '55.972198486328', '-2.9507420063019');
INSERT INTO stop (busstop, service) VALUES ('58232424', '26');
INSERT INTO stop (busstop, service) VALUES ('58232424', 'X26');
INSERT INTO busstop (sms, name, x, y) VALUES ('58232425', 'Castle Terrace', '55.972152709961', '-2.9452929496765');
INSERT INTO stop (busstop, service) VALUES ('58232425', '26');
INSERT INTO stop (busstop, service) VALUES ('58232425', 'X26');
INSERT INTO stop (busstop, service) VALUES ('58232425', 'N26');
INSERT INTO busstop (sms, name, x, y) VALUES ('58232428', 'Long Craigs', '55.97200012207', '-2.9417650699615');
INSERT INTO stop (busstop, service) VALUES ('58232428', '26');
INSERT INTO stop (busstop, service) VALUES ('58232428', 'X26');
INSERT INTO stop (busstop, service) VALUES ('58232428', 'N26');
INSERT INTO busstop (sms, name, x, y) VALUES ('58232758', 'Health Centre', '55.942779541016', '-3.0558230876923');
INSERT INTO stop (busstop, service) VALUES ('58232758', '26');
INSERT INTO stop (busstop, service) VALUES ('58232758', 'X26');
INSERT INTO stop (busstop, service) VALUES ('58232758', '30');
INSERT INTO stop (busstop, service) VALUES ('58232758', '44');
INSERT INTO stop (busstop, service) VALUES ('58232758', '44A');
INSERT INTO stop (busstop, service) VALUES ('58232758', 'N26');
INSERT INTO stop (busstop, service) VALUES ('58232758', 'N30');
INSERT INTO stop (busstop, service) VALUES ('58232758', 'N44');
INSERT INTO busstop (sms, name, x, y) VALUES ('58232759', 'Hayweights', '55.943904876709', '-3.059583902359');
INSERT INTO stop (busstop, service) VALUES ('58232759', '26');
INSERT INTO stop (busstop, service) VALUES ('58232759', 'X26');
INSERT INTO stop (busstop, service) VALUES ('58232759', '30');
INSERT INTO stop (busstop, service) VALUES ('58232759', '44');
INSERT INTO stop (busstop, service) VALUES ('58232759', '44A');
INSERT INTO stop (busstop, service) VALUES ('58232759', 'N26');
INSERT INTO stop (busstop, service) VALUES ('58232759', 'N30');
INSERT INTO stop (busstop, service) VALUES ('58232759', 'N44');
INSERT INTO busstop (sms, name, x, y) VALUES ('64323529', 'Lugton Brae', '55.896697998047', '-3.080029964447');
INSERT INTO stop (busstop, service) VALUES ('64323529', '49');
INSERT INTO busstop (sms, name, x, y) VALUES ('64323528', 'Lugton Brae', '55.89697265625', '-3.0815410614014');
INSERT INTO stop (busstop, service) VALUES ('64323528', '49');
INSERT INTO busstop (sms, name, x, y) VALUES ('64323527', 'Kippielaw Road', '55.885398864746', '-3.0502989292145');
INSERT INTO stop (busstop, service) VALUES ('64323527', '3');
INSERT INTO stop (busstop, service) VALUES ('64323527', '3A');
INSERT INTO stop (busstop, service) VALUES ('64323527', 'N3');
INSERT INTO busstop (sms, name, x, y) VALUES ('64323526', 'Kippielaw Road', '55.885761260986', '-3.0501489639282');
INSERT INTO stop (busstop, service) VALUES ('64323526', '3');
INSERT INTO stop (busstop, service) VALUES ('64323526', '3A');
INSERT INTO stop (busstop, service) VALUES ('64323526', 'N3');
INSERT INTO busstop (sms, name, x, y) VALUES ('58232752', 'Linkfield Road', '55.94486618042', '-3.0312530994415');
INSERT INTO stop (busstop, service) VALUES ('58232752', 'N44');
INSERT INTO busstop (sms, name, x, y) VALUES ('64323524', 'Jarnac Court', '55.894119262695', '-3.0708429813385');
INSERT INTO stop (busstop, service) VALUES ('64323524', '3');
INSERT INTO stop (busstop, service) VALUES ('64323524', '3A');
INSERT INTO stop (busstop, service) VALUES ('64323524', '49');
INSERT INTO stop (busstop, service) VALUES ('64323524', 'N3');
INSERT INTO busstop (sms, name, x, y) VALUES ('58232754', 'Loretto', '55.944854736328', '-3.0431020259857');
INSERT INTO stop (busstop, service) VALUES ('58232754', 'N44');
INSERT INTO busstop (sms, name, x, y) VALUES ('58232756', 'High Street', '55.943199157715', '-3.0475399494171');
INSERT INTO stop (busstop, service) VALUES ('58232756', 'N44');
INSERT INTO busstop (sms, name, x, y) VALUES ('58232757', 'Police Station', '55.942169189453', '-3.0526359081268');
INSERT INTO stop (busstop, service) VALUES ('58232757', '26');
INSERT INTO stop (busstop, service) VALUES ('58232757', 'X26');
INSERT INTO stop (busstop, service) VALUES ('58232757', '30');
INSERT INTO stop (busstop, service) VALUES ('58232757', '44');
INSERT INTO stop (busstop, service) VALUES ('58232757', '44A');
INSERT INTO stop (busstop, service) VALUES ('58232757', 'N26');
INSERT INTO stop (busstop, service) VALUES ('58232757', 'N30');
INSERT INTO stop (busstop, service) VALUES ('58232757', 'N44');
INSERT INTO busstop (sms, name, x, y) VALUES ('36232489', 'Mound Place', '55.950141906738', '-3.1950271129608');
INSERT INTO stop (busstop, service) VALUES ('36232489', '23');
INSERT INTO stop (busstop, service) VALUES ('36232489', '27');
INSERT INTO stop (busstop, service) VALUES ('36232489', '41');
INSERT INTO stop (busstop, service) VALUES ('36232489', '42');
INSERT INTO stop (busstop, service) VALUES ('36232489', '45');
INSERT INTO stop (busstop, service) VALUES ('36232489', '67');
INSERT INTO stop (busstop, service) VALUES ('36232489', 'N8');
INSERT INTO busstop (sms, name, x, y) VALUES ('36232484', 'Templars Cramond', '55.966648101807', '-3.3076210021973');
INSERT INTO stop (busstop, service) VALUES ('36232484', '41');
INSERT INTO busstop (sms, name, x, y) VALUES ('36232485', 'Braehead Grove', '55.963115692139', '-3.306941986084');
INSERT INTO stop (busstop, service) VALUES ('36232485', '41');
INSERT INTO busstop (sms, name, x, y) VALUES ('36232486', 'Mound (foot)', '55.95149230957', '-3.1965420246124');
INSERT INTO stop (busstop, service) VALUES ('36232486', '23');
INSERT INTO stop (busstop, service) VALUES ('36232486', '27');
INSERT INTO stop (busstop, service) VALUES ('36232486', '45');
INSERT INTO busstop (sms, name, x, y) VALUES ('36232487', 'Mound Place', '55.950302124023', '-3.1950960159302');
INSERT INTO stop (busstop, service) VALUES ('36232487', '23');
INSERT INTO stop (busstop, service) VALUES ('36232487', '27');
INSERT INTO stop (busstop, service) VALUES ('36232487', '45');
INSERT INTO busstop (sms, name, x, y) VALUES ('36232482', 'Fair-A-Far Shot', '55.971630096436', '-3.3062510490417');
INSERT INTO stop (busstop, service) VALUES ('36232482', '41');
INSERT INTO busstop (sms, name, x, y) VALUES ('36232483', 'Cramond Regis', '55.968841552734', '-3.3073909282684');
INSERT INTO stop (busstop, service) VALUES ('36232483', '41');
INSERT INTO busstop (sms, name, x, y) VALUES ('36239632', 'Craiglockhart Ca', '55.918964385986', '-3.2413370609283');
INSERT INTO stop (busstop, service) VALUES ('36239632', '4');
INSERT INTO stop (busstop, service) VALUES ('36239632', '10');
INSERT INTO stop (busstop, service) VALUES ('36239632', '27');
INSERT INTO stop (busstop, service) VALUES ('36239632', '45');
INSERT INTO busstop (sms, name, x, y) VALUES ('36237458', 'Hailesland', '55.917430877686', '-3.2761700153351');
INSERT INTO stop (busstop, service) VALUES ('36237458', '30');
INSERT INTO stop (busstop, service) VALUES ('36237458', '33');
INSERT INTO stop (busstop, service) VALUES ('36237458', 'N30');
INSERT INTO busstop (sms, name, x, y) VALUES ('36237459', 'Murrayburn Place', '55.917518615723', '-3.2823650836945');
INSERT INTO stop (busstop, service) VALUES ('36237459', '3');
INSERT INTO stop (busstop, service) VALUES ('36237459', '3A');
INSERT INTO stop (busstop, service) VALUES ('36237459', '18');
INSERT INTO stop (busstop, service) VALUES ('36237459', '20');
INSERT INTO stop (busstop, service) VALUES ('36237459', '21');
INSERT INTO stop (busstop, service) VALUES ('36237459', '30');
INSERT INTO stop (busstop, service) VALUES ('36237459', '32');
INSERT INTO stop (busstop, service) VALUES ('36237459', '33');
INSERT INTO stop (busstop, service) VALUES ('36237459', 'N30');
INSERT INTO busstop (sms, name, x, y) VALUES ('36242435', 'Merchiston Park', '55.938610076904', '-3.2147159576416');
INSERT INTO stop (busstop, service) VALUES ('36242435', '10');
INSERT INTO stop (busstop, service) VALUES ('36242435', '27');
INSERT INTO busstop (sms, name, x, y) VALUES ('36237454', 'Hailesland Garde', '55.917446136475', '-3.2772259712219');
INSERT INTO stop (busstop, service) VALUES ('36237454', '30');
INSERT INTO stop (busstop, service) VALUES ('36237454', '33');
INSERT INTO stop (busstop, service) VALUES ('36237454', 'N30');
INSERT INTO busstop (sms, name, x, y) VALUES ('36237456', 'Murryburn Gdns', '55.920051574707', '-3.2762720584869');
INSERT INTO stop (busstop, service) VALUES ('36237456', '33');
INSERT INTO busstop (sms, name, x, y) VALUES ('36242439', 'Merchiston Park', '55.9381980896', '-3.215343952179');
INSERT INTO stop (busstop, service) VALUES ('36242439', '10');
INSERT INTO stop (busstop, service) VALUES ('36242439', '27');
INSERT INTO busstop (sms, name, x, y) VALUES ('36237453', 'Murrayburn Park', '55.917652130127', '-3.2816019058228');
INSERT INTO stop (busstop, service) VALUES ('36237453', '3');
INSERT INTO stop (busstop, service) VALUES ('36237453', '3A');
INSERT INTO stop (busstop, service) VALUES ('36237453', '18');
INSERT INTO stop (busstop, service) VALUES ('36237453', '20');
INSERT INTO stop (busstop, service) VALUES ('36237453', '21');
INSERT INTO stop (busstop, service) VALUES ('36237453', '30');
INSERT INTO stop (busstop, service) VALUES ('36237453', '32');
INSERT INTO stop (busstop, service) VALUES ('36237453', '33');
INSERT INTO busstop (sms, name, x, y) VALUES ('36237298', 'Craighall Road', '55.973384857178', '-3.1934199333191');
INSERT INTO stop (busstop, service) VALUES ('36237298', '14');
INSERT INTO stop (busstop, service) VALUES ('36237298', '21');
INSERT INTO busstop (sms, name, x, y) VALUES ('58232685', 'Musselburgh Gram', '55.938430786133', '-3.0483720302582');
INSERT INTO stop (busstop, service) VALUES ('58232685', '30');
INSERT INTO busstop (sms, name, x, y) VALUES ('58232683', 'Sports Centre', '55.939155578613', '-3.0477509498596');
INSERT INTO stop (busstop, service) VALUES ('58232683', '30');
INSERT INTO busstop (sms, name, x, y) VALUES ('36237292', 'Bangholm Place', '55.971664428711', '-3.2041189670563');
INSERT INTO stop (busstop, service) VALUES ('36237292', '14');
INSERT INTO stop (busstop, service) VALUES ('36237292', '21');
INSERT INTO busstop (sms, name, x, y) VALUES ('36237293', 'Warriston Cemete', '55.972610473633', '-3.1984601020813');
INSERT INTO stop (busstop, service) VALUES ('36237293', '14');
INSERT INTO stop (busstop, service) VALUES ('36237293', '21');
INSERT INTO busstop (sms, name, x, y) VALUES ('36237296', 'Craighall Road', '55.979602813721', '-3.19801902771');
INSERT INTO stop (busstop, service) VALUES ('36237296', '7');
INSERT INTO stop (busstop, service) VALUES ('36237296', '11');
INSERT INTO busstop (sms, name, x, y) VALUES ('36237297', 'Newhaven Church', '55.979625701904', '-3.1978430747986');
INSERT INTO stop (busstop, service) VALUES ('36237297', '7');
INSERT INTO stop (busstop, service) VALUES ('36237297', '11');
INSERT INTO busstop (sms, name, x, y) VALUES ('36237294', 'Warriston cremat', '55.972461700439', '-3.1987919807434');
INSERT INTO stop (busstop, service) VALUES ('36237294', '14');
INSERT INTO stop (busstop, service) VALUES ('36237294', '21');
INSERT INTO busstop (sms, name, x, y) VALUES ('36237295', 'Craighall Road', '55.97289276123', '-3.1959528923035');
INSERT INTO stop (busstop, service) VALUES ('36237295', '14');
INSERT INTO stop (busstop, service) VALUES ('36237295', '21');
INSERT INTO busstop (sms, name, x, y) VALUES ('36235342', 'Colinton Village', '55.907344818115', '-3.2588500976562');
INSERT INTO stop (busstop, service) VALUES ('36235342', '18');
INSERT INTO stop (busstop, service) VALUES ('36235342', '45');
INSERT INTO busstop (sms, name, x, y) VALUES ('36235343', 'Colinton Village', '55.907283782959', '-3.2587358951569');
INSERT INTO stop (busstop, service) VALUES ('36235343', '18');
INSERT INTO stop (busstop, service) VALUES ('36235343', '45');
INSERT INTO busstop (sms, name, x, y) VALUES ('64323297', 'Rockville Terrac', '55.878601074219', '-3.1081399917603');
INSERT INTO stop (busstop, service) VALUES ('64323297', '31');
INSERT INTO stop (busstop, service) VALUES ('64323297', 'X31');
INSERT INTO stop (busstop, service) VALUES ('64323297', 'N31');
INSERT INTO busstop (sms, name, x, y) VALUES ('64323296', 'Rockville Terrac', '55.878963470459', '-3.1080710887909');
INSERT INTO stop (busstop, service) VALUES ('64323296', '31');
INSERT INTO stop (busstop, service) VALUES ('64323296', 'X31');
INSERT INTO stop (busstop, service) VALUES ('64323296', 'N31');
INSERT INTO busstop (sms, name, x, y) VALUES ('36235346', 'Spylaw Bank', '55.907157897949', '-3.2674338817596');
INSERT INTO stop (busstop, service) VALUES ('36235346', '18');
INSERT INTO stop (busstop, service) VALUES ('36235346', '45');
INSERT INTO busstop (sms, name, x, y) VALUES ('36235347', 'Spylaw Avenue', '55.907608032227', '-3.2708559036255');
INSERT INTO stop (busstop, service) VALUES ('36235347', '18');
INSERT INTO stop (busstop, service) VALUES ('36235347', '45');
INSERT INTO busstop (sms, name, x, y) VALUES ('36237672', 'Kings Buildings', '55.924957275391', '-3.1725978851318');
INSERT INTO stop (busstop, service) VALUES ('36237672', '24');
INSERT INTO stop (busstop, service) VALUES ('36237672', '42');
INSERT INTO stop (busstop, service) VALUES ('36237672', '67');
INSERT INTO busstop (sms, name, x, y) VALUES ('36235345', 'Spylaw Bank', '55.907218933105', '-3.2668440341949');
INSERT INTO stop (busstop, service) VALUES ('36235345', '18');
INSERT INTO stop (busstop, service) VALUES ('36235345', '45');
INSERT INTO busstop (sms, name, x, y) VALUES ('36239382', 'Anderson Place', '55.970588684082', '-3.1806440353394');
INSERT INTO stop (busstop, service) VALUES ('36239382', '36');
INSERT INTO busstop (sms, name, x, y) VALUES ('36235348', 'Spylaw Park', '55.908378601074', '-3.2712969779968');
INSERT INTO stop (busstop, service) VALUES ('36235348', '20');
INSERT INTO stop (busstop, service) VALUES ('36235348', '44');
INSERT INTO stop (busstop, service) VALUES ('36235348', 'N44');
INSERT INTO busstop (sms, name, x, y) VALUES ('36235349', 'Hailes Gardens', '55.910003662109', '-3.2687270641327');
INSERT INTO stop (busstop, service) VALUES ('36235349', '20');
INSERT INTO stop (busstop, service) VALUES ('36235349', '44');
INSERT INTO stop (busstop, service) VALUES ('36235349', 'N44');
INSERT INTO busstop (sms, name, x, y) VALUES ('36237678', 'Causewayside', '55.93696975708', '-3.1811099052429');
INSERT INTO stop (busstop, service) VALUES ('36237678', '5');
INSERT INTO busstop (sms, name, x, y) VALUES ('36237679', 'Seton Place', '55.936489105225', '-3.1835451126099');
INSERT INTO stop (busstop, service) VALUES ('36237679', '5');
INSERT INTO busstop (sms, name, x, y) VALUES ('36237958', 'The Murrays', '55.900367736816', '-3.1443951129913');
INSERT INTO stop (busstop, service) VALUES ('36237958', '31');
INSERT INTO stop (busstop, service) VALUES ('36237958', 'X31');
INSERT INTO stop (busstop, service) VALUES ('36237958', 'N31');
INSERT INTO busstop (sms, name, x, y) VALUES ('64323453', 'Pentlands Scienc', '55.858394622803', '-3.1933600902557');
INSERT INTO stop (busstop, service) VALUES ('64323453', '15A');
INSERT INTO stop (busstop, service) VALUES ('64323453', '47');
INSERT INTO stop (busstop, service) VALUES ('64323453', '67');
INSERT INTO busstop (sms, name, x, y) VALUES ('64323452', 'Gowkley Moss', '55.857707977295', '-3.1901431083679');
INSERT INTO stop (busstop, service) VALUES ('64323452', '15A');
INSERT INTO stop (busstop, service) VALUES ('64323452', '47');
INSERT INTO stop (busstop, service) VALUES ('64323452', '67');
INSERT INTO busstop (sms, name, x, y) VALUES ('64323983', 'McGahey Court', '55.860305786133', '-3.0636820793152');
INSERT INTO stop (busstop, service) VALUES ('64323983', '3');
INSERT INTO stop (busstop, service) VALUES ('64323983', '3A');
INSERT INTO stop (busstop, service) VALUES ('64323983', '29');
INSERT INTO stop (busstop, service) VALUES ('64323983', 'X29');
INSERT INTO stop (busstop, service) VALUES ('64323983', 'N3');
INSERT INTO busstop (sms, name, x, y) VALUES ('64323982', 'McGahey Court', '55.86014175415', '-3.061919927597');
INSERT INTO stop (busstop, service) VALUES ('64323982', '3');
INSERT INTO stop (busstop, service) VALUES ('64323982', '3A');
INSERT INTO stop (busstop, service) VALUES ('64323982', '29');
INSERT INTO stop (busstop, service) VALUES ('64323982', 'X29');
INSERT INTO stop (busstop, service) VALUES ('64323982', 'N3');
INSERT INTO busstop (sms, name, x, y) VALUES ('64323985', 'Mining Museum', '55.862087249756', '-3.0654881000519');
INSERT INTO stop (busstop, service) VALUES ('64323985', '3');
INSERT INTO stop (busstop, service) VALUES ('64323985', '3A');
INSERT INTO stop (busstop, service) VALUES ('64323985', '29');
INSERT INTO stop (busstop, service) VALUES ('64323985', 'X29');
INSERT INTO stop (busstop, service) VALUES ('64323985', 'N3');
INSERT INTO busstop (sms, name, x, y) VALUES ('64323456', 'Midlothian Inova', '55.868091583252', '-3.1944561004639');
INSERT INTO stop (busstop, service) VALUES ('64323456', '15A');
INSERT INTO stop (busstop, service) VALUES ('64323456', '47');
INSERT INTO stop (busstop, service) VALUES ('64323456', '67');
INSERT INTO busstop (sms, name, x, y) VALUES ('64323454', 'Pentland Science', '55.858261108398', '-3.1933560371399');
INSERT INTO stop (busstop, service) VALUES ('64323454', '15A');
INSERT INTO stop (busstop, service) VALUES ('64323454', '47');
INSERT INTO stop (busstop, service) VALUES ('64323454', '67');
INSERT INTO busstop (sms, name, x, y) VALUES ('64323989', 'Beechwood Park', '55.86994934082', '-3.0644729137421');
INSERT INTO stop (busstop, service) VALUES ('64323989', '3');
INSERT INTO stop (busstop, service) VALUES ('64323989', '3A');
INSERT INTO stop (busstop, service) VALUES ('64323989', '29');
INSERT INTO stop (busstop, service) VALUES ('64323989', 'N3');
INSERT INTO busstop (sms, name, x, y) VALUES ('64323459', 'Veterinary Centr', '55.86633682251', '-3.199196100235');
INSERT INTO stop (busstop, service) VALUES ('64323459', '15A');
INSERT INTO stop (busstop, service) VALUES ('64323459', '47');
INSERT INTO stop (busstop, service) VALUES ('64323459', '67');
INSERT INTO busstop (sms, name, x, y) VALUES ('64323458', 'Veterinary Centr', '55.866287231445', '-3.1997060775757');
INSERT INTO stop (busstop, service) VALUES ('64323458', '15A');
INSERT INTO stop (busstop, service) VALUES ('64323458', '47');
INSERT INTO stop (busstop, service) VALUES ('64323458', '67');
INSERT INTO busstop (sms, name, x, y) VALUES ('36232395', 'Lochend Cottages', '55.939151763916', '-3.3982739448547');
INSERT INTO stop (busstop, service) VALUES ('36232395', '48');
INSERT INTO stop (busstop, service) VALUES ('36232395', 'X48');
INSERT INTO busstop (sms, name, x, y) VALUES ('36232396', 'Station Road', '55.938995361328', '-3.390839099884');
INSERT INTO stop (busstop, service) VALUES ('36232396', '48');
INSERT INTO stop (busstop, service) VALUES ('36232396', 'X48');
INSERT INTO busstop (sms, name, x, y) VALUES ('36232397', 'Ingliston Showgr', '55.938396453857', '-3.3742959499359');
INSERT INTO stop (busstop, service) VALUES ('36232397', '48');
INSERT INTO stop (busstop, service) VALUES ('36232397', 'X48');
INSERT INTO busstop (sms, name, x, y) VALUES ('36232947', 'Christiemillar A', '55.960399627686', '-3.1346809864044');
INSERT INTO stop (busstop, service) VALUES ('36232947', '19');
INSERT INTO stop (busstop, service) VALUES ('36232947', '49');
INSERT INTO busstop (sms, name, x, y) VALUES ('64323859', 'Hawthorn Centre', '55.876914978027', '-3.0439960956573');
INSERT INTO stop (busstop, service) VALUES ('64323859', '3');
INSERT INTO stop (busstop, service) VALUES ('64323859', '3A');
INSERT INTO stop (busstop, service) VALUES ('64323859', 'N3');
INSERT INTO busstop (sms, name, x, y) VALUES ('64323858', 'Hawthorn Crescen', '55.878688812256', '-3.0468730926514');
INSERT INTO stop (busstop, service) VALUES ('64323858', '3');
INSERT INTO stop (busstop, service) VALUES ('64323858', '3A');
INSERT INTO stop (busstop, service) VALUES ('64323858', 'N3');
INSERT INTO busstop (sms, name, x, y) VALUES ('64323857', 'Finlay Place', '55.873523712158', '-3.0309588909149');
INSERT INTO stop (busstop, service) VALUES ('64323857', '3');
INSERT INTO stop (busstop, service) VALUES ('64323857', '29');
INSERT INTO busstop (sms, name, x, y) VALUES ('64323856', 'Finlay Place', '55.873527526855', '-3.0303199291229');
INSERT INTO stop (busstop, service) VALUES ('64323856', '3');
INSERT INTO stop (busstop, service) VALUES ('64323856', '29');
INSERT INTO stop (busstop, service) VALUES ('64323856', 'N3');
INSERT INTO busstop (sms, name, x, y) VALUES ('64323854', 'Elm Place', '55.873683929443', '-3.0403618812561');
INSERT INTO stop (busstop, service) VALUES ('64323854', '3');
INSERT INTO stop (busstop, service) VALUES ('64323854', '3A');
INSERT INTO stop (busstop, service) VALUES ('64323854', 'N3');
INSERT INTO busstop (sms, name, x, y) VALUES ('64323853', 'Elm Place', '55.872909545898', '-3.0395739078522');
INSERT INTO stop (busstop, service) VALUES ('64323853', '3');
INSERT INTO stop (busstop, service) VALUES ('64323853', '3A');
INSERT INTO stop (busstop, service) VALUES ('64323853', 'N3');
INSERT INTO busstop (sms, name, x, y) VALUES ('64323852', 'Blackcot Avenue', '55.868789672852', '-3.0488920211792');
INSERT INTO stop (busstop, service) VALUES ('64323852', '3');
INSERT INTO stop (busstop, service) VALUES ('64323852', '3A');
INSERT INTO stop (busstop, service) VALUES ('64323852', '29');
INSERT INTO stop (busstop, service) VALUES ('64323852', 'N3');
INSERT INTO busstop (sms, name, x, y) VALUES ('64323851', 'Sycamore Road', '55.870727539062', '-3.0383009910583');
INSERT INTO stop (busstop, service) VALUES ('64323851', '3');
INSERT INTO busstop (sms, name, x, y) VALUES ('36237498', 'Scott ofJuniper', '55.902603149414', '-3.2874550819397');
INSERT INTO stop (busstop, service) VALUES ('36237498', '44');
INSERT INTO stop (busstop, service) VALUES ('36237498', '45');
INSERT INTO stop (busstop, service) VALUES ('36237498', 'N44');
INSERT INTO busstop (sms, name, x, y) VALUES ('36232958', 'Restalrig Road', '55.965942382812', '-3.155925989151');
INSERT INTO stop (busstop, service) VALUES ('36232958', '21');
INSERT INTO stop (busstop, service) VALUES ('36232958', '25');
INSERT INTO stop (busstop, service) VALUES ('36232958', 'N25');
INSERT INTO busstop (sms, name, x, y) VALUES ('36232959', 'Ryehill Terrace', '55.967945098877', '-3.1583089828491');
INSERT INTO stop (busstop, service) VALUES ('36232959', '21');
INSERT INTO stop (busstop, service) VALUES ('36232959', '25');
INSERT INTO stop (busstop, service) VALUES ('36232959', 'N25');
INSERT INTO busstop (sms, name, x, y) VALUES ('36242986', 'Western General', '55.962985992432', '-3.2338709831238');
INSERT INTO stop (busstop, service) VALUES ('36242986', '38');
INSERT INTO busstop (sms, name, x, y) VALUES ('36239569', 'Polwarth Terrace', '55.928730010986', '-3.2280600070953');
INSERT INTO stop (busstop, service) VALUES ('36239569', '10');
INSERT INTO stop (busstop, service) VALUES ('36239569', '27');
INSERT INTO stop (busstop, service) VALUES ('36239569', '45');
INSERT INTO busstop (sms, name, x, y) VALUES ('36232952', 'Loaning Avenue', '55.960742950439', '-3.1423799991608');
INSERT INTO stop (busstop, service) VALUES ('36232952', '19');
INSERT INTO stop (busstop, service) VALUES ('36232952', '21');
INSERT INTO stop (busstop, service) VALUES ('36232952', '25');
INSERT INTO stop (busstop, service) VALUES ('36232952', '49');
INSERT INTO stop (busstop, service) VALUES ('36232952', 'N25');
INSERT INTO busstop (sms, name, x, y) VALUES ('36232953', 'Restalrig Drive', '55.962280273438', '-3.1451001167297');
INSERT INTO stop (busstop, service) VALUES ('36232953', '19');
INSERT INTO stop (busstop, service) VALUES ('36232953', '21');
INSERT INTO stop (busstop, service) VALUES ('36232953', '25');
INSERT INTO stop (busstop, service) VALUES ('36232953', '49');
INSERT INTO stop (busstop, service) VALUES ('36232953', 'N25');
INSERT INTO busstop (sms, name, x, y) VALUES ('36239565', 'Perdrixknowe', '55.92582321167', '-3.2337141036987');
INSERT INTO stop (busstop, service) VALUES ('36239565', '10');
INSERT INTO stop (busstop, service) VALUES ('36239565', '27');
INSERT INTO stop (busstop, service) VALUES ('36239565', '45');
INSERT INTO busstop (sms, name, x, y) VALUES ('36239562', 'Craiglockhart Sp', '55.922985076904', '-3.2370319366455');
INSERT INTO stop (busstop, service) VALUES ('36239562', '10');
INSERT INTO stop (busstop, service) VALUES ('36239562', '27');
INSERT INTO stop (busstop, service) VALUES ('36239562', '45');
INSERT INTO busstop (sms, name, x, y) VALUES ('36232957', 'Lochend Avenue', '55.964248657227', '-3.1546580791473');
INSERT INTO stop (busstop, service) VALUES ('36232957', '21');
INSERT INTO stop (busstop, service) VALUES ('36232957', '25');
INSERT INTO stop (busstop, service) VALUES ('36232957', 'N25');
INSERT INTO busstop (sms, name, x, y) VALUES ('36232954', 'Sleigh Gardens', '55.962383270264', '-3.1492519378662');
INSERT INTO stop (busstop, service) VALUES ('36232954', '19');
INSERT INTO stop (busstop, service) VALUES ('36232954', '21');
INSERT INTO stop (busstop, service) VALUES ('36232954', '22');
INSERT INTO stop (busstop, service) VALUES ('36232954', '25');
INSERT INTO stop (busstop, service) VALUES ('36232954', '42');
INSERT INTO stop (busstop, service) VALUES ('36232954', '49');
INSERT INTO stop (busstop, service) VALUES ('36232954', 'N25');
INSERT INTO busstop (sms, name, x, y) VALUES ('64323674', 'Barleyknowe Cres', '55.850589752197', '-3.0546309947968');
INSERT INTO stop (busstop, service) VALUES ('64323674', '3');
INSERT INTO stop (busstop, service) VALUES ('64323674', '3A');
INSERT INTO stop (busstop, service) VALUES ('64323674', '29');
INSERT INTO stop (busstop, service) VALUES ('64323674', 'X29');
INSERT INTO stop (busstop, service) VALUES ('64323674', 'N3');
INSERT INTO busstop (sms, name, x, y) VALUES ('64323679', 'Arniston Engine', '55.847896575928', '-3.0540790557861');
INSERT INTO stop (busstop, service) VALUES ('64323679', '3');
INSERT INTO stop (busstop, service) VALUES ('64323679', '3A');
INSERT INTO stop (busstop, service) VALUES ('64323679', '29');
INSERT INTO stop (busstop, service) VALUES ('64323679', 'X29');
INSERT INTO stop (busstop, service) VALUES ('64323679', 'N3');
INSERT INTO busstop (sms, name, x, y) VALUES ('64323678', 'Arniston Engine', '55.848163604736', '-3.0542459487915');
INSERT INTO stop (busstop, service) VALUES ('64323678', '3');
INSERT INTO stop (busstop, service) VALUES ('64323678', '3A');
INSERT INTO stop (busstop, service) VALUES ('64323678', '29');
INSERT INTO stop (busstop, service) VALUES ('64323678', 'X29');
INSERT INTO stop (busstop, service) VALUES ('64323678', 'N3');
INSERT INTO busstop (sms, name, x, y) VALUES ('36235294', 'Caiystane View', '55.902130126953', '-3.213399887085');
INSERT INTO stop (busstop, service) VALUES ('36235294', '4');
INSERT INTO stop (busstop, service) VALUES ('36235294', '18');
INSERT INTO busstop (sms, name, x, y) VALUES ('36235295', 'Swanston Road', '55.902149200439', '-3.2181189060211');
INSERT INTO stop (busstop, service) VALUES ('36235295', '4');
INSERT INTO stop (busstop, service) VALUES ('36235295', '18');
INSERT INTO busstop (sms, name, x, y) VALUES ('36235296', 'Hunters Tryst', '55.902549743652', '-3.2209630012512');
INSERT INTO stop (busstop, service) VALUES ('36235296', '4');
INSERT INTO stop (busstop, service) VALUES ('36235296', '16');
INSERT INTO stop (busstop, service) VALUES ('36235296', '18');
INSERT INTO stop (busstop, service) VALUES ('36235296', '27');
INSERT INTO busstop (sms, name, x, y) VALUES ('36236259', 'Cluny Church', '55.924770355225', '-3.2085859775543');
INSERT INTO stop (busstop, service) VALUES ('36236259', '38');
INSERT INTO stop (busstop, service) VALUES ('36236259', '41');
INSERT INTO busstop (sms, name, x, y) VALUES ('36236258', 'Balcarres Street', '55.925601959229', '-3.2136209011078');
INSERT INTO stop (busstop, service) VALUES ('36236258', '23');
INSERT INTO stop (busstop, service) VALUES ('36236258', '38');
INSERT INTO busstop (sms, name, x, y) VALUES ('36235292', 'Fairmilehead', '55.90177154541', '-3.2059988975525');
INSERT INTO stop (busstop, service) VALUES ('36235292', '4');
INSERT INTO stop (busstop, service) VALUES ('36235292', '18');
INSERT INTO busstop (sms, name, x, y) VALUES ('36235293', 'Fairemile Avenue', '55.902141571045', '-3.2089540958405');
INSERT INTO stop (busstop, service) VALUES ('36235293', '4');
INSERT INTO stop (busstop, service) VALUES ('36235293', '18');
INSERT INTO busstop (sms, name, x, y) VALUES ('36236254', 'Slateford Road', '55.934642791748', '-3.2340579032898');
INSERT INTO stop (busstop, service) VALUES ('36236254', '38');
INSERT INTO busstop (sms, name, x, y) VALUES ('36236257', 'Westfield Road', '55.936923980713', '-3.2397980690002');
INSERT INTO stop (busstop, service) VALUES ('36236257', '1');
INSERT INTO stop (busstop, service) VALUES ('36236257', '2');
INSERT INTO busstop (sms, name, x, y) VALUES ('36236256', 'Sinclair Place', '55.936336517334', '-3.2365770339966');
INSERT INTO stop (busstop, service) VALUES ('36236256', '38');
INSERT INTO busstop (sms, name, x, y) VALUES ('36235298', 'Dreghorn Avenue', '55.903926849365', '-3.2263159751892');
INSERT INTO stop (busstop, service) VALUES ('36235298', '16');
INSERT INTO stop (busstop, service) VALUES ('36235298', 'N16');
INSERT INTO busstop (sms, name, x, y) VALUES ('36236253', 'Stewart Terrace', '55.934562683105', '-3.2341830730438');
INSERT INTO stop (busstop, service) VALUES ('36236253', '38');
INSERT INTO busstop (sms, name, x, y) VALUES ('36236252', 'Ashley Terrace', '55.933048248291', '-3.2290449142456');
INSERT INTO stop (busstop, service) VALUES ('36236252', '38');
INSERT INTO busstop (sms, name, x, y) VALUES ('36238943', 'Eastfield Road', '55.937030792236', '-3.3574690818787');
INSERT INTO stop (busstop, service) VALUES ('36238943', '48');
INSERT INTO busstop (sms, name, x, y) VALUES ('36238945', 'West Edge Farm', '55.895889282227', '-3.1386981010437');
INSERT INTO stop (busstop, service) VALUES ('36238945', '31');
INSERT INTO stop (busstop, service) VALUES ('36238945', 'X31');
INSERT INTO stop (busstop, service) VALUES ('36238945', 'N31');
INSERT INTO busstop (sms, name, x, y) VALUES ('36238949', 'West Edge Farm', '55.895854949951', '-3.1375780105591');
INSERT INTO stop (busstop, service) VALUES ('36238949', '31');
INSERT INTO stop (busstop, service) VALUES ('36238949', 'X31');
INSERT INTO stop (busstop, service) VALUES ('36238949', 'N31');
INSERT INTO busstop (sms, name, x, y) VALUES ('36242342', 'Victoria Street', '55.948749542236', '-3.1921339035034');
INSERT INTO stop (busstop, service) VALUES ('36242342', '23');
INSERT INTO stop (busstop, service) VALUES ('36242342', '27');
INSERT INTO stop (busstop, service) VALUES ('36242342', '41');
INSERT INTO stop (busstop, service) VALUES ('36242342', '42');
INSERT INTO stop (busstop, service) VALUES ('36242342', '45');
INSERT INTO stop (busstop, service) VALUES ('36242342', '67');
INSERT INTO busstop (sms, name, x, y) VALUES ('36238549', 'Granton harbour', '55.980846405029', '-3.2226269245148');
INSERT INTO stop (busstop, service) VALUES ('36238549', '16');
INSERT INTO busstop (sms, name, x, y) VALUES ('36238548', 'Granton Breakwat', '55.980411529541', '-3.2210268974304');
INSERT INTO stop (busstop, service) VALUES ('36238548', '16');
INSERT INTO busstop (sms, name, x, y) VALUES ('36238547', 'Lothian Street', '55.94605255127', '-3.1888799667358');
INSERT INTO stop (busstop, service) VALUES ('36238547', '2');
INSERT INTO stop (busstop, service) VALUES ('36238547', '41');
INSERT INTO stop (busstop, service) VALUES ('36238547', '42');
INSERT INTO stop (busstop, service) VALUES ('36238547', '67');
INSERT INTO busstop (sms, name, x, y) VALUES ('36238546', 'Loganlea Crescen', '55.958221435547', '-3.1467740535736');
INSERT INTO stop (busstop, service) VALUES ('36238546', '25');
INSERT INTO stop (busstop, service) VALUES ('36238546', 'N25');
INSERT INTO busstop (sms, name, x, y) VALUES ('36238543', 'Little King St', '55.95531463623', '-3.1870019435883');
INSERT INTO stop (busstop, service) VALUES ('36238543', '7');
INSERT INTO stop (busstop, service) VALUES ('36238543', '14');
INSERT INTO stop (busstop, service) VALUES ('36238543', '22');
INSERT INTO stop (busstop, service) VALUES ('36238543', '25');
INSERT INTO stop (busstop, service) VALUES ('36238543', '37');
INSERT INTO stop (busstop, service) VALUES ('36238543', '49');
INSERT INTO stop (busstop, service) VALUES ('36238543', 'N3');
INSERT INTO stop (busstop, service) VALUES ('36238543', 'N8');
INSERT INTO stop (busstop, service) VALUES ('36238543', 'N22');
INSERT INTO stop (busstop, service) VALUES ('36238543', 'N25');
INSERT INTO stop (busstop, service) VALUES ('36238543', 'N26');
INSERT INTO stop (busstop, service) VALUES ('36238543', 'N31');
INSERT INTO stop (busstop, service) VALUES ('36238543', 'N37');
INSERT INTO stop (busstop, service) VALUES ('36238543', 'N44');
INSERT INTO busstop (sms, name, x, y) VALUES ('36243968', 'Lochend Drive', '55.961200714111', '-3.1537990570068');
INSERT INTO stop (busstop, service) VALUES ('36243968', '49');
INSERT INTO busstop (sms, name, x, y) VALUES ('64323474', 'Bridgend Court', '55.89582824707', '-3.0724580287933');
INSERT INTO stop (busstop, service) VALUES ('64323474', '49');
INSERT INTO busstop (sms, name, x, y) VALUES ('36239897', 'Victoria Street', '55.94841003418', '-3.1922190189362');
INSERT INTO stop (busstop, service) VALUES ('36239897', '23');
INSERT INTO stop (busstop, service) VALUES ('36239897', '27');
INSERT INTO stop (busstop, service) VALUES ('36239897', '41');
INSERT INTO stop (busstop, service) VALUES ('36239897', '42');
INSERT INTO stop (busstop, service) VALUES ('36239897', '45');
INSERT INTO stop (busstop, service) VALUES ('36239897', '67');
INSERT INTO stop (busstop, service) VALUES ('36239897', 'N8');
INSERT INTO busstop (sms, name, x, y) VALUES ('36238389', 'Montgomery Stree', '55.9587059021', '-3.171777009964');
INSERT INTO stop (busstop, service) VALUES ('36238389', '1');
INSERT INTO stop (busstop, service) VALUES ('36238389', '35');
INSERT INTO busstop (sms, name, x, y) VALUES ('36239893', 'Chambers Street', '55.947460174561', '-3.191773891449');
INSERT INTO stop (busstop, service) VALUES ('36239893', '23');
INSERT INTO stop (busstop, service) VALUES ('36239893', '27');
INSERT INTO stop (busstop, service) VALUES ('36239893', '41');
INSERT INTO stop (busstop, service) VALUES ('36239893', '42');
INSERT INTO stop (busstop, service) VALUES ('36239893', '45');
INSERT INTO stop (busstop, service) VALUES ('36239893', '67');
INSERT INTO stop (busstop, service) VALUES ('36239893', 'N8');
INSERT INTO busstop (sms, name, x, y) VALUES ('36232828', 'Community Centre', '55.967643737793', '-3.2487590312958');
INSERT INTO stop (busstop, service) VALUES ('36232828', '24');
INSERT INTO stop (busstop, service) VALUES ('36232828', '27');
INSERT INTO stop (busstop, service) VALUES ('36232828', '32');
INSERT INTO stop (busstop, service) VALUES ('36232828', '37');
INSERT INTO busstop (sms, name, x, y) VALUES ('36232829', 'Ferry Road Drive', '55.967918395996', '-3.242968082428');
INSERT INTO stop (busstop, service) VALUES ('36232829', '21');
INSERT INTO stop (busstop, service) VALUES ('36232829', '27');
INSERT INTO stop (busstop, service) VALUES ('36232829', '29');
INSERT INTO stop (busstop, service) VALUES ('36232829', 'X29');
INSERT INTO stop (busstop, service) VALUES ('36232829', '37');
INSERT INTO stop (busstop, service) VALUES ('36232829', 'N37');
INSERT INTO busstop (sms, name, x, y) VALUES ('36238385', 'Great King Stree', '55.958209991455', '-3.1998889446259');
INSERT INTO stop (busstop, service) VALUES ('36238385', '23');
INSERT INTO stop (busstop, service) VALUES ('36238385', '27');
INSERT INTO busstop (sms, name, x, y) VALUES ('36238384', 'Abercromby Place', '55.956367492676', '-3.1989030838013');
INSERT INTO stop (busstop, service) VALUES ('36238384', '23');
INSERT INTO stop (busstop, service) VALUES ('36238384', '27');
INSERT INTO busstop (sms, name, x, y) VALUES ('36238387', 'St Margarets Chu', '55.960594177246', '-3.1715130805969');
INSERT INTO stop (busstop, service) VALUES ('36238387', '1');
INSERT INTO stop (busstop, service) VALUES ('36238387', '35');
INSERT INTO busstop (sms, name, x, y) VALUES ('36232825', 'Pennywell Grove', '55.972599029541', '-3.2535169124603');
INSERT INTO stop (busstop, service) VALUES ('36232825', '14');
INSERT INTO stop (busstop, service) VALUES ('36232825', '37');
INSERT INTO busstop (sms, name, x, y) VALUES ('36238383', 'Great King Stree', '55.957504272461', '-3.1992421150208');
INSERT INTO stop (busstop, service) VALUES ('36238383', '23');
INSERT INTO stop (busstop, service) VALUES ('36238383', '27');
INSERT INTO busstop (sms, name, x, y) VALUES ('36238382', 'Sutherland House', '55.959560394287', '-3.2006189823151');
INSERT INTO stop (busstop, service) VALUES ('36238382', '23');
INSERT INTO stop (busstop, service) VALUES ('36238382', '27');
INSERT INTO busstop (sms, name, x, y) VALUES ('64323279', 'Hopefield Place', '55.869564056396', '-3.1137959957123');
INSERT INTO stop (busstop, service) VALUES ('64323279', '31');
INSERT INTO stop (busstop, service) VALUES ('64323279', '49');
INSERT INTO busstop (sms, name, x, y) VALUES ('64323278', 'High Street', '55.875648498535', '-3.1067779064178');
INSERT INTO stop (busstop, service) VALUES ('64323278', '31');
INSERT INTO stop (busstop, service) VALUES ('64323278', 'X31');
INSERT INTO stop (busstop, service) VALUES ('64323278', 'N31');
INSERT INTO busstop (sms, name, x, y) VALUES ('64323273', 'Castle Dene', '55.869873046875', '-3.0895140171051');
INSERT INTO stop (busstop, service) VALUES ('64323273', 'X31');
INSERT INTO busstop (sms, name, x, y) VALUES ('64323272', 'Castle Dene', '55.869674682617', '-3.0893800258636');
INSERT INTO stop (busstop, service) VALUES ('64323272', 'X31');
INSERT INTO busstop (sms, name, x, y) VALUES ('64323271', 'Dalhousie Rd at', '55.870021820068', '-3.070436000824');
INSERT INTO stop (busstop, service) VALUES ('64323271', '29');
INSERT INTO stop (busstop, service) VALUES ('64323271', 'X29');
INSERT INTO busstop (sms, name, x, y) VALUES ('64323276', 'Douglas Crescent', '55.875217437744', '-3.1050069332123');
INSERT INTO stop (busstop, service) VALUES ('64323276', '49');
INSERT INTO busstop (sms, name, x, y) VALUES ('64323275', 'Dobbies Road', '55.873626708984', '-3.1080150604248');
INSERT INTO stop (busstop, service) VALUES ('64323275', '31');
INSERT INTO stop (busstop, service) VALUES ('64323275', '49');
INSERT INTO busstop (sms, name, x, y) VALUES ('64323274', 'Dobbies Road', '55.874122619629', '-3.1067340373993');
INSERT INTO stop (busstop, service) VALUES ('64323274', '31');
INSERT INTO stop (busstop, service) VALUES ('64323274', '49');
INSERT INTO busstop (sms, name, x, y) VALUES ('36236493', 'Dundee Terrace', '55.9401512146', '-3.2189750671387');
INSERT INTO stop (busstop, service) VALUES ('36236493', '1');
INSERT INTO stop (busstop, service) VALUES ('36236493', '34');
INSERT INTO stop (busstop, service) VALUES ('36236493', '35');
INSERT INTO busstop (sms, name, x, y) VALUES ('36236492', 'Fountainpark', '55.940795898438', '-3.2172179222107');
INSERT INTO stop (busstop, service) VALUES ('36236492', '1');
INSERT INTO stop (busstop, service) VALUES ('36236492', '34');
INSERT INTO stop (busstop, service) VALUES ('36236492', '35');
INSERT INTO busstop (sms, name, x, y) VALUES ('64323573', 'Damhead Holdings', '55.879447937012', '-3.1924710273743');
INSERT INTO stop (busstop, service) VALUES ('64323573', '15');
INSERT INTO stop (busstop, service) VALUES ('64323573', '15A');
INSERT INTO busstop (sms, name, x, y) VALUES ('36236497', 'Angle Park Terra', '55.937892913818', '-3.225291967392');
INSERT INTO stop (busstop, service) VALUES ('36236497', '34');
INSERT INTO stop (busstop, service) VALUES ('36236497', '35');
INSERT INTO busstop (sms, name, x, y) VALUES ('36236496', 'Angle Park Terra', '55.938678741455', '-3.2239720821381');
INSERT INTO stop (busstop, service) VALUES ('36236496', '34');
INSERT INTO stop (busstop, service) VALUES ('36236496', '35');
INSERT INTO busstop (sms, name, x, y) VALUES ('36236495', 'Viewforth', '55.941963195801', '-3.2144210338593');
INSERT INTO stop (busstop, service) VALUES ('36236495', '1');
INSERT INTO stop (busstop, service) VALUES ('36236495', '34');
INSERT INTO stop (busstop, service) VALUES ('36236495', '35');
INSERT INTO busstop (sms, name, x, y) VALUES ('36236494', 'Dundee Terrace', '55.939910888672', '-3.2212729454041');
INSERT INTO stop (busstop, service) VALUES ('36236494', '1');
INSERT INTO stop (busstop, service) VALUES ('36236494', '34');
INSERT INTO stop (busstop, service) VALUES ('36236494', '35');
INSERT INTO busstop (sms, name, x, y) VALUES ('36236498', 'St Michaels', '55.936782836914', '-3.2275619506836');
INSERT INTO stop (busstop, service) VALUES ('36236498', '4');
INSERT INTO stop (busstop, service) VALUES ('36236498', '34');
INSERT INTO stop (busstop, service) VALUES ('36236498', '35');
INSERT INTO stop (busstop, service) VALUES ('36236498', '44');
INSERT INTO stop (busstop, service) VALUES ('36236498', '44A');
INSERT INTO stop (busstop, service) VALUES ('36236498', 'N44');
INSERT INTO busstop (sms, name, x, y) VALUES ('36247268', 'Edinburgh Park', '55.934703826904', '-3.3160378932953');
INSERT INTO stop (busstop, service) VALUES ('36247268', '2');
INSERT INTO stop (busstop, service) VALUES ('36247268', '12');
INSERT INTO stop (busstop, service) VALUES ('36247268', '18');
INSERT INTO stop (busstop, service) VALUES ('36247268', '21');
INSERT INTO stop (busstop, service) VALUES ('36247268', '22');
INSERT INTO stop (busstop, service) VALUES ('36247268', '35');
INSERT INTO stop (busstop, service) VALUES ('36247268', 'N22');
INSERT INTO busstop (sms, name, x, y) VALUES ('36247598', 'Boswall Loan', '55.978862762451', '-3.2243111133575');
INSERT INTO stop (busstop, service) VALUES ('36247598', '19');
INSERT INTO busstop (sms, name, x, y) VALUES ('36237852', 'Orchardhead Road', '55.918609619141', '-3.1673018932343');
INSERT INTO stop (busstop, service) VALUES ('36237852', '7');
INSERT INTO stop (busstop, service) VALUES ('36237852', '37');
INSERT INTO stop (busstop, service) VALUES ('36237852', '47');
INSERT INTO stop (busstop, service) VALUES ('36237852', '67');
INSERT INTO stop (busstop, service) VALUES ('36237852', 'N37');
INSERT INTO busstop (sms, name, x, y) VALUES ('36237853', 'Orchardhead Road', '55.918209075928', '-3.1675779819489');
INSERT INTO stop (busstop, service) VALUES ('36237853', '7');
INSERT INTO stop (busstop, service) VALUES ('36237853', '37');
INSERT INTO stop (busstop, service) VALUES ('36237853', '47');
INSERT INTO stop (busstop, service) VALUES ('36237853', '67');
INSERT INTO stop (busstop, service) VALUES ('36237853', 'N37');
INSERT INTO busstop (sms, name, x, y) VALUES ('36237854', 'Orchardhead Loan', '55.915374755859', '-3.1663091182709');
INSERT INTO stop (busstop, service) VALUES ('36237854', '7');
INSERT INTO stop (busstop, service) VALUES ('36237854', '37');
INSERT INTO stop (busstop, service) VALUES ('36237854', '47');
INSERT INTO stop (busstop, service) VALUES ('36237854', '67');
INSERT INTO stop (busstop, service) VALUES ('36237854', 'N37');
INSERT INTO busstop (sms, name, x, y) VALUES ('36237856', 'Wolridge Road', '55.914318084717', '-3.1647570133209');
INSERT INTO stop (busstop, service) VALUES ('36237856', '7');
INSERT INTO stop (busstop, service) VALUES ('36237856', '37');
INSERT INTO stop (busstop, service) VALUES ('36237856', '47');
INSERT INTO stop (busstop, service) VALUES ('36237856', '67');
INSERT INTO stop (busstop, service) VALUES ('36237856', 'N37');
INSERT INTO busstop (sms, name, x, y) VALUES ('36237857', 'Cadogan Road', '55.913585662842', '-3.164272069931');
INSERT INTO stop (busstop, service) VALUES ('36237857', '7');
INSERT INTO stop (busstop, service) VALUES ('36237857', '37');
INSERT INTO stop (busstop, service) VALUES ('36237857', '47');
INSERT INTO stop (busstop, service) VALUES ('36237857', '67');
INSERT INTO stop (busstop, service) VALUES ('36237857', 'N37');
INSERT INTO busstop (sms, name, x, y) VALUES ('36237858', 'Liberton Cemeter', '55.913154602051', '-3.1635870933533');
INSERT INTO stop (busstop, service) VALUES ('36237858', '7');
INSERT INTO stop (busstop, service) VALUES ('36237858', '37');
INSERT INTO stop (busstop, service) VALUES ('36237858', '47');
INSERT INTO stop (busstop, service) VALUES ('36237858', '67');
INSERT INTO stop (busstop, service) VALUES ('36237858', 'N37');
INSERT INTO busstop (sms, name, x, y) VALUES ('36237859', 'Liberton Park', '55.910053253174', '-3.16339802742');
INSERT INTO stop (busstop, service) VALUES ('36237859', '7');
INSERT INTO stop (busstop, service) VALUES ('36237859', '37');
INSERT INTO stop (busstop, service) VALUES ('36237859', '47');
INSERT INTO stop (busstop, service) VALUES ('36237859', '67');
INSERT INTO stop (busstop, service) VALUES ('36237859', 'N37');
INSERT INTO busstop (sms, name, x, y) VALUES ('36234727', 'Northfield Cresc', '55.950222015381', '-3.140340089798');
INSERT INTO stop (busstop, service) VALUES ('36234727', '44');
INSERT INTO stop (busstop, service) VALUES ('36234727', '45');
INSERT INTO stop (busstop, service) VALUES ('36234727', 'N44');
INSERT INTO busstop (sms, name, x, y) VALUES ('36234726', 'Abercorn Road', '55.95418548584', '-3.14790391922');
INSERT INTO stop (busstop, service) VALUES ('36234726', '44');
INSERT INTO stop (busstop, service) VALUES ('36234726', '45');
INSERT INTO stop (busstop, service) VALUES ('36234726', 'N44');
INSERT INTO busstop (sms, name, x, y) VALUES ('36234725', 'Piershill', '55.955059051514', '-3.1476900577545');
INSERT INTO stop (busstop, service) VALUES ('36234725', '4');
INSERT INTO stop (busstop, service) VALUES ('36234725', '5');
INSERT INTO stop (busstop, service) VALUES ('36234725', '15');
INSERT INTO stop (busstop, service) VALUES ('36234725', '15A');
INSERT INTO stop (busstop, service) VALUES ('36234725', '26');
INSERT INTO stop (busstop, service) VALUES ('36234725', 'N26');
INSERT INTO busstop (sms, name, x, y) VALUES ('36234724', 'Piersfield Terra', '55.955047607422', '-3.1447908878326');
INSERT INTO stop (busstop, service) VALUES ('36234724', '4');
INSERT INTO stop (busstop, service) VALUES ('36234724', '5');
INSERT INTO stop (busstop, service) VALUES ('36234724', '15');
INSERT INTO stop (busstop, service) VALUES ('36234724', '15A');
INSERT INTO stop (busstop, service) VALUES ('36234724', '26');
INSERT INTO stop (busstop, service) VALUES ('36234724', 'X26');
INSERT INTO stop (busstop, service) VALUES ('36234724', 'N26');
INSERT INTO busstop (sms, name, x, y) VALUES ('36234723', 'Northfield', '55.955070495605', '-3.1407549381256');
INSERT INTO stop (busstop, service) VALUES ('36234723', '4');
INSERT INTO stop (busstop, service) VALUES ('36234723', '5');
INSERT INTO stop (busstop, service) VALUES ('36234723', '69');
INSERT INTO busstop (sms, name, x, y) VALUES ('36235638', 'Lochend Park', '55.96346282959', '-3.1609311103821');
INSERT INTO stop (busstop, service) VALUES ('36235638', '34');
INSERT INTO stop (busstop, service) VALUES ('36235638', '49');
INSERT INTO busstop (sms, name, x, y) VALUES ('36235639', 'Woodville Terrac', '55.964862823486', '-3.1628630161285');
INSERT INTO stop (busstop, service) VALUES ('36235639', '34');
INSERT INTO stop (busstop, service) VALUES ('36235639', '49');
INSERT INTO busstop (sms, name, x, y) VALUES ('36235634', 'Pilrig Street', '55.964286804199', '-3.177216053009');
INSERT INTO stop (busstop, service) VALUES ('36235634', '7');
INSERT INTO stop (busstop, service) VALUES ('36235634', '10');
INSERT INTO stop (busstop, service) VALUES ('36235634', '12');
INSERT INTO stop (busstop, service) VALUES ('36235634', '14');
INSERT INTO stop (busstop, service) VALUES ('36235634', '16');
INSERT INTO stop (busstop, service) VALUES ('36235634', '22');
INSERT INTO stop (busstop, service) VALUES ('36235634', '25');
INSERT INTO stop (busstop, service) VALUES ('36235634', '49');
INSERT INTO stop (busstop, service) VALUES ('36235634', 'N22');
INSERT INTO stop (busstop, service) VALUES ('36235634', 'N25');
INSERT INTO busstop (sms, name, x, y) VALUES ('36242963', 'Ocean Terminal', '55.980205535889', '-3.1777470111847');
INSERT INTO stop (busstop, service) VALUES ('36242963', '36');
INSERT INTO busstop (sms, name, x, y) VALUES ('36235632', 'Pilrig Street', '55.96329498291', '-3.1785469055176');
INSERT INTO stop (busstop, service) VALUES ('36235632', '11');
INSERT INTO busstop (sms, name, x, y) VALUES ('36242965', 'Ocean Terminal', '55.98038482666', '-3.1775450706482');
INSERT INTO stop (busstop, service) VALUES ('36242965', '22');
INSERT INTO stop (busstop, service) VALUES ('36242965', 'N22');
INSERT INTO busstop (sms, name, x, y) VALUES ('36235264', 'Moredun Park Roa', '55.912456512451', '-3.126513004303');
INSERT INTO stop (busstop, service) VALUES ('36235264', '33');
INSERT INTO busstop (sms, name, x, y) VALUES ('36234728', 'Northfield Cresc', '55.949287414551', '-3.1391758918762');
INSERT INTO stop (busstop, service) VALUES ('36234728', '44');
INSERT INTO stop (busstop, service) VALUES ('36234728', '45');
INSERT INTO stop (busstop, service) VALUES ('36234728', 'N44');
INSERT INTO busstop (sms, name, x, y) VALUES ('36247686', 'Sheriff Court', '55.947437286377', '-3.1904759407043');
INSERT INTO stop (busstop, service) VALUES ('36247686', '35');
INSERT INTO busstop (sms, name, x, y) VALUES ('36248598', 'Roseburn Street', '55.940361022949', '-3.2391390800476');
INSERT INTO stop (busstop, service) VALUES ('36248598', '22');
INSERT INTO stop (busstop, service) VALUES ('36248598', '30');
INSERT INTO stop (busstop, service) VALUES ('36248598', 'N22');
INSERT INTO stop (busstop, service) VALUES ('36248598', 'N30');
INSERT INTO busstop (sms, name, x, y) VALUES ('36247864', 'opp. church', '55.959438323975', '-3.1548190116882');
INSERT INTO stop (busstop, service) VALUES ('36247864', '19');
INSERT INTO stop (busstop, service) VALUES ('36247864', '34');
INSERT INTO stop (busstop, service) VALUES ('36247864', '42');
INSERT INTO busstop (sms, name, x, y) VALUES ('36235267', 'Ferniehill Avenu', '55.907039642334', '-3.1312820911407');
INSERT INTO stop (busstop, service) VALUES ('36235267', '33');
INSERT INTO busstop (sms, name, x, y) VALUES ('36235759', 'St Johns Terrace', '55.94225692749', '-3.2779150009155');
INSERT INTO stop (busstop, service) VALUES ('36235759', '12');
INSERT INTO stop (busstop, service) VALUES ('36235759', '26');
INSERT INTO stop (busstop, service) VALUES ('36235759', '31');
INSERT INTO stop (busstop, service) VALUES ('36235759', '48');
INSERT INTO stop (busstop, service) VALUES ('36235759', 'N26');
INSERT INTO busstop (sms, name, x, y) VALUES ('36235758', 'St Johns Gardens', '55.941925048828', '-3.2752139568329');
INSERT INTO stop (busstop, service) VALUES ('36235758', '12');
INSERT INTO stop (busstop, service) VALUES ('36235758', '26');
INSERT INTO stop (busstop, service) VALUES ('36235758', '31');
INSERT INTO stop (busstop, service) VALUES ('36235758', '48');
INSERT INTO stop (busstop, service) VALUES ('36235758', 'N26');
INSERT INTO busstop (sms, name, x, y) VALUES ('36235753', 'Duncan Street', '55.935043334961', '-3.1793699264526');
INSERT INTO stop (busstop, service) VALUES ('36235753', '42');
INSERT INTO stop (busstop, service) VALUES ('36235753', '67');
INSERT INTO busstop (sms, name, x, y) VALUES ('64323748', 'Elm Row', '55.883502960205', '-3.112596988678');
INSERT INTO stop (busstop, service) VALUES ('64323748', '31');
INSERT INTO stop (busstop, service) VALUES ('64323748', 'X31');
INSERT INTO stop (busstop, service) VALUES ('64323748', 'N31');
INSERT INTO busstop (sms, name, x, y) VALUES ('36235754', 'Sciennes House P', '55.937610626221', '-3.1807930469513');
INSERT INTO stop (busstop, service) VALUES ('36235754', '42');
INSERT INTO stop (busstop, service) VALUES ('36235754', '67');
INSERT INTO busstop (sms, name, x, y) VALUES ('36235757', 'Downie Grove', '55.941699981689', '-3.2710919380188');
INSERT INTO stop (busstop, service) VALUES ('36235757', '12');
INSERT INTO stop (busstop, service) VALUES ('36235757', '26');
INSERT INTO stop (busstop, service) VALUES ('36235757', '31');
INSERT INTO stop (busstop, service) VALUES ('36235757', '48');
INSERT INTO stop (busstop, service) VALUES ('36235757', 'N26');
INSERT INTO busstop (sms, name, x, y) VALUES ('36235756', 'ZOO', '55.942138671875', '-3.2677919864655');
INSERT INTO stop (busstop, service) VALUES ('36235756', '12');
INSERT INTO stop (busstop, service) VALUES ('36235756', '26');
INSERT INTO stop (busstop, service) VALUES ('36235756', 'X26');
INSERT INTO stop (busstop, service) VALUES ('36235756', '31');
INSERT INTO stop (busstop, service) VALUES ('36235756', '48');
INSERT INTO stop (busstop, service) VALUES ('36235756', 'X48');
INSERT INTO stop (busstop, service) VALUES ('36235756', '100');
INSERT INTO stop (busstop, service) VALUES ('36235756', 'N26');
INSERT INTO busstop (sms, name, x, y) VALUES ('36238765', 'Carlton Street', '55.957427978516', '-3.2117340564728');
INSERT INTO stop (busstop, service) VALUES ('36238765', '36');
INSERT INTO busstop (sms, name, x, y) VALUES ('36234658', 'Durham Drive', '55.943572998047', '-3.1224839687347');
INSERT INTO stop (busstop, service) VALUES ('36234658', '5');
INSERT INTO busstop (sms, name, x, y) VALUES ('36238763', 'St Andrew Square', '55.953689575195', '-3.1925580501556');
INSERT INTO stop (busstop, service) VALUES ('36238763', '42');
INSERT INTO busstop (sms, name, x, y) VALUES ('36234653', 'Northfield Farm', '55.951522827148', '-3.1306409835815');
INSERT INTO stop (busstop, service) VALUES ('36234653', '5');
INSERT INTO busstop (sms, name, x, y) VALUES ('36234652', 'Mountcastle Terr', '55.95206451416', '-3.133444070816');
INSERT INTO stop (busstop, service) VALUES ('36234652', '5');
INSERT INTO busstop (sms, name, x, y) VALUES ('36234657', 'Durham Place Wes', '55.945114135742', '-3.1238260269165');
INSERT INTO stop (busstop, service) VALUES ('36234657', '5');
INSERT INTO busstop (sms, name, x, y) VALUES ('36234656', 'Durham Terrace', '55.947261810303', '-3.1258580684662');
INSERT INTO stop (busstop, service) VALUES ('36234656', '5');
INSERT INTO busstop (sms, name, x, y) VALUES ('36238769', 'St. Mary Street', '55.950145721436', '-3.1836891174316');
INSERT INTO stop (busstop, service) VALUES ('36238769', '36');
INSERT INTO busstop (sms, name, x, y) VALUES ('36238768', 'Station Road', '55.942485809326', '-3.279314994812');
INSERT INTO stop (busstop, service) VALUES ('36238768', '12');
INSERT INTO stop (busstop, service) VALUES ('36238768', '26');
INSERT INTO stop (busstop, service) VALUES ('36238768', '31');
INSERT INTO stop (busstop, service) VALUES ('36238768', '48');
INSERT INTO stop (busstop, service) VALUES ('36238768', 'X48');
INSERT INTO stop (busstop, service) VALUES ('36238768', 'N26');
INSERT INTO busstop (sms, name, x, y) VALUES ('58234684', 'Strawberry Corne', '55.942832946777', '-3.0064299106598');
INSERT INTO stop (busstop, service) VALUES ('58234684', '44');
INSERT INTO stop (busstop, service) VALUES ('58234684', 'N44');
INSERT INTO busstop (sms, name, x, y) VALUES ('58234686', 'Buxley Farm Road', '55.927261352539', '-2.9381508827209');
INSERT INTO stop (busstop, service) VALUES ('58234686', '44');
INSERT INTO busstop (sms, name, x, y) VALUES ('36235826', 'Kinellen Road', '55.946147918701', '-3.250804901123');
INSERT INTO stop (busstop, service) VALUES ('36235826', '38');
INSERT INTO busstop (sms, name, x, y) VALUES ('58234689', 'School Kitchen s', '55.912647247314', '-2.9433810710907');
INSERT INTO stop (busstop, service) VALUES ('58234689', '44');
INSERT INTO busstop (sms, name, x, y) VALUES ('36232534', 'Scott Monument', '55.952472686768', '-3.1948750019073');
INSERT INTO stop (busstop, service) VALUES ('36232534', '100');
INSERT INTO busstop (sms, name, x, y) VALUES ('58232862', 'Newhailes Road', '55.940803527832', '-3.0722589492798');
INSERT INTO stop (busstop, service) VALUES ('58232862', '45');
INSERT INTO busstop (sms, name, x, y) VALUES ('36235832', 'Kinellen Road', '55.948337554932', '-3.2483289241791');
INSERT INTO stop (busstop, service) VALUES ('36235832', '38');
INSERT INTO busstop (sms, name, x, y) VALUES ('64324278', 'Craigiebield Cre', '55.827163696289', '-3.2262470722198');
INSERT INTO stop (busstop, service) VALUES ('64324278', '37');
INSERT INTO stop (busstop, service) VALUES ('64324278', 'X47');
INSERT INTO stop (busstop, service) VALUES ('64324278', 'N37');
INSERT INTO busstop (sms, name, x, y) VALUES ('64324398', 'Gorton Road', '55.850936889648', '-3.1364250183105');
INSERT INTO stop (busstop, service) VALUES ('64324398', '31');
INSERT INTO stop (busstop, service) VALUES ('64324398', '49');
INSERT INTO busstop (sms, name, x, y) VALUES ('64324276', 'Clerk Road', '55.82893371582', '-3.2376370429993');
INSERT INTO stop (busstop, service) VALUES ('64324276', '37');
INSERT INTO stop (busstop, service) VALUES ('64324276', 'X47');
INSERT INTO stop (busstop, service) VALUES ('64324276', 'N37');
INSERT INTO busstop (sms, name, x, y) VALUES ('64324275', 'Clerk Road', '55.828754425049', '-3.2376320362091');
INSERT INTO stop (busstop, service) VALUES ('64324275', '37');
INSERT INTO stop (busstop, service) VALUES ('64324275', 'X47');
INSERT INTO stop (busstop, service) VALUES ('64324275', 'N37');
INSERT INTO busstop (sms, name, x, y) VALUES ('64324272', 'Beeslack High Sc', '55.84049987793', '-3.2132520675659');
INSERT INTO stop (busstop, service) VALUES ('64324272', '15');
INSERT INTO stop (busstop, service) VALUES ('64324272', '15A');
INSERT INTO stop (busstop, service) VALUES ('64324272', '37');
INSERT INTO stop (busstop, service) VALUES ('64324272', '47');
INSERT INTO stop (busstop, service) VALUES ('64324272', 'X47');
INSERT INTO stop (busstop, service) VALUES ('64324272', 'N37');
INSERT INTO busstop (sms, name, x, y) VALUES ('36234248', 'Hermitage Place', '55.969333648682', '-3.1643269062042');
INSERT INTO stop (busstop, service) VALUES ('36234248', '12');
INSERT INTO stop (busstop, service) VALUES ('36234248', '21');
INSERT INTO stop (busstop, service) VALUES ('36234248', '25');
INSERT INTO stop (busstop, service) VALUES ('36234248', 'N25');
INSERT INTO busstop (sms, name, x, y) VALUES ('36234249', 'Academy Park', '55.968036651611', '-3.1683580875397');
INSERT INTO stop (busstop, service) VALUES ('36234249', '1');
INSERT INTO stop (busstop, service) VALUES ('36234249', '35');
INSERT INTO busstop (sms, name, x, y) VALUES ('36234245', 'Seafield Cemeter', '55.969276428223', '-3.1453070640564');
INSERT INTO stop (busstop, service) VALUES ('36234245', '12');
INSERT INTO busstop (sms, name, x, y) VALUES ('36234246', 'Claremont Park', '55.970062255859', '-3.1556489467621');
INSERT INTO stop (busstop, service) VALUES ('36234246', '12');
INSERT INTO busstop (sms, name, x, y) VALUES ('36234247', 'Links Gardens', '55.969753265381', '-3.160943031311');
INSERT INTO stop (busstop, service) VALUES ('36234247', '12');
INSERT INTO stop (busstop, service) VALUES ('36234247', '21');
INSERT INTO stop (busstop, service) VALUES ('36234247', '25');
INSERT INTO stop (busstop, service) VALUES ('36234247', 'N25');
INSERT INTO busstop (sms, name, x, y) VALUES ('36234242', 'Craigentinny Ave', '55.958606719971', '-3.1380560398102');
INSERT INTO stop (busstop, service) VALUES ('36234242', '21');
INSERT INTO stop (busstop, service) VALUES ('36234242', '25');
INSERT INTO stop (busstop, service) VALUES ('36234242', 'N25');
INSERT INTO busstop (sms, name, x, y) VALUES ('36232538', 'Rose Street', '55.953071594238', '-3.1969110965729');
INSERT INTO stop (busstop, service) VALUES ('36232538', '45');
INSERT INTO busstop (sms, name, x, y) VALUES ('36232539', 'Rose Street', '55.952625274658', '-3.1965770721436');
INSERT INTO stop (busstop, service) VALUES ('36232539', '23');
INSERT INTO stop (busstop, service) VALUES ('36232539', 'X26');
INSERT INTO stop (busstop, service) VALUES ('36232539', '27');
INSERT INTO stop (busstop, service) VALUES ('36232539', '45');
INSERT INTO busstop (sms, name, x, y) VALUES ('58232949', 'Main Road', '55.909870147705', '-2.8966820240021');
INSERT INTO stop (busstop, service) VALUES ('58232949', '44');
INSERT INTO busstop (sms, name, x, y) VALUES ('36243796', 'Royal Infirmary', '55.92147064209', '-3.1369349956512');
INSERT INTO stop (busstop, service) VALUES ('36243796', '8');
INSERT INTO busstop (sms, name, x, y) VALUES ('64324394', 'Pentland Road', '55.872165679932', '-3.1223890781403');
INSERT INTO stop (busstop, service) VALUES ('64324394', '31');
INSERT INTO stop (busstop, service) VALUES ('64324394', '49');
INSERT INTO busstop (sms, name, x, y) VALUES ('36232769', 'Pennywell Road', '55.971416473389', '-3.2522768974304');
INSERT INTO stop (busstop, service) VALUES ('36232769', '24');
INSERT INTO stop (busstop, service) VALUES ('36232769', '27');
INSERT INTO stop (busstop, service) VALUES ('36232769', '32');
INSERT INTO stop (busstop, service) VALUES ('36232769', '37');
INSERT INTO stop (busstop, service) VALUES ('36232769', 'N37');
INSERT INTO busstop (sms, name, x, y) VALUES ('36232768', 'Pennywell Road', '55.969528198242', '-3.2506461143494');
INSERT INTO stop (busstop, service) VALUES ('36232768', '24');
INSERT INTO stop (busstop, service) VALUES ('36232768', '27');
INSERT INTO stop (busstop, service) VALUES ('36232768', '32');
INSERT INTO stop (busstop, service) VALUES ('36232768', '37');
INSERT INTO stop (busstop, service) VALUES ('36232768', 'N37');
INSERT INTO busstop (sms, name, x, y) VALUES ('36234526', 'Greendykes', '55.92947769165', '-3.1233410835266');
INSERT INTO stop (busstop, service) VALUES ('36234526', '14');
INSERT INTO busstop (sms, name, x, y) VALUES ('36232762', 'Silverknowes Par', '55.971397399902', '-3.2719368934631');
INSERT INTO stop (busstop, service) VALUES ('36232762', '29');
INSERT INTO stop (busstop, service) VALUES ('36232762', 'X29');
INSERT INTO stop (busstop, service) VALUES ('36232762', 'N37');
INSERT INTO busstop (sms, name, x, y) VALUES ('36232765', 'Silverknowes Cou', '55.969425201416', '-3.2705590724945');
INSERT INTO stop (busstop, service) VALUES ('36232765', '29');
INSERT INTO stop (busstop, service) VALUES ('36232765', 'X29');
INSERT INTO busstop (sms, name, x, y) VALUES ('36232764', 'Silverknowes', '55.969242095947', '-3.2700719833374');
INSERT INTO stop (busstop, service) VALUES ('36232764', '29');
INSERT INTO stop (busstop, service) VALUES ('36232764', 'X29');
INSERT INTO stop (busstop, service) VALUES ('36232764', 'N37');
INSERT INTO busstop (sms, name, x, y) VALUES ('36232767', 'Craigroyston Com', '55.9677734375', '-3.249340057373');
INSERT INTO stop (busstop, service) VALUES ('36232767', '24');
INSERT INTO stop (busstop, service) VALUES ('36232767', '27');
INSERT INTO stop (busstop, service) VALUES ('36232767', '32');
INSERT INTO stop (busstop, service) VALUES ('36232767', '37');
INSERT INTO stop (busstop, service) VALUES ('36232767', 'N37');
INSERT INTO busstop (sms, name, x, y) VALUES ('36246345', 'North Street', '55.921539306641', '-3.3808999061584');
INSERT INTO stop (busstop, service) VALUES ('36246345', '48');
INSERT INTO stop (busstop, service) VALUES ('36246345', 'X48');
INSERT INTO busstop (sms, name, x, y) VALUES ('58232923', 'Muirpark', '55.939605712891', '-2.9451251029968');
INSERT INTO stop (busstop, service) VALUES ('58232923', '26');
INSERT INTO busstop (sms, name, x, y) VALUES ('58232927', 'Cross Loan', '55.913516998291', '-2.9363949298859');
INSERT INTO stop (busstop, service) VALUES ('58232927', '44');
INSERT INTO busstop (sms, name, x, y) VALUES ('58232926', 'Waterloo Road', '55.936561584473', '-2.941752910614');
INSERT INTO stop (busstop, service) VALUES ('58232926', '44');
INSERT INTO busstop (sms, name, x, y) VALUES ('36234398', 'Hay Avenue', '55.933753967285', '-3.1233530044556');
INSERT INTO stop (busstop, service) VALUES ('36234398', '2');
INSERT INTO stop (busstop, service) VALUES ('36234398', '21');
INSERT INTO stop (busstop, service) VALUES ('36234398', '30');
INSERT INTO stop (busstop, service) VALUES ('36234398', 'N30');
INSERT INTO busstop (sms, name, x, y) VALUES ('58232924', 'Muirpark Terr', '55.941299438477', '-2.9422678947449');
INSERT INTO stop (busstop, service) VALUES ('58232924', '26');
INSERT INTO busstop (sms, name, x, y) VALUES ('36234396', 'Jack Kane Centre', '55.933929443359', '-3.1166989803314');
INSERT INTO stop (busstop, service) VALUES ('36234396', '2');
INSERT INTO stop (busstop, service) VALUES ('36234396', '21');
INSERT INTO stop (busstop, service) VALUES ('36234396', '30');
INSERT INTO stop (busstop, service) VALUES ('36234396', 'N30');
INSERT INTO busstop (sms, name, x, y) VALUES ('36234397', 'Jack Kane Centre', '55.934104919434', '-3.120080947876');
INSERT INTO stop (busstop, service) VALUES ('36234397', '2');
INSERT INTO stop (busstop, service) VALUES ('36234397', '21');
INSERT INTO stop (busstop, service) VALUES ('36234397', '30');
INSERT INTO stop (busstop, service) VALUES ('36234397', 'N30');
INSERT INTO busstop (sms, name, x, y) VALUES ('36234394', 'Quarry Cottages', '55.93350982666', '-3.1083469390869');
INSERT INTO stop (busstop, service) VALUES ('36234394', '30');
INSERT INTO stop (busstop, service) VALUES ('36234394', 'N30');
INSERT INTO busstop (sms, name, x, y) VALUES ('36234395', 'Peacocktail Clos', '55.933631896973', '-3.1111350059509');
INSERT INTO stop (busstop, service) VALUES ('36234395', '30');
INSERT INTO stop (busstop, service) VALUES ('36234395', 'N30');
INSERT INTO busstop (sms, name, x, y) VALUES ('36234392', 'Whitehill Street', '55.933753967285', '-3.1104989051819');
INSERT INTO stop (busstop, service) VALUES ('36234392', '30');
INSERT INTO stop (busstop, service) VALUES ('36234392', 'N30');
INSERT INTO busstop (sms, name, x, y) VALUES ('36234393', 'Quarry Cottages', '55.933704376221', '-3.1089611053467');
INSERT INTO stop (busstop, service) VALUES ('36234393', '30');
INSERT INTO stop (busstop, service) VALUES ('36234393', 'N30');
INSERT INTO busstop (sms, name, x, y) VALUES ('58232749', 'St. Josephs Sch', '55.955108642578', '-2.95174908638');
INSERT INTO stop (busstop, service) VALUES ('58232749', '26');
INSERT INTO busstop (sms, name, x, y) VALUES ('58232748', 'St Josephs Sch', '55.955577850342', '-2.9514560699463');
INSERT INTO stop (busstop, service) VALUES ('58232748', '26');
INSERT INTO busstop (sms, name, x, y) VALUES ('58232743', 'Dovecot Brae', '55.950756072998', '-2.9557259082794');
INSERT INTO stop (busstop, service) VALUES ('58232743', '26');
INSERT INTO busstop (sms, name, x, y) VALUES ('58232742', 'Fire Station', '55.947364807129', '-2.9554181098938');
INSERT INTO stop (busstop, service) VALUES ('58232742', '26');
INSERT INTO busstop (sms, name, x, y) VALUES ('36234862', 'Sighthill', '55.92350769043', '-3.2828190326691');
INSERT INTO stop (busstop, service) VALUES ('36234862', '3');
INSERT INTO stop (busstop, service) VALUES ('36234862', '3A');
INSERT INTO stop (busstop, service) VALUES ('36234862', '21');
INSERT INTO stop (busstop, service) VALUES ('36234862', '25');
INSERT INTO stop (busstop, service) VALUES ('36234862', '32');
INSERT INTO stop (busstop, service) VALUES ('36234862', '34');
INSERT INTO stop (busstop, service) VALUES ('36234862', '35');
INSERT INTO stop (busstop, service) VALUES ('36234862', '109');
INSERT INTO stop (busstop, service) VALUES ('36234862', 'N25');
INSERT INTO busstop (sms, name, x, y) VALUES ('36234863', 'Sighthill Shops', '55.922843933105', '-3.287614107132');
INSERT INTO stop (busstop, service) VALUES ('36234863', '3');
INSERT INTO stop (busstop, service) VALUES ('36234863', '3A');
INSERT INTO stop (busstop, service) VALUES ('36234863', '21');
INSERT INTO stop (busstop, service) VALUES ('36234863', '25');
INSERT INTO stop (busstop, service) VALUES ('36234863', 'X25');
INSERT INTO stop (busstop, service) VALUES ('36234863', '32');
INSERT INTO stop (busstop, service) VALUES ('36234863', '34');
INSERT INTO stop (busstop, service) VALUES ('36234863', '35');
INSERT INTO stop (busstop, service) VALUES ('36234863', '109');
INSERT INTO stop (busstop, service) VALUES ('36234863', 'N25');
INSERT INTO busstop (sms, name, x, y) VALUES ('36234864', 'Bankhead Roundab', '55.921909332275', '-3.2928960323334');
INSERT INTO stop (busstop, service) VALUES ('36234864', '25');
INSERT INTO stop (busstop, service) VALUES ('36234864', 'X25');
INSERT INTO stop (busstop, service) VALUES ('36234864', '32');
INSERT INTO stop (busstop, service) VALUES ('36234864', '34');
INSERT INTO stop (busstop, service) VALUES ('36234864', '109');
INSERT INTO stop (busstop, service) VALUES ('36234864', 'N25');
INSERT INTO busstop (sms, name, x, y) VALUES ('58232746', 'Church Street', '55.94847869873', '-2.9561820030212');
INSERT INTO stop (busstop, service) VALUES ('58232746', '26');
INSERT INTO busstop (sms, name, x, y) VALUES ('36234866', 'Calder View', '55.920845031738', '-3.2982859611511');
INSERT INTO stop (busstop, service) VALUES ('36234866', '25');
INSERT INTO stop (busstop, service) VALUES ('36234866', '32');
INSERT INTO stop (busstop, service) VALUES ('36234866', '34');
INSERT INTO busstop (sms, name, x, y) VALUES ('36234867', 'Calder View', '55.920845031738', '-3.2982859611511');
INSERT INTO stop (busstop, service) VALUES ('36234867', '25');
INSERT INTO stop (busstop, service) VALUES ('36234867', 'X25');
INSERT INTO stop (busstop, service) VALUES ('36234867', '34');
INSERT INTO stop (busstop, service) VALUES ('36234867', '109');
INSERT INTO stop (busstop, service) VALUES ('36234867', 'N25');
INSERT INTO busstop (sms, name, x, y) VALUES ('36232498', 'St Pauls & St G', '55.956607818604', '-3.1888360977173');
INSERT INTO stop (busstop, service) VALUES ('36232498', '4');
INSERT INTO stop (busstop, service) VALUES ('36232498', '10');
INSERT INTO stop (busstop, service) VALUES ('36232498', '11');
INSERT INTO stop (busstop, service) VALUES ('36232498', '12');
INSERT INTO stop (busstop, service) VALUES ('36232498', '15');
INSERT INTO stop (busstop, service) VALUES ('36232498', '15A');
INSERT INTO stop (busstop, service) VALUES ('36232498', '16');
INSERT INTO stop (busstop, service) VALUES ('36232498', '26');
INSERT INTO stop (busstop, service) VALUES ('36232498', '44');
INSERT INTO stop (busstop, service) VALUES ('36232498', '45');
INSERT INTO busstop (sms, name, x, y) VALUES ('36232497', 'Elder Street', '55.956085205078', '-3.1918950080872');
INSERT INTO stop (busstop, service) VALUES ('36232497', '4');
INSERT INTO stop (busstop, service) VALUES ('36232497', '8');
INSERT INTO stop (busstop, service) VALUES ('36232497', '10');
INSERT INTO stop (busstop, service) VALUES ('36232497', '11');
INSERT INTO stop (busstop, service) VALUES ('36232497', '12');
INSERT INTO stop (busstop, service) VALUES ('36232497', '15');
INSERT INTO stop (busstop, service) VALUES ('36232497', '15A');
INSERT INTO stop (busstop, service) VALUES ('36232497', '16');
INSERT INTO stop (busstop, service) VALUES ('36232497', '26');
INSERT INTO stop (busstop, service) VALUES ('36232497', '44');
INSERT INTO stop (busstop, service) VALUES ('36232497', '45');
INSERT INTO busstop (sms, name, x, y) VALUES ('36232496', 'St Andrew Square', '55.953155517578', '-3.193806886673');
INSERT INTO stop (busstop, service) VALUES ('36232496', '8');
INSERT INTO stop (busstop, service) VALUES ('36232496', '10');
INSERT INTO stop (busstop, service) VALUES ('36232496', '11');
INSERT INTO stop (busstop, service) VALUES ('36232496', '12');
INSERT INTO stop (busstop, service) VALUES ('36232496', '16');
INSERT INTO busstop (sms, name, x, y) VALUES ('36232494', 'Waverley Bridge', '55.951686859131', '-3.1915829181671');
INSERT INTO stop (busstop, service) VALUES ('36232494', '24');
INSERT INTO stop (busstop, service) VALUES ('36232494', '36');
INSERT INTO stop (busstop, service) VALUES ('36232494', '41');
INSERT INTO stop (busstop, service) VALUES ('36232494', '42');
INSERT INTO stop (busstop, service) VALUES ('36232494', '67');
INSERT INTO busstop (sms, name, x, y) VALUES ('36232493', 'Waverley Bridge', '55.951568603516', '-3.1917719841003');
INSERT INTO stop (busstop, service) VALUES ('36232493', '100');
INSERT INTO busstop (sms, name, x, y) VALUES ('36242424', 'Fraser Aveenue', '55.9733543396', '-3.2150518894196');
INSERT INTO stop (busstop, service) VALUES ('36242424', '8');
INSERT INTO stop (busstop, service) VALUES ('36242424', '14');
INSERT INTO stop (busstop, service) VALUES ('36242424', 'N8');
INSERT INTO busstop (sms, name, x, y) VALUES ('58232329', 'Heritage Museum', '55.949485778809', '-3.0145769119263');
INSERT INTO stop (busstop, service) VALUES ('58232329', '26');
INSERT INTO stop (busstop, service) VALUES ('58232329', 'X26');
INSERT INTO stop (busstop, service) VALUES ('58232329', 'N26');
INSERT INTO busstop (sms, name, x, y) VALUES ('58232328', 'Westpans', '55.947746276855', '-3.0197999477386');
INSERT INTO stop (busstop, service) VALUES ('58232328', '26');
INSERT INTO stop (busstop, service) VALUES ('58232328', 'X26');
INSERT INTO stop (busstop, service) VALUES ('58232328', 'N26');
INSERT INTO busstop (sms, name, x, y) VALUES ('36237289', 'Bangholm Place', '55.971839904785', '-3.2036440372467');
INSERT INTO stop (busstop, service) VALUES ('36237289', '14');
INSERT INTO stop (busstop, service) VALUES ('36237289', '21');
INSERT INTO busstop (sms, name, x, y) VALUES ('36237285', 'Caithness Place', '55.974632263184', '-3.2067110538483');
INSERT INTO stop (busstop, service) VALUES ('36237285', '23');
INSERT INTO busstop (sms, name, x, y) VALUES ('36237284', 'Denham Green Ave', '55.973659515381', '-3.2059919834137');
INSERT INTO stop (busstop, service) VALUES ('36237284', '23');
INSERT INTO busstop (sms, name, x, y) VALUES ('36237287', 'Trinity Road', '55.976375579834', '-3.2083361148834');
INSERT INTO stop (busstop, service) VALUES ('36237287', '23');
INSERT INTO busstop (sms, name, x, y) VALUES ('36237286', 'Caithness Place', '55.974941253662', '-3.2071530818939');
INSERT INTO stop (busstop, service) VALUES ('36237286', '23');
INSERT INTO busstop (sms, name, x, y) VALUES ('58232325', 'Ravensheugh Cres', '55.946376800537', '-3.0224859714508');
INSERT INTO stop (busstop, service) VALUES ('58232325', '26');
INSERT INTO stop (busstop, service) VALUES ('58232325', 'X26');
INSERT INTO stop (busstop, service) VALUES ('58232325', 'N26');
INSERT INTO busstop (sms, name, x, y) VALUES ('58232324', 'Hope Place', '55.945190429688', '-3.0246970653534');
INSERT INTO stop (busstop, service) VALUES ('58232324', '26');
INSERT INTO stop (busstop, service) VALUES ('58232324', 'X26');
INSERT INTO stop (busstop, service) VALUES ('58232324', 'N26');
INSERT INTO busstop (sms, name, x, y) VALUES ('36237283', 'Denham Green Ave', '55.973182678223', '-3.2058479785919');
INSERT INTO stop (busstop, service) VALUES ('36237283', '23');
INSERT INTO busstop (sms, name, x, y) VALUES ('36237282', 'Bangholm Avenue', '55.972045898438', '-3.2048199176788');
INSERT INTO stop (busstop, service) VALUES ('36237282', '23');
INSERT INTO busstop (sms, name, x, y) VALUES ('36235354', 'Dovecot Park', '55.915367126465', '-3.2610778808594');
INSERT INTO stop (busstop, service) VALUES ('36235354', '44');
INSERT INTO stop (busstop, service) VALUES ('36235354', 'N44');
INSERT INTO busstop (sms, name, x, y) VALUES ('36235357', 'Arnott Gardens', '55.918830871582', '-3.2586460113525');
INSERT INTO stop (busstop, service) VALUES ('36235357', '44');
INSERT INTO stop (busstop, service) VALUES ('36235357', 'N44');
INSERT INTO busstop (sms, name, x, y) VALUES ('36235356', 'Kingsknowe Drive', '55.917236328125', '-3.2598750591278');
INSERT INTO stop (busstop, service) VALUES ('36235356', '44');
INSERT INTO stop (busstop, service) VALUES ('36235356', 'N44');
INSERT INTO busstop (sms, name, x, y) VALUES ('36235353', 'Kingsknowe Rd St', '55.913677215576', '-3.262542963028');
INSERT INTO stop (busstop, service) VALUES ('36235353', '20');
INSERT INTO stop (busstop, service) VALUES ('36235353', '44');
INSERT INTO stop (busstop, service) VALUES ('36235353', 'N44');
INSERT INTO busstop (sms, name, x, y) VALUES ('36235352', 'Kingsknowe Rd St', '55.91255569458', '-3.2644259929657');
INSERT INTO stop (busstop, service) VALUES ('36235352', '20');
INSERT INTO stop (busstop, service) VALUES ('36235352', '44');
INSERT INTO stop (busstop, service) VALUES ('36235352', 'N44');
INSERT INTO busstop (sms, name, x, y) VALUES ('36239397', 'Holiday Inn', '55.978744506836', '-3.1800110340118');
INSERT INTO stop (busstop, service) VALUES ('36239397', '1');
INSERT INTO stop (busstop, service) VALUES ('36239397', '11');
INSERT INTO stop (busstop, service) VALUES ('36239397', '21');
INSERT INTO stop (busstop, service) VALUES ('36239397', '22');
INSERT INTO stop (busstop, service) VALUES ('36239397', '34');
INSERT INTO stop (busstop, service) VALUES ('36239397', '35');
INSERT INTO stop (busstop, service) VALUES ('36239397', '36');
INSERT INTO stop (busstop, service) VALUES ('36239397', 'N22');
INSERT INTO busstop (sms, name, x, y) VALUES ('36235359', 'Hall Drive', '55.923713684082', '-3.2520349025726');
INSERT INTO stop (busstop, service) VALUES ('36235359', '20');
INSERT INTO stop (busstop, service) VALUES ('36235359', '34');
INSERT INTO busstop (sms, name, x, y) VALUES ('36235358', 'Stoneyport', '55.9211769104', '-3.2542569637299');
INSERT INTO stop (busstop, service) VALUES ('36235358', '44');
INSERT INTO stop (busstop, service) VALUES ('36235358', 'N44');
INSERT INTO busstop (sms, name, x, y) VALUES ('36239392', 'Holiday Inn', '55.978843688965', '-3.1801099777222');
INSERT INTO stop (busstop, service) VALUES ('36239392', '1');
INSERT INTO stop (busstop, service) VALUES ('36239392', '11');
INSERT INTO stop (busstop, service) VALUES ('36239392', '22');
INSERT INTO stop (busstop, service) VALUES ('36239392', '34');
INSERT INTO stop (busstop, service) VALUES ('36239392', '35');
INSERT INTO stop (busstop, service) VALUES ('36239392', '36');
INSERT INTO stop (busstop, service) VALUES ('36239392', 'N22');
INSERT INTO busstop (sms, name, x, y) VALUES ('64323462', 'Technopole', '55.862701416016', '-3.2033979892731');
INSERT INTO stop (busstop, service) VALUES ('64323462', '15A');
INSERT INTO stop (busstop, service) VALUES ('64323462', '47');
INSERT INTO stop (busstop, service) VALUES ('64323462', '67');
INSERT INTO busstop (sms, name, x, y) VALUES ('64323463', 'Technopole', '55.862503051758', '-3.203360080719');
INSERT INTO stop (busstop, service) VALUES ('64323463', '15A');
INSERT INTO stop (busstop, service) VALUES ('64323463', '47');
INSERT INTO stop (busstop, service) VALUES ('64323463', '67');
INSERT INTO busstop (sms, name, x, y) VALUES ('36236394', 'Grove Street', '55.946090698242', '-3.2125480175018');
INSERT INTO stop (busstop, service) VALUES ('36236394', '2');
INSERT INTO busstop (sms, name, x, y) VALUES ('36236395', 'Torphichen Stree', '55.947090148926', '-3.2129480838776');
INSERT INTO stop (busstop, service) VALUES ('36236395', '2');
INSERT INTO busstop (sms, name, x, y) VALUES ('36236392', 'Semple Street', '55.944919586182', '-3.2064909934998');
INSERT INTO stop (busstop, service) VALUES ('36236392', '1');
INSERT INTO stop (busstop, service) VALUES ('36236392', '2');
INSERT INTO stop (busstop, service) VALUES ('36236392', '34');
INSERT INTO stop (busstop, service) VALUES ('36236392', '35');
INSERT INTO busstop (sms, name, x, y) VALUES ('36236393', 'Semple Street', '55.945777893066', '-3.2075750827789');
INSERT INTO stop (busstop, service) VALUES ('36236393', '2');
INSERT INTO busstop (sms, name, x, y) VALUES ('36232382', 'St Andrew Square', '55.954971313477', '-3.1947588920593');
INSERT INTO stop (busstop, service) VALUES ('36232382', '4');
INSERT INTO stop (busstop, service) VALUES ('36232382', '15');
INSERT INTO stop (busstop, service) VALUES ('36232382', '15A');
INSERT INTO stop (busstop, service) VALUES ('36232382', '26');
INSERT INTO stop (busstop, service) VALUES ('36232382', '44');
INSERT INTO stop (busstop, service) VALUES ('36232382', '45');
INSERT INTO busstop (sms, name, x, y) VALUES ('36232385', 'St Andrew Square', '55.955005645752', '-3.1927909851074');
INSERT INTO stop (busstop, service) VALUES ('36232385', '11');
INSERT INTO stop (busstop, service) VALUES ('36232385', '15');
INSERT INTO stop (busstop, service) VALUES ('36232385', '22');
INSERT INTO stop (busstop, service) VALUES ('36232385', 'X26');
INSERT INTO stop (busstop, service) VALUES ('36232385', '42');
INSERT INTO stop (busstop, service) VALUES ('36232385', '67');
INSERT INTO busstop (sms, name, x, y) VALUES ('36232389', 'The Dome', '55.953712463379', '-3.195858001709');
INSERT INTO stop (busstop, service) VALUES ('36232389', '45');
INSERT INTO busstop (sms, name, x, y) VALUES ('64323862', 'Hawthorn Centre', '55.877124786377', '-3.0447850227356');
INSERT INTO stop (busstop, service) VALUES ('64323862', '3');
INSERT INTO stop (busstop, service) VALUES ('64323862', '3A');
INSERT INTO stop (busstop, service) VALUES ('64323862', 'N3');
INSERT INTO busstop (sms, name, x, y) VALUES ('64323863', 'Hawthorn Crescen', '55.878513336182', '-3.0464210510254');
INSERT INTO stop (busstop, service) VALUES ('64323863', '3');
INSERT INTO stop (busstop, service) VALUES ('64323863', '3A');
INSERT INTO stop (busstop, service) VALUES ('64323863', 'N3');
INSERT INTO busstop (sms, name, x, y) VALUES ('36232543', 'Frederick Street', '55.951198577881', '-3.201112985611');
INSERT INTO stop (busstop, service) VALUES ('36232543', '12');
INSERT INTO stop (busstop, service) VALUES ('36232543', '26');
INSERT INTO stop (busstop, service) VALUES ('36232543', 'X26');
INSERT INTO stop (busstop, service) VALUES ('36232543', '31');
INSERT INTO stop (busstop, service) VALUES ('36232543', 'X31');
INSERT INTO stop (busstop, service) VALUES ('36232543', 'N26');
INSERT INTO busstop (sms, name, x, y) VALUES ('64323861', 'Hughes Crescent', '55.870662689209', '-3.029284954071');
INSERT INTO stop (busstop, service) VALUES ('64323861', '3');
INSERT INTO stop (busstop, service) VALUES ('64323861', 'N3');
INSERT INTO busstop (sms, name, x, y) VALUES ('36232545', 'Castle Street', '55.951084136963', '-3.2017660140991');
INSERT INTO stop (busstop, service) VALUES ('36232545', '1');
INSERT INTO stop (busstop, service) VALUES ('36232545', '3');
INSERT INTO stop (busstop, service) VALUES ('36232545', '3A');
INSERT INTO stop (busstop, service) VALUES ('36232545', '4');
INSERT INTO stop (busstop, service) VALUES ('36232545', '22');
INSERT INTO stop (busstop, service) VALUES ('36232545', '25');
INSERT INTO stop (busstop, service) VALUES ('36232545', 'X25');
INSERT INTO stop (busstop, service) VALUES ('36232545', '30');
INSERT INTO stop (busstop, service) VALUES ('36232545', '33');
INSERT INTO stop (busstop, service) VALUES ('36232545', '34');
INSERT INTO stop (busstop, service) VALUES ('36232545', '44');
INSERT INTO stop (busstop, service) VALUES ('36232545', '44A');
INSERT INTO stop (busstop, service) VALUES ('36232545', 'N22');
INSERT INTO stop (busstop, service) VALUES ('36232545', 'N25');
INSERT INTO stop (busstop, service) VALUES ('36232545', 'N30');
INSERT INTO stop (busstop, service) VALUES ('36232545', 'N44');
INSERT INTO busstop (sms, name, x, y) VALUES ('64323867', 'Hughes Crescent', '55.870662689209', '-3.029284954071');
INSERT INTO stop (busstop, service) VALUES ('64323867', '3');
INSERT INTO stop (busstop, service) VALUES ('64323867', '29');
INSERT INTO busstop (sms, name, x, y) VALUES ('36232547', 'Rutland Street', '55.949535369873', '-3.2067949771881');
INSERT INTO stop (busstop, service) VALUES ('36232547', '1');
INSERT INTO stop (busstop, service) VALUES ('36232547', '22');
INSERT INTO stop (busstop, service) VALUES ('36232547', 'X25');
INSERT INTO stop (busstop, service) VALUES ('36232547', '30');
INSERT INTO stop (busstop, service) VALUES ('36232547', '34');
INSERT INTO stop (busstop, service) VALUES ('36232547', 'N8');
INSERT INTO stop (busstop, service) VALUES ('36232547', 'N22');
INSERT INTO stop (busstop, service) VALUES ('36232547', 'N30');
INSERT INTO busstop (sms, name, x, y) VALUES ('64323865', 'Hill Place', '55.867622375488', '-3.0379939079285');
INSERT INTO stop (busstop, service) VALUES ('64323865', '3');
INSERT INTO stop (busstop, service) VALUES ('64323865', '29');
INSERT INTO busstop (sms, name, x, y) VALUES ('36232549', 'Festival Square', '55.947151184082', '-3.2058238983154');
INSERT INTO stop (busstop, service) VALUES ('36232549', '1');
INSERT INTO stop (busstop, service) VALUES ('36232549', '10');
INSERT INTO stop (busstop, service) VALUES ('36232549', '11');
INSERT INTO stop (busstop, service) VALUES ('36232549', '15');
INSERT INTO stop (busstop, service) VALUES ('36232549', '15A');
INSERT INTO stop (busstop, service) VALUES ('36232549', '16');
INSERT INTO stop (busstop, service) VALUES ('36232549', '24');
INSERT INTO stop (busstop, service) VALUES ('36232549', '34');
INSERT INTO stop (busstop, service) VALUES ('36232549', 'N8');
INSERT INTO stop (busstop, service) VALUES ('36232549', 'N16');
INSERT INTO busstop (sms, name, x, y) VALUES ('36232548', 'St Cuthberts Ch', '55.949363708496', '-3.2066769599915');
INSERT INTO stop (busstop, service) VALUES ('36232548', '10');
INSERT INTO stop (busstop, service) VALUES ('36232548', '11');
INSERT INTO stop (busstop, service) VALUES ('36232548', '15');
INSERT INTO stop (busstop, service) VALUES ('36232548', '15A');
INSERT INTO stop (busstop, service) VALUES ('36232548', '16');
INSERT INTO stop (busstop, service) VALUES ('36232548', '24');
INSERT INTO stop (busstop, service) VALUES ('36232548', 'N16');
INSERT INTO busstop (sms, name, x, y) VALUES ('64323868', 'Hughes Crescent', '55.870838165283', '-3.0294499397278');
INSERT INTO stop (busstop, service) VALUES ('64323868', '3');
INSERT INTO stop (busstop, service) VALUES ('64323868', '29');
INSERT INTO busstop (sms, name, x, y) VALUES ('64323869', 'Cook Crescent', '55.866157531738', '-3.0409910678864');
INSERT INTO stop (busstop, service) VALUES ('64323869', '3');
INSERT INTO stop (busstop, service) VALUES ('64323869', '29');
INSERT INTO busstop (sms, name, x, y) VALUES ('36245969', 'Hermiston Gait', '55.927398681641', '-3.3076279163361');
INSERT INTO stop (busstop, service) VALUES ('36245969', '2');
INSERT INTO stop (busstop, service) VALUES ('36245969', '20');
INSERT INTO busstop (sms, name, x, y) VALUES ('36234532', 'Police Station', '55.932716369629', '-3.1394259929657');
INSERT INTO stop (busstop, service) VALUES ('36234532', '2');
INSERT INTO stop (busstop, service) VALUES ('36234532', '14');
INSERT INTO stop (busstop, service) VALUES ('36234532', '21');
INSERT INTO stop (busstop, service) VALUES ('36234532', '30');
INSERT INTO stop (busstop, service) VALUES ('36234532', 'N30');
INSERT INTO busstop (sms, name, x, y) VALUES ('64323648', 'Muirpark', '55.883819580078', '-3.0875060558319');
INSERT INTO stop (busstop, service) VALUES ('64323648', '49');
INSERT INTO busstop (sms, name, x, y) VALUES ('64323649', 'Station Road', '55.887733459473', '-3.0817000865936');
INSERT INTO stop (busstop, service) VALUES ('64323649', '49');
INSERT INTO busstop (sms, name, x, y) VALUES ('36232949', 'Loganlea Road', '55.960105895996', '-3.1400539875031');
INSERT INTO stop (busstop, service) VALUES ('36232949', '19');
INSERT INTO stop (busstop, service) VALUES ('36232949', '21');
INSERT INTO stop (busstop, service) VALUES ('36232949', '25');
INSERT INTO stop (busstop, service) VALUES ('36232949', '49');
INSERT INTO stop (busstop, service) VALUES ('36232949', 'N25');
INSERT INTO busstop (sms, name, x, y) VALUES ('36232948', 'Well Crescent', '55.960159301758', '-3.1373009681702');
INSERT INTO stop (busstop, service) VALUES ('36232948', '19');
INSERT INTO stop (busstop, service) VALUES ('36232948', '21');
INSERT INTO stop (busstop, service) VALUES ('36232948', '25');
INSERT INTO stop (busstop, service) VALUES ('36232948', '49');
INSERT INTO stop (busstop, service) VALUES ('36232948', 'N25');
INSERT INTO busstop (sms, name, x, y) VALUES ('36234534', 'Craigmillar Cast', '55.932395935059', '-3.1421539783478');
INSERT INTO stop (busstop, service) VALUES ('36234534', '2');
INSERT INTO stop (busstop, service) VALUES ('36234534', '14');
INSERT INTO stop (busstop, service) VALUES ('36234534', '21');
INSERT INTO stop (busstop, service) VALUES ('36234534', '30');
INSERT INTO stop (busstop, service) VALUES ('36234534', '42');
INSERT INTO stop (busstop, service) VALUES ('36234534', 'N30');
INSERT INTO busstop (sms, name, x, y) VALUES ('36234535', 'Craigmillar Cast', '55.931865692139', '-3.1458361148834');
INSERT INTO stop (busstop, service) VALUES ('36234535', '2');
INSERT INTO stop (busstop, service) VALUES ('36234535', '14');
INSERT INTO stop (busstop, service) VALUES ('36234535', '21');
INSERT INTO stop (busstop, service) VALUES ('36234535', '30');
INSERT INTO stop (busstop, service) VALUES ('36234535', '42');
INSERT INTO stop (busstop, service) VALUES ('36234535', 'N30');
INSERT INTO busstop (sms, name, x, y) VALUES ('36232945', 'Bryce Avenue', '55.960174560547', '-3.127818107605');
INSERT INTO stop (busstop, service) VALUES ('36232945', '19');
INSERT INTO stop (busstop, service) VALUES ('36232945', '49');
INSERT INTO busstop (sms, name, x, y) VALUES ('64323643', 'Westfield Park', '55.886638641357', '-3.0834279060364');
INSERT INTO stop (busstop, service) VALUES ('64323643', '49');
INSERT INTO busstop (sms, name, x, y) VALUES ('36234538', 'Cameron House Av', '55.930027008057', '-3.1590819358826');
INSERT INTO stop (busstop, service) VALUES ('36234538', '21');
INSERT INTO stop (busstop, service) VALUES ('36234538', '42');
INSERT INTO busstop (sms, name, x, y) VALUES ('36232946', 'Vandaleur Avenue', '55.960735321045', '-3.1314868927002');
INSERT INTO stop (busstop, service) VALUES ('36232946', '19');
INSERT INTO stop (busstop, service) VALUES ('36232946', '49');
INSERT INTO busstop (sms, name, x, y) VALUES ('64323647', 'Muirpark', '55.883365631104', '-3.0879731178284');
INSERT INTO stop (busstop, service) VALUES ('64323647', '49');
INSERT INTO busstop (sms, name, x, y) VALUES ('36232943', 'Portobello Road', '55.957710266113', '-3.1251680850983');
INSERT INTO stop (busstop, service) VALUES ('36232943', '19');
INSERT INTO stop (busstop, service) VALUES ('36232943', '49');
INSERT INTO busstop (sms, name, x, y) VALUES ('36232942', 'Wakefield Avenue', '55.958061218262', '-3.1251459121704');
INSERT INTO stop (busstop, service) VALUES ('36232942', '19');
INSERT INTO stop (busstop, service) VALUES ('36232942', '42');
INSERT INTO stop (busstop, service) VALUES ('36232942', '49');
INSERT INTO busstop (sms, name, x, y) VALUES ('36245986', 'Queensferry Stre', '55.950691223145', '-3.2095530033112');
INSERT INTO stop (busstop, service) VALUES ('36245986', '19');
INSERT INTO stop (busstop, service) VALUES ('36245986', '36');
INSERT INTO stop (busstop, service) VALUES ('36245986', '37');
INSERT INTO stop (busstop, service) VALUES ('36245986', '47');
INSERT INTO stop (busstop, service) VALUES ('36245986', 'X47');
INSERT INTO stop (busstop, service) VALUES ('36245986', 'N37');
INSERT INTO busstop (sms, name, x, y) VALUES ('36235287', 'Winton Drive', '55.899337768555', '-3.1976549625397');
INSERT INTO stop (busstop, service) VALUES ('36235287', '11');
INSERT INTO stop (busstop, service) VALUES ('36235287', '18');
INSERT INTO busstop (sms, name, x, y) VALUES ('36235286', 'Princess Gate', '55.898986816406', '-3.194876909256');
INSERT INTO stop (busstop, service) VALUES ('36235286', '11');
INSERT INTO stop (busstop, service) VALUES ('36235286', '18');
INSERT INTO busstop (sms, name, x, y) VALUES ('36235285', 'Marie Curie Clin', '55.899028778076', '-3.1908960342407');
INSERT INTO stop (busstop, service) VALUES ('36235285', '11');
INSERT INTO stop (busstop, service) VALUES ('36235285', '18');
INSERT INTO busstop (sms, name, x, y) VALUES ('36235284', 'Mortonhall Park', '55.899700164795', '-3.173052072525');
INSERT INTO stop (busstop, service) VALUES ('36235284', '11');
INSERT INTO stop (busstop, service) VALUES ('36235284', '18');
INSERT INTO busstop (sms, name, x, y) VALUES ('36235283', 'Mortonhall Park', '55.899585723877', '-3.1702980995178');
INSERT INTO stop (busstop, service) VALUES ('36235283', '11');
INSERT INTO stop (busstop, service) VALUES ('36235283', '18');
INSERT INTO busstop (sms, name, x, y) VALUES ('36235282', 'Kaimes Cross Roa', '55.900012969971', '-3.1638329029083');
INSERT INTO stop (busstop, service) VALUES ('36235282', '11');
INSERT INTO stop (busstop, service) VALUES ('36235282', '18');
INSERT INTO busstop (sms, name, x, y) VALUES ('36235289', 'Frogston Avenue', '55.900512695312', '-3.2015941143036');
INSERT INTO stop (busstop, service) VALUES ('36235289', '11');
INSERT INTO stop (busstop, service) VALUES ('36235289', '18');
INSERT INTO busstop (sms, name, x, y) VALUES ('58232959', 'Waterloo Road', '55.936656951904', '-2.9419159889221');
INSERT INTO stop (busstop, service) VALUES ('58232959', '44');
INSERT INTO busstop (sms, name, x, y) VALUES ('36246327', 'North Street', '55.921459197998', '-3.3816180229187');
INSERT INTO stop (busstop, service) VALUES ('36246327', '48');
INSERT INTO stop (busstop, service) VALUES ('36246327', 'X48');
INSERT INTO busstop (sms, name, x, y) VALUES ('36242357', 'Seton Place', '55.936489105225', '-3.1841530799866');
INSERT INTO stop (busstop, service) VALUES ('36242357', '5');
INSERT INTO busstop (sms, name, x, y) VALUES ('36236538', 'Springwell House', '55.938064575195', '-3.2263379096985');
INSERT INTO stop (busstop, service) VALUES ('36236538', '4');
INSERT INTO stop (busstop, service) VALUES ('36236538', '44');
INSERT INTO stop (busstop, service) VALUES ('36236538', '44A');
INSERT INTO stop (busstop, service) VALUES ('36236538', 'N44');
INSERT INTO busstop (sms, name, x, y) VALUES ('36236539', 'Ardmillan Terrac', '55.938545227051', '-3.2265610694885');
INSERT INTO stop (busstop, service) VALUES ('36236539', '4');
INSERT INTO stop (busstop, service) VALUES ('36236539', '44');
INSERT INTO stop (busstop, service) VALUES ('36236539', 'N44');
INSERT INTO busstop (sms, name, x, y) VALUES ('36248728', 'Lochside Crescen', '55.93473815918', '-3.3161029815674');
INSERT INTO stop (busstop, service) VALUES ('36248728', '2');
INSERT INTO stop (busstop, service) VALUES ('36248728', '12');
INSERT INTO stop (busstop, service) VALUES ('36248728', '18');
INSERT INTO stop (busstop, service) VALUES ('36248728', '21');
INSERT INTO stop (busstop, service) VALUES ('36248728', '22');
INSERT INTO stop (busstop, service) VALUES ('36248728', 'X26');
INSERT INTO stop (busstop, service) VALUES ('36248728', '35');
INSERT INTO stop (busstop, service) VALUES ('36248728', 'N22');
INSERT INTO busstop (sms, name, x, y) VALUES ('36236532', 'Hutchison Cottag', '55.929462432861', '-3.240040063858');
INSERT INTO stop (busstop, service) VALUES ('36236532', '4');
INSERT INTO stop (busstop, service) VALUES ('36236532', '34');
INSERT INTO stop (busstop, service) VALUES ('36236532', '35');
INSERT INTO stop (busstop, service) VALUES ('36236532', '44');
INSERT INTO stop (busstop, service) VALUES ('36236532', '44A');
INSERT INTO stop (busstop, service) VALUES ('36236532', 'N44');
INSERT INTO busstop (sms, name, x, y) VALUES ('36245478', 'The Steils', '55.918376922607', '-3.2271559238434');
INSERT INTO stop (busstop, service) VALUES ('36245478', '23');
INSERT INTO busstop (sms, name, x, y) VALUES ('36236535', 'Slateford Statio', '55.927223205566', '-3.2429769039154');
INSERT INTO stop (busstop, service) VALUES ('36236535', '4');
INSERT INTO stop (busstop, service) VALUES ('36236535', '34');
INSERT INTO stop (busstop, service) VALUES ('36236535', '35');
INSERT INTO stop (busstop, service) VALUES ('36236535', '44');
INSERT INTO stop (busstop, service) VALUES ('36236535', '44A');
INSERT INTO stop (busstop, service) VALUES ('36236535', 'N44');
INSERT INTO busstop (sms, name, x, y) VALUES ('36236536', 'Slateford Statio', '55.927280426025', '-3.243283033371');
INSERT INTO stop (busstop, service) VALUES ('36236536', '4');
INSERT INTO stop (busstop, service) VALUES ('36236536', '34');
INSERT INTO stop (busstop, service) VALUES ('36236536', '35');
INSERT INTO stop (busstop, service) VALUES ('36236536', '44');
INSERT INTO stop (busstop, service) VALUES ('36236536', 'N44');
INSERT INTO busstop (sms, name, x, y) VALUES ('36236537', 'Hutchison Place', '55.928413391113', '-3.2415750026703');
INSERT INTO stop (busstop, service) VALUES ('36236537', '4');
INSERT INTO stop (busstop, service) VALUES ('36236537', '34');
INSERT INTO stop (busstop, service) VALUES ('36236537', '35');
INSERT INTO stop (busstop, service) VALUES ('36236537', '44');
INSERT INTO stop (busstop, service) VALUES ('36236537', 'N44');
INSERT INTO busstop (sms, name, x, y) VALUES ('36238372', 'Magdalene Drive', '55.944339752197', '-3.1172380447388');
INSERT INTO stop (busstop, service) VALUES ('36238372', '21');
INSERT INTO stop (busstop, service) VALUES ('36238372', '49');
INSERT INTO stop (busstop, service) VALUES ('36238372', '69');
INSERT INTO busstop (sms, name, x, y) VALUES ('36238373', 'Durham Place Lan', '55.946884155273', '-3.1188969612122');
INSERT INTO stop (busstop, service) VALUES ('36238373', '21');
INSERT INTO stop (busstop, service) VALUES ('36238373', '49');
INSERT INTO stop (busstop, service) VALUES ('36238373', '69');
INSERT INTO busstop (sms, name, x, y) VALUES ('36232835', 'Boswall Parkway', '55.975185394287', '-3.2388260364532');
INSERT INTO stop (busstop, service) VALUES ('36232835', '14');
INSERT INTO stop (busstop, service) VALUES ('36232835', '38');
INSERT INTO stop (busstop, service) VALUES ('36232835', '47');
INSERT INTO stop (busstop, service) VALUES ('36232835', 'X47');
INSERT INTO busstop (sms, name, x, y) VALUES ('36232834', 'Crewe Road West', '55.973159790039', '-3.2383439540863');
INSERT INTO stop (busstop, service) VALUES ('36232834', '19');
INSERT INTO stop (busstop, service) VALUES ('36232834', '38');
INSERT INTO stop (busstop, service) VALUES ('36232834', '47');
INSERT INTO stop (busstop, service) VALUES ('36232834', 'X47');
INSERT INTO busstop (sms, name, x, y) VALUES ('36232837', 'Granton Mains Ea', '55.976615905762', '-3.2431020736694');
INSERT INTO stop (busstop, service) VALUES ('36232837', '8');
INSERT INTO stop (busstop, service) VALUES ('36232837', '14');
INSERT INTO stop (busstop, service) VALUES ('36232837', '16');
INSERT INTO stop (busstop, service) VALUES ('36232837', '24');
INSERT INTO stop (busstop, service) VALUES ('36232837', '32');
INSERT INTO stop (busstop, service) VALUES ('36232837', 'N8');
INSERT INTO busstop (sms, name, x, y) VALUES ('36232836', 'Royston Mains Cr', '55.976760864258', '-3.2393569946289');
INSERT INTO stop (busstop, service) VALUES ('36232836', '14');
INSERT INTO stop (busstop, service) VALUES ('36232836', '38');
INSERT INTO stop (busstop, service) VALUES ('36232836', '47');
INSERT INTO stop (busstop, service) VALUES ('36232836', 'X47');
INSERT INTO busstop (sms, name, x, y) VALUES ('36232839', 'Pennywell Cottag', '55.97541809082', '-3.2529189586639');
INSERT INTO stop (busstop, service) VALUES ('36232839', '8');
INSERT INTO stop (busstop, service) VALUES ('36232839', '14');
INSERT INTO stop (busstop, service) VALUES ('36232839', '16');
INSERT INTO stop (busstop, service) VALUES ('36232839', '24');
INSERT INTO stop (busstop, service) VALUES ('36232839', '32');
INSERT INTO stop (busstop, service) VALUES ('36232839', 'N8');
INSERT INTO busstop (sms, name, x, y) VALUES ('36232838', 'Granton Mains Av', '55.976497650146', '-3.2466239929199');
INSERT INTO stop (busstop, service) VALUES ('36232838', '8');
INSERT INTO stop (busstop, service) VALUES ('36232838', '14');
INSERT INTO stop (busstop, service) VALUES ('36232838', '16');
INSERT INTO stop (busstop, service) VALUES ('36232838', '24');
INSERT INTO stop (busstop, service) VALUES ('36232838', '32');
INSERT INTO stop (busstop, service) VALUES ('36232838', 'N8');
INSERT INTO busstop (sms, name, x, y) VALUES ('64323248', 'Gracemount cotta', '55.87133026123', '-3.1769909858704');
INSERT INTO stop (busstop, service) VALUES ('64323248', '37');
INSERT INTO stop (busstop, service) VALUES ('64323248', '47');
INSERT INTO stop (busstop, service) VALUES ('64323248', 'X47');
INSERT INTO stop (busstop, service) VALUES ('64323248', '67');
INSERT INTO stop (busstop, service) VALUES ('64323248', 'N37');
INSERT INTO busstop (sms, name, x, y) VALUES ('64323249', 'Powdermill Brae', '55.8366355896', '-3.0470681190491');
INSERT INTO stop (busstop, service) VALUES ('64323249', '3');
INSERT INTO stop (busstop, service) VALUES ('64323249', '3A');
INSERT INTO stop (busstop, service) VALUES ('64323249', '29');
INSERT INTO stop (busstop, service) VALUES ('64323249', 'X29');
INSERT INTO stop (busstop, service) VALUES ('64323249', 'N3');
INSERT INTO busstop (sms, name, x, y) VALUES ('64323246', 'Roslin Road', '55.869873046875', '-3.1781299114227');
INSERT INTO stop (busstop, service) VALUES ('64323246', '37');
INSERT INTO stop (busstop, service) VALUES ('64323246', '47');
INSERT INTO stop (busstop, service) VALUES ('64323246', 'X47');
INSERT INTO stop (busstop, service) VALUES ('64323246', '67');
INSERT INTO stop (busstop, service) VALUES ('64323246', 'N37');
INSERT INTO busstop (sms, name, x, y) VALUES ('36245473', 'Glenlockhart Ban', '55.91960144043', '-3.2378039360046');
INSERT INTO stop (busstop, service) VALUES ('36245473', '23');
INSERT INTO busstop (sms, name, x, y) VALUES ('64323245', 'Roslin Road', '55.870182037354', '-3.1779630184174');
INSERT INTO stop (busstop, service) VALUES ('64323245', '37');
INSERT INTO stop (busstop, service) VALUES ('64323245', '47');
INSERT INTO stop (busstop, service) VALUES ('64323245', 'X47');
INSERT INTO stop (busstop, service) VALUES ('64323245', '67');
INSERT INTO stop (busstop, service) VALUES ('64323245', 'N37');
INSERT INTO busstop (sms, name, x, y) VALUES ('64323242', 'Ploverhall cotta', '55.864017486572', '-3.1827299594879');
INSERT INTO stop (busstop, service) VALUES ('64323242', '15');
INSERT INTO stop (busstop, service) VALUES ('64323242', '37');
INSERT INTO stop (busstop, service) VALUES ('64323242', '47');
INSERT INTO stop (busstop, service) VALUES ('64323242', 'X47');
INSERT INTO stop (busstop, service) VALUES ('64323242', '67');
INSERT INTO stop (busstop, service) VALUES ('64323242', 'N37');
INSERT INTO busstop (sms, name, x, y) VALUES ('64323243', 'Ploverhall Cotta', '55.862957000732', '-3.1834650039673');
INSERT INTO stop (busstop, service) VALUES ('64323243', '15');
INSERT INTO stop (busstop, service) VALUES ('64323243', '37');
INSERT INTO stop (busstop, service) VALUES ('64323243', '47');
INSERT INTO stop (busstop, service) VALUES ('64323243', 'X47');
INSERT INTO stop (busstop, service) VALUES ('64323243', '67');
INSERT INTO stop (busstop, service) VALUES ('64323243', 'N37');
INSERT INTO busstop (sms, name, x, y) VALUES ('58232729', 'Polson Gardens', '55.946155548096', '-2.9661331176758');
INSERT INTO stop (busstop, service) VALUES ('58232729', '44');
INSERT INTO stop (busstop, service) VALUES ('58232729', '44A');
INSERT INTO stop (busstop, service) VALUES ('58232729', 'N44');
INSERT INTO busstop (sms, name, x, y) VALUES ('36247278', 'Murrayburn Appro', '55.917621612549', '-3.287024974823');
INSERT INTO stop (busstop, service) VALUES ('36247278', '20');
INSERT INTO busstop (sms, name, x, y) VALUES ('36237843', 'Lady Road', '55.925819396973', '-3.1668629646301');
INSERT INTO stop (busstop, service) VALUES ('36237843', '3');
INSERT INTO stop (busstop, service) VALUES ('36237843', '3A');
INSERT INTO stop (busstop, service) VALUES ('36237843', '7');
INSERT INTO stop (busstop, service) VALUES ('36237843', '8');
INSERT INTO stop (busstop, service) VALUES ('36237843', '29');
INSERT INTO stop (busstop, service) VALUES ('36237843', '31');
INSERT INTO stop (busstop, service) VALUES ('36237843', '37');
INSERT INTO stop (busstop, service) VALUES ('36237843', '47');
INSERT INTO stop (busstop, service) VALUES ('36237843', 'X47');
INSERT INTO stop (busstop, service) VALUES ('36237843', 'N3');
INSERT INTO stop (busstop, service) VALUES ('36237843', 'N31');
INSERT INTO stop (busstop, service) VALUES ('36237843', 'N37');
INSERT INTO busstop (sms, name, x, y) VALUES ('36237842', 'Ferniehill Drive', '55.91382598877', '-3.1261839866638');
INSERT INTO stop (busstop, service) VALUES ('36237842', '33');
INSERT INTO stop (busstop, service) VALUES ('36237842', '48');
INSERT INTO stop (busstop, service) VALUES ('36237842', '49');
INSERT INTO busstop (sms, name, x, y) VALUES ('36248437', 'Crewe Toll Fire', '55.968276977539', '-3.2375640869141');
INSERT INTO stop (busstop, service) VALUES ('36248437', '21');
INSERT INTO stop (busstop, service) VALUES ('36248437', '27');
INSERT INTO stop (busstop, service) VALUES ('36248437', '29');
INSERT INTO stop (busstop, service) VALUES ('36248437', 'X29');
INSERT INTO stop (busstop, service) VALUES ('36248437', '37');
INSERT INTO stop (busstop, service) VALUES ('36248437', 'N37');
INSERT INTO busstop (sms, name, x, y) VALUES ('36237847', 'Mid Liberton', '55.923885345459', '-3.1669490337372');
INSERT INTO stop (busstop, service) VALUES ('36237847', '7');
INSERT INTO stop (busstop, service) VALUES ('36237847', '31');
INSERT INTO stop (busstop, service) VALUES ('36237847', '37');
INSERT INTO stop (busstop, service) VALUES ('36237847', '47');
INSERT INTO stop (busstop, service) VALUES ('36237847', 'N31');
INSERT INTO stop (busstop, service) VALUES ('36237847', 'N37');
INSERT INTO busstop (sms, name, x, y) VALUES ('36237846', 'Mid Liberton', '55.923603057861', '-3.1672279834747');
INSERT INTO stop (busstop, service) VALUES ('36237846', '7');
INSERT INTO stop (busstop, service) VALUES ('36237846', '31');
INSERT INTO stop (busstop, service) VALUES ('36237846', '37');
INSERT INTO stop (busstop, service) VALUES ('36237846', '47');
INSERT INTO stop (busstop, service) VALUES ('36237846', 'N31');
INSERT INTO stop (busstop, service) VALUES ('36237846', 'N37');
INSERT INTO busstop (sms, name, x, y) VALUES ('36237845', 'Lady Road', '55.925872802734', '-3.1666560173035');
INSERT INTO stop (busstop, service) VALUES ('36237845', '3');
INSERT INTO stop (busstop, service) VALUES ('36237845', '3A');
INSERT INTO stop (busstop, service) VALUES ('36237845', '7');
INSERT INTO stop (busstop, service) VALUES ('36237845', '8');
INSERT INTO stop (busstop, service) VALUES ('36237845', '29');
INSERT INTO stop (busstop, service) VALUES ('36237845', '31');
INSERT INTO stop (busstop, service) VALUES ('36237845', '37');
INSERT INTO stop (busstop, service) VALUES ('36237845', '47');
INSERT INTO stop (busstop, service) VALUES ('36237845', 'X47');
INSERT INTO stop (busstop, service) VALUES ('36237845', 'N3');
INSERT INTO stop (busstop, service) VALUES ('36237845', 'N31');
INSERT INTO stop (busstop, service) VALUES ('36237845', 'N37');
INSERT INTO busstop (sms, name, x, y) VALUES ('36232328', 'Anderson Place', '55.970371246338', '-3.1808938980103');
INSERT INTO stop (busstop, service) VALUES ('36232328', '36');
INSERT INTO busstop (sms, name, x, y) VALUES ('36237849', 'Gordon Terrace', '55.921092987061', '-3.167601108551');
INSERT INTO stop (busstop, service) VALUES ('36237849', '7');
INSERT INTO stop (busstop, service) VALUES ('36237849', '31');
INSERT INTO stop (busstop, service) VALUES ('36237849', '37');
INSERT INTO stop (busstop, service) VALUES ('36237849', '47');
INSERT INTO stop (busstop, service) VALUES ('36237849', 'N31');
INSERT INTO stop (busstop, service) VALUES ('36237849', 'N37');
INSERT INTO busstop (sms, name, x, y) VALUES ('36237848', 'Gordon Terrace', '55.921592712402', '-3.1672480106354');
INSERT INTO stop (busstop, service) VALUES ('36237848', '7');
INSERT INTO stop (busstop, service) VALUES ('36237848', '31');
INSERT INTO stop (busstop, service) VALUES ('36237848', '37');
INSERT INTO stop (busstop, service) VALUES ('36237848', '47');
INSERT INTO stop (busstop, service) VALUES ('36237848', 'N31');
INSERT INTO stop (busstop, service) VALUES ('36237848', 'N37');
INSERT INTO busstop (sms, name, x, y) VALUES ('36238285', 'Clerwood', '55.949962615967', '-3.2790820598602');
INSERT INTO stop (busstop, service) VALUES ('36238285', '26');
INSERT INTO busstop (sms, name, x, y) VALUES ('36235623', 'Forth Street', '55.957195281982', '-3.188549041748');
INSERT INTO stop (busstop, service) VALUES ('36235623', '8');
INSERT INTO stop (busstop, service) VALUES ('36235623', 'N8');
INSERT INTO busstop (sms, name, x, y) VALUES ('36238287', 'Clerwood terminu', '55.948486328125', '-3.2793850898743');
INSERT INTO stop (busstop, service) VALUES ('36238287', '26');
INSERT INTO stop (busstop, service) VALUES ('36238287', 'N26');
INSERT INTO busstop (sms, name, x, y) VALUES ('36235625', 'Airlie Place', '55.961357116699', '-3.2015719413757');
INSERT INTO stop (busstop, service) VALUES ('36235625', '23');
INSERT INTO stop (busstop, service) VALUES ('36235625', '27');
INSERT INTO stop (busstop, service) VALUES ('36235625', '36');
INSERT INTO busstop (sms, name, x, y) VALUES ('36235624', 'Eyre Place', '55.960285186768', '-3.200737953186');
INSERT INTO stop (busstop, service) VALUES ('36235624', '23');
INSERT INTO stop (busstop, service) VALUES ('36235624', '27');
INSERT INTO busstop (sms, name, x, y) VALUES ('36235627', 'Brandon terrace', '55.962375640869', '-3.2000501155853');
INSERT INTO stop (busstop, service) VALUES ('36235627', '23');
INSERT INTO stop (busstop, service) VALUES ('36235627', '27');
INSERT INTO busstop (sms, name, x, y) VALUES ('36235626', 'Canonmills at Br', '55.962345123291', '-3.2005620002747');
INSERT INTO stop (busstop, service) VALUES ('36235626', '23');
INSERT INTO stop (busstop, service) VALUES ('36235626', '27');
INSERT INTO stop (busstop, service) VALUES ('36235626', '36');
INSERT INTO busstop (sms, name, x, y) VALUES ('36235629', 'Shrubhill', '55.961921691895', '-3.180027961731');
INSERT INTO stop (busstop, service) VALUES ('36235629', '7');
INSERT INTO stop (busstop, service) VALUES ('36235629', '10');
INSERT INTO stop (busstop, service) VALUES ('36235629', '11');
INSERT INTO stop (busstop, service) VALUES ('36235629', '12');
INSERT INTO stop (busstop, service) VALUES ('36235629', '14');
INSERT INTO stop (busstop, service) VALUES ('36235629', '16');
INSERT INTO stop (busstop, service) VALUES ('36235629', '22');
INSERT INTO stop (busstop, service) VALUES ('36235629', '25');
INSERT INTO stop (busstop, service) VALUES ('36235629', '49');
INSERT INTO stop (busstop, service) VALUES ('36235629', 'N22');
INSERT INTO stop (busstop, service) VALUES ('36235629', 'N25');
INSERT INTO busstop (sms, name, x, y) VALUES ('36235628', 'Canonmills', '55.962577819824', '-3.1988070011139');
INSERT INTO stop (busstop, service) VALUES ('36235628', '8');
INSERT INTO stop (busstop, service) VALUES ('36235628', '27');
INSERT INTO stop (busstop, service) VALUES ('36235628', '36');
INSERT INTO stop (busstop, service) VALUES ('36235628', 'N8');
INSERT INTO busstop (sms, name, x, y) VALUES ('36238289', 'Clerwood Terrace', '55.951362609863', '-3.278470993042');
INSERT INTO stop (busstop, service) VALUES ('36238289', 'N26');
INSERT INTO busstop (sms, name, x, y) VALUES ('58232936', 'Pencaitland', '55.909881591797', '-2.8999450206757');
INSERT INTO stop (busstop, service) VALUES ('58232936', '44');
INSERT INTO busstop (sms, name, x, y) VALUES ('36245428', 'supermarket, Sou', '55.95756149292', '-3.2416749000549');
INSERT INTO stop (busstop, service) VALUES ('36245428', '38');
INSERT INTO stop (busstop, service) VALUES ('36245428', '42');
INSERT INTO busstop (sms, name, x, y) VALUES ('36247698', 'West Register St', '55.953140258789', '-3.1906669139862');
INSERT INTO stop (busstop, service) VALUES ('36247698', 'N3');
INSERT INTO stop (busstop, service) VALUES ('36247698', 'N8');
INSERT INTO stop (busstop, service) VALUES ('36247698', 'N22');
INSERT INTO stop (busstop, service) VALUES ('36247698', 'N25');
INSERT INTO stop (busstop, service) VALUES ('36247698', 'N26');
INSERT INTO stop (busstop, service) VALUES ('36247698', 'N30');
INSERT INTO stop (busstop, service) VALUES ('36247698', 'N31');
INSERT INTO stop (busstop, service) VALUES ('36247698', 'N37');
INSERT INTO stop (busstop, service) VALUES ('36247698', 'N44');
INSERT INTO busstop (sms, name, x, y) VALUES ('64323457', 'Midlothian Innov', '55.868259429932', '-3.1947329044342');
INSERT INTO stop (busstop, service) VALUES ('64323457', '15A');
INSERT INTO stop (busstop, service) VALUES ('64323457', '47');
INSERT INTO stop (busstop, service) VALUES ('64323457', '67');
INSERT INTO busstop (sms, name, x, y) VALUES ('36238564', 'Granton Breakwat', '55.980270385742', '-3.2199800014496');
INSERT INTO stop (busstop, service) VALUES ('36238564', '16');
INSERT INTO busstop (sms, name, x, y) VALUES ('36247474', 'ASDA store', '55.927352905273', '-3.2469339370728');
INSERT INTO stop (busstop, service) VALUES ('36247474', '20');
INSERT INTO stop (busstop, service) VALUES ('36247474', 'X25');
INSERT INTO stop (busstop, service) VALUES ('36247474', '35');
INSERT INTO busstop (sms, name, x, y) VALUES ('36235728', 'Bathfield', '55.979194641113', '-3.1838231086731');
INSERT INTO stop (busstop, service) VALUES ('36235728', '10');
INSERT INTO stop (busstop, service) VALUES ('36235728', '11');
INSERT INTO stop (busstop, service) VALUES ('36235728', '16');
INSERT INTO busstop (sms, name, x, y) VALUES ('36235729', 'Anchorfield', '55.9794921875', '-3.186203956604');
INSERT INTO stop (busstop, service) VALUES ('36235729', '10');
INSERT INTO stop (busstop, service) VALUES ('36235729', '11');
INSERT INTO stop (busstop, service) VALUES ('36235729', '16');
INSERT INTO busstop (sms, name, x, y) VALUES ('36235724', 'Junction Place', '55.973327636719', '-3.1760160923004');
INSERT INTO stop (busstop, service) VALUES ('36235724', '1');
INSERT INTO stop (busstop, service) VALUES ('36235724', '7');
INSERT INTO stop (busstop, service) VALUES ('36235724', '10');
INSERT INTO stop (busstop, service) VALUES ('36235724', '14');
INSERT INTO stop (busstop, service) VALUES ('36235724', '21');
INSERT INTO stop (busstop, service) VALUES ('36235724', '34');
INSERT INTO busstop (sms, name, x, y) VALUES ('36235725', 'Prince Regent St', '55.977058410645', '-3.1796391010284');
INSERT INTO stop (busstop, service) VALUES ('36235725', '1');
INSERT INTO stop (busstop, service) VALUES ('36235725', '10');
INSERT INTO stop (busstop, service) VALUES ('36235725', '21');
INSERT INTO stop (busstop, service) VALUES ('36235725', '34');
INSERT INTO busstop (sms, name, x, y) VALUES ('36235726', 'Admirality Stree', '55.976680755615', '-3.179692029953');
INSERT INTO stop (busstop, service) VALUES ('36235726', '1');
INSERT INTO stop (busstop, service) VALUES ('36235726', '10');
INSERT INTO stop (busstop, service) VALUES ('36235726', '34');
INSERT INTO busstop (sms, name, x, y) VALUES ('36235727', 'Hamburgh Place', '55.978500366211', '-3.1820070743561');
INSERT INTO stop (busstop, service) VALUES ('36235727', '10');
INSERT INTO stop (busstop, service) VALUES ('36235727', '11');
INSERT INTO stop (busstop, service) VALUES ('36235727', '16');
INSERT INTO busstop (sms, name, x, y) VALUES ('36238756', 'Alan Park', '55.924728393555', '-3.246129989624');
INSERT INTO stop (busstop, service) VALUES ('36238756', '4');
INSERT INTO stop (busstop, service) VALUES ('36238756', '20');
INSERT INTO stop (busstop, service) VALUES ('36238756', '34');
INSERT INTO stop (busstop, service) VALUES ('36238756', '44');
INSERT INTO stop (busstop, service) VALUES ('36238756', 'N44');
INSERT INTO busstop (sms, name, x, y) VALUES ('36243957', 'Sleigh Drive', '55.959693908691', '-3.1554839611053');
INSERT INTO stop (busstop, service) VALUES ('36243957', '49');
INSERT INTO busstop (sms, name, x, y) VALUES ('36238754', 'Allan Park', '55.925090789795', '-3.2456140518188');
INSERT INTO stop (busstop, service) VALUES ('36238754', '4');
INSERT INTO stop (busstop, service) VALUES ('36238754', '20');
INSERT INTO stop (busstop, service) VALUES ('36238754', '34');
INSERT INTO stop (busstop, service) VALUES ('36238754', '44');
INSERT INTO stop (busstop, service) VALUES ('36238754', '44A');
INSERT INTO stop (busstop, service) VALUES ('36238754', 'N44');
INSERT INTO busstop (sms, name, x, y) VALUES ('36234797', 'Rankeillor Stree', '55.942695617676', '-3.182580947876');
INSERT INTO stop (busstop, service) VALUES ('36234797', '7');
INSERT INTO stop (busstop, service) VALUES ('36234797', '31');
INSERT INTO stop (busstop, service) VALUES ('36234797', '37');
INSERT INTO stop (busstop, service) VALUES ('36234797', '47');
INSERT INTO stop (busstop, service) VALUES ('36234797', 'X47');
INSERT INTO stop (busstop, service) VALUES ('36234797', 'N31');
INSERT INTO stop (busstop, service) VALUES ('36234797', 'N37');
INSERT INTO busstop (sms, name, x, y) VALUES ('36238598', 'Northfield Drive', '55.949947357178', '-3.1280651092529');
INSERT INTO stop (busstop, service) VALUES ('36238598', '5');
INSERT INTO busstop (sms, name, x, y) VALUES ('36238592', 'Moredun Park Gar', '55.913661956787', '-3.1457788944244');
INSERT INTO stop (busstop, service) VALUES ('36238592', '8');
INSERT INTO stop (busstop, service) VALUES ('36238592', '18');
INSERT INTO busstop (sms, name, x, y) VALUES ('36238593', 'Spring Gardens', '55.928779602051', '-3.2094149589539');
INSERT INTO stop (busstop, service) VALUES ('36238593', '5');
INSERT INTO stop (busstop, service) VALUES ('36238593', '11');
INSERT INTO stop (busstop, service) VALUES ('36238593', '15');
INSERT INTO stop (busstop, service) VALUES ('36238593', '15A');
INSERT INTO stop (busstop, service) VALUES ('36238593', '16');
INSERT INTO stop (busstop, service) VALUES ('36238593', '23');
INSERT INTO stop (busstop, service) VALUES ('36238593', 'N16');
INSERT INTO busstop (sms, name, x, y) VALUES ('36238595', 'Duddingston Gard', '55.948017120361', '-3.1266961097717');
INSERT INTO stop (busstop, service) VALUES ('36238595', '5');
INSERT INTO busstop (sms, name, x, y) VALUES ('36238596', 'Mountcastle Terr', '55.952114105225', '-3.1345980167389');
INSERT INTO stop (busstop, service) VALUES ('36238596', '5');
INSERT INTO busstop (sms, name, x, y) VALUES ('36238597', 'Mountcastle Gard', '55.951572418213', '-3.1313149929047');
INSERT INTO stop (busstop, service) VALUES ('36238597', '5');
INSERT INTO busstop (sms, name, x, y) VALUES ('58232934', 'Post Office', '55.912845611572', '-2.9395620822906');
INSERT INTO stop (busstop, service) VALUES ('58232934', '44');
INSERT INTO busstop (sms, name, x, y) VALUES ('36247585', 'Boswall Loan', '55.977184295654', '-3.2213740348816');
INSERT INTO stop (busstop, service) VALUES ('36247585', '19');
INSERT INTO busstop (sms, name, x, y) VALUES ('58232935', 'Wolfstar Farm', '55.906707763672', '-2.9328720569611');
INSERT INTO stop (busstop, service) VALUES ('58232935', '44');
INSERT INTO busstop (sms, name, x, y) VALUES ('58234693', 'Windsor Gardens', '55.945552825928', '-3.0349540710449');
INSERT INTO stop (busstop, service) VALUES ('58234693', 'N44');
INSERT INTO busstop (sms, name, x, y) VALUES ('58234692', 'Pinkie Road', '55.942016601562', '-3.0333709716797');
INSERT INTO stop (busstop, service) VALUES ('58234692', '26');
INSERT INTO stop (busstop, service) VALUES ('58234692', 'X26');
INSERT INTO stop (busstop, service) VALUES ('58234692', '44');
INSERT INTO stop (busstop, service) VALUES ('58234692', 'N26');
INSERT INTO busstop (sms, name, x, y) VALUES ('36238254', 'Tinto Place', '55.969253540039', '-3.1840479373932');
INSERT INTO stop (busstop, service) VALUES ('36238254', '36');
INSERT INTO busstop (sms, name, x, y) VALUES ('36235923', 'North Gyle Terra', '55.941917419434', '-3.3126800060272');
INSERT INTO stop (busstop, service) VALUES ('36235923', '31');
INSERT INTO busstop (sms, name, x, y) VALUES ('36235432', 'Lasswade Grove', '55.903656005859', '-3.1500580310822');
INSERT INTO stop (busstop, service) VALUES ('36235432', '7');
INSERT INTO stop (busstop, service) VALUES ('36235432', '11');
INSERT INTO stop (busstop, service) VALUES ('36235432', '18');
INSERT INTO stop (busstop, service) VALUES ('36235432', '33');
INSERT INTO busstop (sms, name, x, y) VALUES ('36235434', 'Gilmerton Dykes', '55.90454864502', '-3.1458780765533');
INSERT INTO stop (busstop, service) VALUES ('36235434', '7');
INSERT INTO stop (busstop, service) VALUES ('36235434', '11');
INSERT INTO stop (busstop, service) VALUES ('36235434', '18');
INSERT INTO stop (busstop, service) VALUES ('36235434', '33');
INSERT INTO busstop (sms, name, x, y) VALUES ('36235435', 'Gilmerton Dykes', '55.903907775879', '-3.141587972641');
INSERT INTO stop (busstop, service) VALUES ('36235435', '7');
INSERT INTO stop (busstop, service) VALUES ('36235435', '11');
INSERT INTO stop (busstop, service) VALUES ('36235435', '18');
INSERT INTO stop (busstop, service) VALUES ('36235435', '33');
INSERT INTO busstop (sms, name, x, y) VALUES ('36235436', 'Moredunn Dykes R', '55.903778076172', '-3.1398251056671');
INSERT INTO stop (busstop, service) VALUES ('36235436', '7');
INSERT INTO stop (busstop, service) VALUES ('36235436', '18');
INSERT INTO stop (busstop, service) VALUES ('36235436', '33');
INSERT INTO busstop (sms, name, x, y) VALUES ('36235925', 'ZOO', '55.942234039307', '-3.2680509090424');
INSERT INTO stop (busstop, service) VALUES ('36235925', '12');
INSERT INTO stop (busstop, service) VALUES ('36235925', '26');
INSERT INTO stop (busstop, service) VALUES ('36235925', '31');
INSERT INTO stop (busstop, service) VALUES ('36235925', '48');
INSERT INTO stop (busstop, service) VALUES ('36235925', 'X48');
INSERT INTO stop (busstop, service) VALUES ('36235925', '100');
INSERT INTO stop (busstop, service) VALUES ('36235925', 'N26');
INSERT INTO busstop (sms, name, x, y) VALUES ('36235438', 'Ferniehill Place', '55.908168792725', '-3.1296200752258');
INSERT INTO stop (busstop, service) VALUES ('36235438', '33');
INSERT INTO busstop (sms, name, x, y) VALUES ('36238627', 'Seaview Terrace', '55.948760986328', '-3.0869560241699');
INSERT INTO stop (busstop, service) VALUES ('36238627', '15');
INSERT INTO stop (busstop, service) VALUES ('36238627', '15A');
INSERT INTO stop (busstop, service) VALUES ('36238627', '44');
INSERT INTO busstop (sms, name, x, y) VALUES ('36238624', 'Southfield Road', '55.945293426514', '-3.1241669654846');
INSERT INTO stop (busstop, service) VALUES ('36238624', '5');
INSERT INTO busstop (sms, name, x, y) VALUES ('36238623', 'Durham Road', '55.940624237061', '-3.1166350841522');
INSERT INTO stop (busstop, service) VALUES ('36238623', '4');
INSERT INTO busstop (sms, name, x, y) VALUES ('58234762', 'Ormiston Road', '55.940319061279', '-2.9470000267029');
INSERT INTO stop (busstop, service) VALUES ('58234762', '44');
INSERT INTO stop (busstop, service) VALUES ('58234762', '44A');
INSERT INTO stop (busstop, service) VALUES ('58234762', 'N44');
INSERT INTO busstop (sms, name, x, y) VALUES ('58232727', 'Polson Park', '55.945682525635', '-2.9623899459839');
INSERT INTO stop (busstop, service) VALUES ('58232727', '44');
INSERT INTO stop (busstop, service) VALUES ('58232727', '44A');
INSERT INTO stop (busstop, service) VALUES ('58232727', 'N44');
INSERT INTO busstop (sms, name, x, y) VALUES ('36234939', 'Lanark Road West', '55.888408660889', '-3.3384709358215');
INSERT INTO stop (busstop, service) VALUES ('36234939', '44');
INSERT INTO stop (busstop, service) VALUES ('36234939', 'N44');
INSERT INTO busstop (sms, name, x, y) VALUES ('64324265', 'Angle Park', '55.831230163574', '-3.2238199710846');
INSERT INTO stop (busstop, service) VALUES ('64324265', '15');
INSERT INTO stop (busstop, service) VALUES ('64324265', '15A');
INSERT INTO stop (busstop, service) VALUES ('64324265', '37');
INSERT INTO stop (busstop, service) VALUES ('64324265', '47');
INSERT INTO stop (busstop, service) VALUES ('64324265', 'X47');
INSERT INTO busstop (sms, name, x, y) VALUES ('64324267', 'Angle Park', '55.831317901611', '-3.224142074585');
INSERT INTO stop (busstop, service) VALUES ('64324267', '15');
INSERT INTO stop (busstop, service) VALUES ('64324267', '15A');
INSERT INTO stop (busstop, service) VALUES ('64324267', '37');
INSERT INTO stop (busstop, service) VALUES ('64324267', '47');
INSERT INTO stop (busstop, service) VALUES ('64324267', 'X47');
INSERT INTO stop (busstop, service) VALUES ('64324267', 'N37');
INSERT INTO busstop (sms, name, x, y) VALUES ('64324269', 'Beeslack High Sc', '55.84122467041', '-3.2124760150909');
INSERT INTO stop (busstop, service) VALUES ('64324269', '15');
INSERT INTO stop (busstop, service) VALUES ('64324269', '15A');
INSERT INTO stop (busstop, service) VALUES ('64324269', '37');
INSERT INTO stop (busstop, service) VALUES ('64324269', '47');
INSERT INTO stop (busstop, service) VALUES ('64324269', 'X47');
INSERT INTO stop (busstop, service) VALUES ('64324269', 'N37');
INSERT INTO busstop (sms, name, x, y) VALUES ('64324268', 'Avon Grove', '55.833976745605', '-3.2093770503998');
INSERT INTO stop (busstop, service) VALUES ('64324268', '37');
INSERT INTO stop (busstop, service) VALUES ('64324268', '47');
INSERT INTO busstop (sms, name, x, y) VALUES ('36236828', 'Bankhead', '55.929039001465', '-3.289932012558');
INSERT INTO stop (busstop, service) VALUES ('36236828', '2');
INSERT INTO stop (busstop, service) VALUES ('36236828', '12');
INSERT INTO stop (busstop, service) VALUES ('36236828', '21');
INSERT INTO stop (busstop, service) VALUES ('36236828', '22');
INSERT INTO stop (busstop, service) VALUES ('36236828', 'X26');
INSERT INTO stop (busstop, service) VALUES ('36236828', '32');
INSERT INTO stop (busstop, service) VALUES ('36236828', 'N22');
INSERT INTO busstop (sms, name, x, y) VALUES ('36236829', 'Gyle Access', '55.931983947754', '-3.2935039997101');
INSERT INTO stop (busstop, service) VALUES ('36236829', '2');
INSERT INTO stop (busstop, service) VALUES ('36236829', '12');
INSERT INTO stop (busstop, service) VALUES ('36236829', '18');
INSERT INTO stop (busstop, service) VALUES ('36236829', '21');
INSERT INTO stop (busstop, service) VALUES ('36236829', '22');
INSERT INTO stop (busstop, service) VALUES ('36236829', 'X26');
INSERT INTO stop (busstop, service) VALUES ('36236829', '35');
INSERT INTO stop (busstop, service) VALUES ('36236829', 'N22');
INSERT INTO busstop (sms, name, x, y) VALUES ('36234259', 'Wishaw Terrace', '55.95622253418', '-3.1598329544067');
INSERT INTO stop (busstop, service) VALUES ('36234259', '4');
INSERT INTO stop (busstop, service) VALUES ('36234259', '5');
INSERT INTO stop (busstop, service) VALUES ('36234259', '15');
INSERT INTO stop (busstop, service) VALUES ('36234259', '15A');
INSERT INTO stop (busstop, service) VALUES ('36234259', '26');
INSERT INTO stop (busstop, service) VALUES ('36234259', '44');
INSERT INTO stop (busstop, service) VALUES ('36234259', '45');
INSERT INTO stop (busstop, service) VALUES ('36234259', 'N26');
INSERT INTO stop (busstop, service) VALUES ('36234259', 'N44');
INSERT INTO busstop (sms, name, x, y) VALUES ('36234258', 'Marionville Road', '55.956886291504', '-3.1637289524078');
INSERT INTO stop (busstop, service) VALUES ('36234258', '4');
INSERT INTO stop (busstop, service) VALUES ('36234258', '5');
INSERT INTO stop (busstop, service) VALUES ('36234258', '15');
INSERT INTO stop (busstop, service) VALUES ('36234258', '15A');
INSERT INTO stop (busstop, service) VALUES ('36234258', '26');
INSERT INTO stop (busstop, service) VALUES ('36234258', '44');
INSERT INTO stop (busstop, service) VALUES ('36234258', '45');
INSERT INTO stop (busstop, service) VALUES ('36234258', 'N26');
INSERT INTO stop (busstop, service) VALUES ('36234258', 'N44');
INSERT INTO busstop (sms, name, x, y) VALUES ('36234257', 'Abbey Lane', '55.957145690918', '-3.1654191017151');
INSERT INTO stop (busstop, service) VALUES ('36234257', '19');
INSERT INTO stop (busstop, service) VALUES ('36234257', '34');
INSERT INTO busstop (sms, name, x, y) VALUES ('36234256', 'Abbeyhill', '55.957427978516', '-3.1680378913879');
INSERT INTO stop (busstop, service) VALUES ('36234256', '4');
INSERT INTO stop (busstop, service) VALUES ('36234256', '5');
INSERT INTO stop (busstop, service) VALUES ('36234256', '15');
INSERT INTO stop (busstop, service) VALUES ('36234256', '15A');
INSERT INTO stop (busstop, service) VALUES ('36234256', '26');
INSERT INTO stop (busstop, service) VALUES ('36234256', 'X26');
INSERT INTO stop (busstop, service) VALUES ('36234256', '44');
INSERT INTO stop (busstop, service) VALUES ('36234256', '45');
INSERT INTO stop (busstop, service) VALUES ('36234256', 'N26');
INSERT INTO stop (busstop, service) VALUES ('36234256', 'N44');
INSERT INTO busstop (sms, name, x, y) VALUES ('36234254', 'Abbeyhill', '55.957458496094', '-3.1686639785767');
INSERT INTO stop (busstop, service) VALUES ('36234254', '19');
INSERT INTO stop (busstop, service) VALUES ('36234254', '34');
INSERT INTO busstop (sms, name, x, y) VALUES ('36234253', 'St Clair Street', '55.964107513428', '-3.1704978942871');
INSERT INTO stop (busstop, service) VALUES ('36234253', '1');
INSERT INTO stop (busstop, service) VALUES ('36234253', '35');
INSERT INTO busstop (sms, name, x, y) VALUES ('36234252', 'St Clair Street', '55.966270446777', '-3.1697618961334');
INSERT INTO stop (busstop, service) VALUES ('36234252', '1');
INSERT INTO stop (busstop, service) VALUES ('36234252', '35');
INSERT INTO busstop (sms, name, x, y) VALUES ('36236824', 'Broomhouse Drive', '55.928588867188', '-3.2847640514374');
INSERT INTO stop (busstop, service) VALUES ('36236824', '21');
INSERT INTO stop (busstop, service) VALUES ('36236824', '32');
INSERT INTO busstop (sms, name, x, y) VALUES ('36236825', 'New Lairdship Ya', '55.926254272461', '-3.2831819057465');
INSERT INTO stop (busstop, service) VALUES ('36236825', '21');
INSERT INTO stop (busstop, service) VALUES ('36236825', '32');
INSERT INTO busstop (sms, name, x, y) VALUES ('36242383', 'Glenlockhart Ban', '55.919589996338', '-3.2387640476227');
INSERT INTO stop (busstop, service) VALUES ('36242383', '23');
INSERT INTO busstop (sms, name, x, y) VALUES ('36232832', 'Crewe Toll', '55.969497680664', '-3.2367689609528');
INSERT INTO stop (busstop, service) VALUES ('36232832', '19');
INSERT INTO stop (busstop, service) VALUES ('36232832', '38');
INSERT INTO stop (busstop, service) VALUES ('36232832', '47');
INSERT INTO stop (busstop, service) VALUES ('36232832', 'X47');
INSERT INTO busstop (sms, name, x, y) VALUES ('64325846', 'Police Station', '55.843040466309', '-3.0482470989227');
INSERT INTO stop (busstop, service) VALUES ('64325846', '3');
INSERT INTO stop (busstop, service) VALUES ('64325846', '3A');
INSERT INTO stop (busstop, service) VALUES ('64325846', '29');
INSERT INTO stop (busstop, service) VALUES ('64325846', 'X29');
INSERT INTO stop (busstop, service) VALUES ('64325846', 'N3');
INSERT INTO busstop (sms, name, x, y) VALUES ('64325847', 'Barleyknowe Cres', '55.850566864014', '-3.0548870563507');
INSERT INTO stop (busstop, service) VALUES ('64325847', '3');
INSERT INTO stop (busstop, service) VALUES ('64325847', '3A');
INSERT INTO stop (busstop, service) VALUES ('64325847', '29');
INSERT INTO stop (busstop, service) VALUES ('64325847', 'X29');
INSERT INTO busstop (sms, name, x, y) VALUES ('64325843', 'Gowkley Moss', '55.857753753662', '-3.1883070468903');
INSERT INTO stop (busstop, service) VALUES ('64325843', '15A');
INSERT INTO stop (busstop, service) VALUES ('64325843', '47');
INSERT INTO busstop (sms, name, x, y) VALUES ('36232924', 'Links Tavern', '55.969593048096', '-3.1596720218658');
INSERT INTO stop (busstop, service) VALUES ('36232924', '21');
INSERT INTO stop (busstop, service) VALUES ('36232924', '25');
INSERT INTO stop (busstop, service) VALUES ('36232924', 'N25');
INSERT INTO busstop (sms, name, x, y) VALUES ('64324643', 'Carlops Road', '55.828994750977', '-3.2317640781403');
INSERT INTO stop (busstop, service) VALUES ('64324643', '37');
INSERT INTO stop (busstop, service) VALUES ('64324643', 'X47');
INSERT INTO stop (busstop, service) VALUES ('64324643', 'N37');
INSERT INTO busstop (sms, name, x, y) VALUES ('64324642', 'Bilston Cottages', '55.868587493896', '-3.1775159835815');
INSERT INTO stop (busstop, service) VALUES ('64324642', '15');
INSERT INTO busstop (sms, name, x, y) VALUES ('58232753', 'Beulah', '55.945701599121', '-3.0386409759521');
INSERT INTO stop (busstop, service) VALUES ('58232753', 'N44');
INSERT INTO busstop (sms, name, x, y) VALUES ('36253569', 'Morrison Crescen', '55.943462371826', '-3.2148358821869');
INSERT INTO stop (busstop, service) VALUES ('36253569', '22');
INSERT INTO stop (busstop, service) VALUES ('36253569', 'X25');
INSERT INTO stop (busstop, service) VALUES ('36253569', '30');
INSERT INTO stop (busstop, service) VALUES ('36253569', 'N22');
INSERT INTO stop (busstop, service) VALUES ('36253569', 'N30');
INSERT INTO busstop (sms, name, x, y) VALUES ('36234895', 'Calder Drive', '55.918796539307', '-3.2900080680847');
INSERT INTO stop (busstop, service) VALUES ('36234895', '20');
INSERT INTO busstop (sms, name, x, y) VALUES ('36234894', 'Sighthill Cresce', '55.919261932373', '-3.2890319824219');
INSERT INTO stop (busstop, service) VALUES ('36234894', '3');
INSERT INTO stop (busstop, service) VALUES ('36234894', '3A');
INSERT INTO stop (busstop, service) VALUES ('36234894', '18');
INSERT INTO stop (busstop, service) VALUES ('36234894', '20');
INSERT INTO stop (busstop, service) VALUES ('36234894', '21');
INSERT INTO stop (busstop, service) VALUES ('36234894', '32');
INSERT INTO busstop (sms, name, x, y) VALUES ('36234897', 'Calder Grove', '55.917663574219', '-3.2949469089508');
INSERT INTO stop (busstop, service) VALUES ('36234897', '20');
INSERT INTO busstop (sms, name, x, y) VALUES ('36234896', 'Calder Drive', '55.918628692627', '-3.2904191017151');
INSERT INTO stop (busstop, service) VALUES ('36234896', '20');
INSERT INTO busstop (sms, name, x, y) VALUES ('36234890', 'The Avenue', '55.91060256958', '-3.3169820308685');
INSERT INTO stop (busstop, service) VALUES ('36234890', '25');
INSERT INTO stop (busstop, service) VALUES ('36234890', '45');
INSERT INTO busstop (sms, name, x, y) VALUES ('36234893', 'Burtons Biscuits', '55.921539306641', '-3.2963240146637');
INSERT INTO stop (busstop, service) VALUES ('36234893', '25');
INSERT INTO stop (busstop, service) VALUES ('36234893', 'X25');
INSERT INTO stop (busstop, service) VALUES ('36234893', '34');
INSERT INTO stop (busstop, service) VALUES ('36234893', '109');
INSERT INTO stop (busstop, service) VALUES ('36234893', 'N25');
INSERT INTO busstop (sms, name, x, y) VALUES ('36235389', 'Swanston Road', '55.902271270752', '-3.216490983963');
INSERT INTO stop (busstop, service) VALUES ('36235389', '4');
INSERT INTO stop (busstop, service) VALUES ('36235389', '18');
INSERT INTO busstop (sms, name, x, y) VALUES ('36234898', 'Calder Grove', '55.918186187744', '-3.2984530925751');
INSERT INTO stop (busstop, service) VALUES ('36234898', '20');
INSERT INTO busstop (sms, name, x, y) VALUES ('36235386', 'Dreghorn Avenue', '55.904067993164', '-3.2248649597168');
INSERT INTO stop (busstop, service) VALUES ('36235386', '16');
INSERT INTO stop (busstop, service) VALUES ('36235386', 'N16');
INSERT INTO busstop (sms, name, x, y) VALUES ('36234383', 'Niddrie Cottages', '55.93286895752', '-3.104887008667');
INSERT INTO stop (busstop, service) VALUES ('36234383', '69');
INSERT INTO busstop (sms, name, x, y) VALUES ('36234385', 'Niddrie Mains Cr', '55.936336517334', '-3.1147990226746');
INSERT INTO stop (busstop, service) VALUES ('36234385', '2');
INSERT INTO stop (busstop, service) VALUES ('36234385', '21');
INSERT INTO busstop (sms, name, x, y) VALUES ('36234384', 'Asda Centre', '55.938903808594', '-3.1043379306793');
INSERT INTO stop (busstop, service) VALUES ('36234384', '2');
INSERT INTO stop (busstop, service) VALUES ('36234384', '4');
INSERT INTO stop (busstop, service) VALUES ('36234384', '5');
INSERT INTO stop (busstop, service) VALUES ('36234384', '49');
INSERT INTO busstop (sms, name, x, y) VALUES ('36234386', 'Niddrie Mains Cr', '55.9358253479', '-3.1148319244385');
INSERT INTO stop (busstop, service) VALUES ('36234386', '2');
INSERT INTO stop (busstop, service) VALUES ('36234386', '21');
INSERT INTO busstop (sms, name, x, y) VALUES ('36234389', 'Niddrie Hill Cre', '55.938121795654', '-3.1152820587158');
INSERT INTO stop (busstop, service) VALUES ('36234389', '2');
INSERT INTO stop (busstop, service) VALUES ('36234389', '21');
INSERT INTO busstop (sms, name, x, y) VALUES ('36237384', 'Goldenacre Terra', '55.969104766846', '-3.2068109512329');
INSERT INTO stop (busstop, service) VALUES ('36237384', '8');
INSERT INTO stop (busstop, service) VALUES ('36237384', '23');
INSERT INTO stop (busstop, service) VALUES ('36237384', '27');
INSERT INTO stop (busstop, service) VALUES ('36237384', 'N8');
INSERT INTO busstop (sms, name, x, y) VALUES ('36237385', 'Inverleith', '55.968212127686', '-3.2062709331512');
INSERT INTO stop (busstop, service) VALUES ('36237385', '8');
INSERT INTO stop (busstop, service) VALUES ('36237385', '23');
INSERT INTO stop (busstop, service) VALUES ('36237385', '27');
INSERT INTO stop (busstop, service) VALUES ('36237385', 'N8');
INSERT INTO busstop (sms, name, x, y) VALUES ('36237386', 'Warriston Garden', '55.967838287354', '-3.2056179046631');
INSERT INTO stop (busstop, service) VALUES ('36237386', '8');
INSERT INTO stop (busstop, service) VALUES ('36237386', '23');
INSERT INTO stop (busstop, service) VALUES ('36237386', '27');
INSERT INTO stop (busstop, service) VALUES ('36237386', 'N8');
INSERT INTO busstop (sms, name, x, y) VALUES ('36237387', 'Warriston Drive', '55.967010498047', '-3.2051119804382');
INSERT INTO stop (busstop, service) VALUES ('36237387', '8');
INSERT INTO stop (busstop, service) VALUES ('36237387', '23');
INSERT INTO stop (busstop, service) VALUES ('36237387', '27');
INSERT INTO stop (busstop, service) VALUES ('36237387', 'N8');
INSERT INTO busstop (sms, name, x, y) VALUES ('36237382', 'St James Church', '55.970573425293', '-3.2081871032715');
INSERT INTO stop (busstop, service) VALUES ('36237382', '8');
INSERT INTO stop (busstop, service) VALUES ('36237382', '23');
INSERT INTO stop (busstop, service) VALUES ('36237382', '27');
INSERT INTO stop (busstop, service) VALUES ('36237382', 'N8');
INSERT INTO busstop (sms, name, x, y) VALUES ('36237383', 'Goldenacre', '55.969680786133', '-3.2076780796051');
INSERT INTO stop (busstop, service) VALUES ('36237383', '8');
INSERT INTO stop (busstop, service) VALUES ('36237383', '23');
INSERT INTO stop (busstop, service) VALUES ('36237383', '27');
INSERT INTO stop (busstop, service) VALUES ('36237383', 'N8');
INSERT INTO busstop (sms, name, x, y) VALUES ('36234873', 'The Avenue', '55.910457611084', '-3.3171529769897');
INSERT INTO stop (busstop, service) VALUES ('36234873', '20');
INSERT INTO stop (busstop, service) VALUES ('36234873', '25');
INSERT INTO stop (busstop, service) VALUES ('36234873', 'X25');
INSERT INTO stop (busstop, service) VALUES ('36234873', '34');
INSERT INTO stop (busstop, service) VALUES ('36234873', '45');
INSERT INTO stop (busstop, service) VALUES ('36234873', 'N25');
INSERT INTO busstop (sms, name, x, y) VALUES ('36234871', 'The Avenue', '55.910457611084', '-3.3171529769897');
INSERT INTO stop (busstop, service) VALUES ('36234871', '25');
INSERT INTO stop (busstop, service) VALUES ('36234871', '45');
INSERT INTO busstop (sms, name, x, y) VALUES ('36234870', 'Heriot Watt to B', '55.908954620361', '-3.3198530673981');
INSERT INTO stop (busstop, service) VALUES ('36234870', '25');
INSERT INTO stop (busstop, service) VALUES ('36234870', '45');
INSERT INTO busstop (sms, name, x, y) VALUES ('36237389', 'Warriston Drive', '55.966342926025', '-3.2042100429535');
INSERT INTO stop (busstop, service) VALUES ('36237389', '8');
INSERT INTO stop (busstop, service) VALUES ('36237389', '23');
INSERT INTO stop (busstop, service) VALUES ('36237389', '27');
INSERT INTO stop (busstop, service) VALUES ('36237389', 'N8');
INSERT INTO busstop (sms, name, x, y) VALUES ('36234875', 'The Avenue', '55.910591125488', '-3.316997051239');
INSERT INTO stop (busstop, service) VALUES ('36234875', '25');
INSERT INTO stop (busstop, service) VALUES ('36234875', 'X25');
INSERT INTO stop (busstop, service) VALUES ('36234875', '34');
INSERT INTO stop (busstop, service) VALUES ('36234875', '45');
INSERT INTO stop (busstop, service) VALUES ('36234875', 'N25');
INSERT INTO busstop (sms, name, x, y) VALUES ('36234874', 'Heriot Watt Univ', '55.90905380249', '-3.3198409080505');
INSERT INTO stop (busstop, service) VALUES ('36234874', '21');
INSERT INTO stop (busstop, service) VALUES ('36234874', '25');
INSERT INTO stop (busstop, service) VALUES ('36234874', 'X25');
INSERT INTO stop (busstop, service) VALUES ('36234874', '34');
INSERT INTO stop (busstop, service) VALUES ('36234874', '45');
INSERT INTO busstop (sms, name, x, y) VALUES ('36237472', 'Clovenstone Road', '55.91251373291', '-3.2771120071411');
INSERT INTO stop (busstop, service) VALUES ('36237472', '18');
INSERT INTO stop (busstop, service) VALUES ('36237472', '20');
INSERT INTO stop (busstop, service) VALUES ('36237472', '21');
INSERT INTO stop (busstop, service) VALUES ('36237472', '32');
INSERT INTO busstop (sms, name, x, y) VALUES ('36232623', 'Saughton Rose Ga', '55.934413909912', '-3.2460250854492');
INSERT INTO stop (busstop, service) VALUES ('36232623', '30');
INSERT INTO stop (busstop, service) VALUES ('36232623', '38');
INSERT INTO stop (busstop, service) VALUES ('36232623', 'N30');
INSERT INTO busstop (sms, name, x, y) VALUES ('36232624', 'Balgreen Road', '55.934307098389', '-3.2444679737091');
INSERT INTO stop (busstop, service) VALUES ('36232624', '3');
INSERT INTO stop (busstop, service) VALUES ('36232624', '3A');
INSERT INTO stop (busstop, service) VALUES ('36232624', '25');
INSERT INTO stop (busstop, service) VALUES ('36232624', '33');
INSERT INTO stop (busstop, service) VALUES ('36232624', '38');
INSERT INTO stop (busstop, service) VALUES ('36232624', 'N25');
INSERT INTO busstop (sms, name, x, y) VALUES ('36232625', 'Westfield Road', '55.936511993408', '-3.2403290271759');
INSERT INTO stop (busstop, service) VALUES ('36232625', '3');
INSERT INTO stop (busstop, service) VALUES ('36232625', '3A');
INSERT INTO stop (busstop, service) VALUES ('36232625', '25');
INSERT INTO stop (busstop, service) VALUES ('36232625', '33');
INSERT INTO stop (busstop, service) VALUES ('36232625', '38');
INSERT INTO stop (busstop, service) VALUES ('36232625', 'N25');
INSERT INTO busstop (sms, name, x, y) VALUES ('36232626', 'Smithfield Stree', '55.937255859375', '-3.235326051712');
INSERT INTO stop (busstop, service) VALUES ('36232626', '1');
INSERT INTO stop (busstop, service) VALUES ('36232626', '2');
INSERT INTO stop (busstop, service) VALUES ('36232626', '3');
INSERT INTO stop (busstop, service) VALUES ('36232626', '3A');
INSERT INTO stop (busstop, service) VALUES ('36232626', '25');
INSERT INTO stop (busstop, service) VALUES ('36232626', '33');
INSERT INTO stop (busstop, service) VALUES ('36232626', 'N25');
INSERT INTO busstop (sms, name, x, y) VALUES ('36232627', 'Tynecastle', '55.938369750977', '-3.2308139801025');
INSERT INTO stop (busstop, service) VALUES ('36232627', '1');
INSERT INTO stop (busstop, service) VALUES ('36232627', '2');
INSERT INTO stop (busstop, service) VALUES ('36232627', '3');
INSERT INTO stop (busstop, service) VALUES ('36232627', '3A');
INSERT INTO stop (busstop, service) VALUES ('36232627', '25');
INSERT INTO stop (busstop, service) VALUES ('36232627', '33');
INSERT INTO stop (busstop, service) VALUES ('36232627', 'N25');
INSERT INTO busstop (sms, name, x, y) VALUES ('36232628', 'Gorgie City Farm', '55.938941955566', '-3.2284150123596');
INSERT INTO stop (busstop, service) VALUES ('36232628', '1');
INSERT INTO stop (busstop, service) VALUES ('36232628', '2');
INSERT INTO stop (busstop, service) VALUES ('36232628', '3');
INSERT INTO stop (busstop, service) VALUES ('36232628', '3A');
INSERT INTO stop (busstop, service) VALUES ('36232628', '25');
INSERT INTO stop (busstop, service) VALUES ('36232628', '33');
INSERT INTO stop (busstop, service) VALUES ('36232628', 'N25');
INSERT INTO busstop (sms, name, x, y) VALUES ('36232629', 'Murieston', '55.939842224121', '-3.2256259918213');
INSERT INTO stop (busstop, service) VALUES ('36232629', '2');
INSERT INTO stop (busstop, service) VALUES ('36232629', '3');
INSERT INTO stop (busstop, service) VALUES ('36232629', '3A');
INSERT INTO stop (busstop, service) VALUES ('36232629', '4');
INSERT INTO stop (busstop, service) VALUES ('36232629', '25');
INSERT INTO stop (busstop, service) VALUES ('36232629', '33');
INSERT INTO stop (busstop, service) VALUES ('36232629', '44');
INSERT INTO stop (busstop, service) VALUES ('36232629', 'N25');
INSERT INTO stop (busstop, service) VALUES ('36232629', 'N44');
INSERT INTO busstop (sms, name, x, y) VALUES ('36237478', 'Westside Plaza 1', '55.916488647461', '-3.2854828834534');
INSERT INTO stop (busstop, service) VALUES ('36237478', '30');
INSERT INTO stop (busstop, service) VALUES ('36237478', '33');
INSERT INTO busstop (sms, name, x, y) VALUES ('36237479', 'Westside Plaza', '55.916404724121', '-3.2858490943909');
INSERT INTO stop (busstop, service) VALUES ('36237479', '3');
INSERT INTO stop (busstop, service) VALUES ('36237479', '3A');
INSERT INTO stop (busstop, service) VALUES ('36237479', '18');
INSERT INTO stop (busstop, service) VALUES ('36237479', '20');
INSERT INTO stop (busstop, service) VALUES ('36237479', '21');
INSERT INTO stop (busstop, service) VALUES ('36237479', '32');
INSERT INTO busstop (sms, name, x, y) VALUES ('36237457', 'Dumbryden Garden', '55.919361114502', '-3.2754809856415');
INSERT INTO stop (busstop, service) VALUES ('36237457', '33');
INSERT INTO busstop (sms, name, x, y) VALUES ('36237272', 'Rosebank Grove', '55.972309112549', '-3.2145380973816');
INSERT INTO stop (busstop, service) VALUES ('36237272', '8');
INSERT INTO stop (busstop, service) VALUES ('36237272', '14');
INSERT INTO stop (busstop, service) VALUES ('36237272', 'N8');
INSERT INTO busstop (sms, name, x, y) VALUES ('36237273', 'Rosebank Grove', '55.971328735352', '-3.2144429683685');
INSERT INTO stop (busstop, service) VALUES ('36237273', '8');
INSERT INTO stop (busstop, service) VALUES ('36237273', '14');
INSERT INTO stop (busstop, service) VALUES ('36237273', 'N8');
INSERT INTO busstop (sms, name, x, y) VALUES ('36237274', 'Wardie Road', '55.970977783203', '-3.2128460407257');
INSERT INTO stop (busstop, service) VALUES ('36237274', '8');
INSERT INTO stop (busstop, service) VALUES ('36237274', '14');
INSERT INTO stop (busstop, service) VALUES ('36237274', '21');
INSERT INTO stop (busstop, service) VALUES ('36237274', '27');
INSERT INTO stop (busstop, service) VALUES ('36237274', 'N8');
INSERT INTO busstop (sms, name, x, y) VALUES ('36237275', 'Wardie Road', '55.97093963623', '-3.2120440006256');
INSERT INTO stop (busstop, service) VALUES ('36237275', '8');
INSERT INTO stop (busstop, service) VALUES ('36237275', '14');
INSERT INTO stop (busstop, service) VALUES ('36237275', '21');
INSERT INTO stop (busstop, service) VALUES ('36237275', '27');
INSERT INTO stop (busstop, service) VALUES ('36237275', 'N8');
INSERT INTO busstop (sms, name, x, y) VALUES ('36237276', 'Monmouth Terrace', '55.971378326416', '-3.2069299221039');
INSERT INTO stop (busstop, service) VALUES ('36237276', '14');
INSERT INTO stop (busstop, service) VALUES ('36237276', '21');
INSERT INTO stop (busstop, service) VALUES ('36237276', '23');
INSERT INTO busstop (sms, name, x, y) VALUES ('36237278', 'Goldenacre', '55.97131729126', '-3.206414937973');
INSERT INTO stop (busstop, service) VALUES ('36237278', '14');
INSERT INTO stop (busstop, service) VALUES ('36237278', '21');
INSERT INTO stop (busstop, service) VALUES ('36237278', '23');
INSERT INTO busstop (sms, name, x, y) VALUES ('36237279', 'Bangholm Avenue', '55.971969604492', '-3.2049460411072');
INSERT INTO stop (busstop, service) VALUES ('36237279', '23');
INSERT INTO busstop (sms, name, x, y) VALUES ('58232356', 'Cemetery', '55.958358764648', '-2.9878680706024');
INSERT INTO stop (busstop, service) VALUES ('58232356', '26');
INSERT INTO stop (busstop, service) VALUES ('58232356', 'X26');
INSERT INTO stop (busstop, service) VALUES ('58232356', 'N26');
INSERT INTO busstop (sms, name, x, y) VALUES ('58232357', 'cemetery', '55.9587059021', '-2.9870920181274');
INSERT INTO stop (busstop, service) VALUES ('58232357', '26');
INSERT INTO stop (busstop, service) VALUES ('58232357', 'X26');
INSERT INTO stop (busstop, service) VALUES ('58232357', 'N26');
INSERT INTO busstop (sms, name, x, y) VALUES ('58232352', 'Inchview', '55.956489562988', '-2.9942429065704');
INSERT INTO stop (busstop, service) VALUES ('58232352', '26');
INSERT INTO stop (busstop, service) VALUES ('58232352', 'X26');
INSERT INTO stop (busstop, service) VALUES ('58232352', 'N26');
INSERT INTO busstop (sms, name, x, y) VALUES ('58232353', 'Ox Walk', '55.957046508789', '-2.9920148849487');
INSERT INTO stop (busstop, service) VALUES ('58232353', '26');
INSERT INTO stop (busstop, service) VALUES ('58232353', 'X26');
INSERT INTO stop (busstop, service) VALUES ('58232353', 'N26');
INSERT INTO busstop (sms, name, x, y) VALUES ('64323479', 'Buccleuch Street', '55.892772674561', '-3.0706470012665');
INSERT INTO stop (busstop, service) VALUES ('64323479', '3');
INSERT INTO stop (busstop, service) VALUES ('64323479', '3A');
INSERT INTO stop (busstop, service) VALUES ('64323479', 'N3');
INSERT INTO busstop (sms, name, x, y) VALUES ('64323478', 'Bruce Gardens', '55.890571594238', '-3.056834936142');
INSERT INTO stop (busstop, service) VALUES ('64323478', '3');
INSERT INTO stop (busstop, service) VALUES ('64323478', '3A');
INSERT INTO stop (busstop, service) VALUES ('64323478', 'N3');
INSERT INTO busstop (sms, name, x, y) VALUES ('36237492', 'Foulis Crescent', '55.906002044678', '-3.2783861160278');
INSERT INTO stop (busstop, service) VALUES ('36237492', '44');
INSERT INTO stop (busstop, service) VALUES ('36237492', '44A');
INSERT INTO stop (busstop, service) VALUES ('36237492', '45');
INSERT INTO stop (busstop, service) VALUES ('36237492', 'N44');
INSERT INTO busstop (sms, name, x, y) VALUES ('36237493', 'Juniper Green Ch', '55.905139923096', '-3.281172990799');
INSERT INTO stop (busstop, service) VALUES ('36237493', '44');
INSERT INTO stop (busstop, service) VALUES ('36237493', '45');
INSERT INTO stop (busstop, service) VALUES ('36237493', 'N44');
INSERT INTO busstop (sms, name, x, y) VALUES ('36237494', 'Juniper Green Ch', '55.904838562012', '-3.2816109657288');
INSERT INTO stop (busstop, service) VALUES ('36237494', '44');
INSERT INTO stop (busstop, service) VALUES ('36237494', '44A');
INSERT INTO stop (busstop, service) VALUES ('36237494', '45');
INSERT INTO stop (busstop, service) VALUES ('36237494', 'N44');
INSERT INTO busstop (sms, name, x, y) VALUES ('36237495', 'Woodhall Drive', '55.903987884521', '-3.2837579250336');
INSERT INTO stop (busstop, service) VALUES ('36237495', '44');
INSERT INTO stop (busstop, service) VALUES ('36237495', '44A');
INSERT INTO stop (busstop, service) VALUES ('36237495', '45');
INSERT INTO stop (busstop, service) VALUES ('36237495', 'N44');
INSERT INTO busstop (sms, name, x, y) VALUES ('36237496', 'Baberton Avenue', '55.903343200684', '-3.2851929664612');
INSERT INTO stop (busstop, service) VALUES ('36237496', '44');
INSERT INTO stop (busstop, service) VALUES ('36237496', '44A');
INSERT INTO stop (busstop, service) VALUES ('36237496', '45');
INSERT INTO stop (busstop, service) VALUES ('36237496', 'N44');
INSERT INTO busstop (sms, name, x, y) VALUES ('64323476', 'Bruce Gardens', '55.890804290771', '-3.0570011138916');
INSERT INTO stop (busstop, service) VALUES ('64323476', '3');
INSERT INTO stop (busstop, service) VALUES ('64323476', '3A');
INSERT INTO stop (busstop, service) VALUES ('64323476', 'N3');
INSERT INTO busstop (sms, name, x, y) VALUES ('36236389', 'Leven Street', '55.941379547119', '-3.2036271095276');
INSERT INTO stop (busstop, service) VALUES ('36236389', '11');
INSERT INTO stop (busstop, service) VALUES ('36236389', '15');
INSERT INTO stop (busstop, service) VALUES ('36236389', '15A');
INSERT INTO stop (busstop, service) VALUES ('36236389', '16');
INSERT INTO stop (busstop, service) VALUES ('36236389', '23');
INSERT INTO stop (busstop, service) VALUES ('36236389', '45');
INSERT INTO stop (busstop, service) VALUES ('36236389', 'N16');
INSERT INTO busstop (sms, name, x, y) VALUES ('36236387', 'Whitehouse Loan', '55.939922332764', '-3.2045269012451');
INSERT INTO stop (busstop, service) VALUES ('36236387', '11');
INSERT INTO stop (busstop, service) VALUES ('36236387', '15');
INSERT INTO stop (busstop, service) VALUES ('36236387', '15A');
INSERT INTO stop (busstop, service) VALUES ('36236387', '16');
INSERT INTO stop (busstop, service) VALUES ('36236387', '23');
INSERT INTO stop (busstop, service) VALUES ('36236387', '45');
INSERT INTO stop (busstop, service) VALUES ('36236387', 'N16');
INSERT INTO busstop (sms, name, x, y) VALUES ('36236384', 'Churchhill', '55.932273864746', '-3.2092680931091');
INSERT INTO stop (busstop, service) VALUES ('36236384', '5');
INSERT INTO busstop (sms, name, x, y) VALUES ('36236383', 'Greenhill Garens', '55.933265686035', '-3.2042560577393');
INSERT INTO stop (busstop, service) VALUES ('36236383', '5');
INSERT INTO busstop (sms, name, x, y) VALUES ('36236382', 'Greenhill Garden', '55.933372497559', '-3.2044990062714');
INSERT INTO stop (busstop, service) VALUES ('36236382', '5');
INSERT INTO busstop (sms, name, x, y) VALUES ('36239637', 'Meggetland Terra', '55.927501678467', '-3.2312219142914');
INSERT INTO stop (busstop, service) VALUES ('36239637', '10');
INSERT INTO stop (busstop, service) VALUES ('36239637', '27');
INSERT INTO stop (busstop, service) VALUES ('36239637', '45');
INSERT INTO busstop (sms, name, x, y) VALUES ('64323875', 'Stone Place', '55.871898651123', '-3.0424230098724');
INSERT INTO stop (busstop, service) VALUES ('64323875', '3');
INSERT INTO stop (busstop, service) VALUES ('64323875', '3A');
INSERT INTO stop (busstop, service) VALUES ('64323875', '29');
INSERT INTO stop (busstop, service) VALUES ('64323875', 'N3');
INSERT INTO busstop (sms, name, x, y) VALUES ('64323874', 'Stone Place', '55.871719360352', '-3.0420989990234');
INSERT INTO stop (busstop, service) VALUES ('64323874', '3');
INSERT INTO stop (busstop, service) VALUES ('64323874', '3A');
INSERT INTO stop (busstop, service) VALUES ('64323874', '29');
INSERT INTO stop (busstop, service) VALUES ('64323874', 'N3');
INSERT INTO busstop (sms, name, x, y) VALUES ('36232536', 'Rose Street', '55.953159332275', '-3.197233915329');
INSERT INTO stop (busstop, service) VALUES ('36232536', '22');
INSERT INTO stop (busstop, service) VALUES ('36232536', '23');
INSERT INTO stop (busstop, service) VALUES ('36232536', '25');
INSERT INTO stop (busstop, service) VALUES ('36232536', '27');
INSERT INTO stop (busstop, service) VALUES ('36232536', '45');
INSERT INTO busstop (sms, name, x, y) VALUES ('64323876', 'Mayfield Place', '55.875137329102', '-3.0420310497284');
INSERT INTO stop (busstop, service) VALUES ('64323876', '3');
INSERT INTO stop (busstop, service) VALUES ('64323876', '3A');
INSERT INTO stop (busstop, service) VALUES ('64323876', 'N3');
INSERT INTO busstop (sms, name, x, y) VALUES ('64323871', 'Larch Crescent', '55.872573852539', '-3.0283288955688');
INSERT INTO stop (busstop, service) VALUES ('64323871', '3');
INSERT INTO stop (busstop, service) VALUES ('64323871', 'N3');
INSERT INTO busstop (sms, name, x, y) VALUES ('64323873', 'Mayfield Place', '55.87487411499', '-3.0412240028381');
INSERT INTO stop (busstop, service) VALUES ('64323873', '3');
INSERT INTO stop (busstop, service) VALUES ('64323873', '3A');
INSERT INTO stop (busstop, service) VALUES ('64323873', 'N3');
INSERT INTO busstop (sms, name, x, y) VALUES ('64323872', 'Larch Crescent', '55.872573852539', '-3.0283288955688');
INSERT INTO stop (busstop, service) VALUES ('64323872', '3');
INSERT INTO stop (busstop, service) VALUES ('64323872', '29');
INSERT INTO busstop (sms, name, x, y) VALUES ('64323879', 'Oak Crescent', '55.872856140137', '-3.0354170799255');
INSERT INTO stop (busstop, service) VALUES ('64323879', '3');
INSERT INTO stop (busstop, service) VALUES ('64323879', '29');
INSERT INTO busstop (sms, name, x, y) VALUES ('64323878', 'Oak Crescent', '55.873199462891', '-3.0351059436798');
INSERT INTO stop (busstop, service) VALUES ('64323878', '3');
INSERT INTO stop (busstop, service) VALUES ('64323878', '29');
INSERT INTO stop (busstop, service) VALUES ('64323878', 'N3');
INSERT INTO busstop (sms, name, x, y) VALUES ('36234525', 'Niddrie Marishal', '55.930568695068', '-3.126797914505');
INSERT INTO stop (busstop, service) VALUES ('36234525', '14');
INSERT INTO busstop (sms, name, x, y) VALUES ('36234524', 'Thistle Foundati', '55.932006835938', '-3.1294651031494');
INSERT INTO stop (busstop, service) VALUES ('36234524', '14');
INSERT INTO busstop (sms, name, x, y) VALUES ('36234527', 'Greendykes Avenu', '55.930282592773', '-3.126580953598');
INSERT INTO stop (busstop, service) VALUES ('36234527', '14');
INSERT INTO busstop (sms, name, x, y) VALUES ('36239639', 'Craiglockhart Ro', '55.915912628174', '-3.240758895874');
INSERT INTO stop (busstop, service) VALUES ('36239639', '4');
INSERT INTO stop (busstop, service) VALUES ('36239639', '10');
INSERT INTO stop (busstop, service) VALUES ('36239639', '27');
INSERT INTO stop (busstop, service) VALUES ('36239639', '45');
INSERT INTO busstop (sms, name, x, y) VALUES ('36234523', 'Craigmillar Libr', '55.932693481445', '-3.1282200813293');
INSERT INTO stop (busstop, service) VALUES ('36234523', '2');
INSERT INTO stop (busstop, service) VALUES ('36234523', '21');
INSERT INTO stop (busstop, service) VALUES ('36234523', '30');
INSERT INTO stop (busstop, service) VALUES ('36234523', 'N30');
INSERT INTO busstop (sms, name, x, y) VALUES ('36234529', 'Wauchhope Square', '55.932518005371', '-3.1337060928345');
INSERT INTO stop (busstop, service) VALUES ('36234529', '2');
INSERT INTO stop (busstop, service) VALUES ('36234529', '14');
INSERT INTO stop (busstop, service) VALUES ('36234529', '21');
INSERT INTO stop (busstop, service) VALUES ('36234529', '30');
INSERT INTO stop (busstop, service) VALUES ('36234529', 'N30');
INSERT INTO busstop (sms, name, x, y) VALUES ('36234528', 'Thistle Foundati', '55.932167053223', '-3.1305899620056');
INSERT INTO stop (busstop, service) VALUES ('36234528', '2');
INSERT INTO stop (busstop, service) VALUES ('36234528', '14');
INSERT INTO stop (busstop, service) VALUES ('36234528', '21');
INSERT INTO stop (busstop, service) VALUES ('36234528', '30');
INSERT INTO stop (busstop, service) VALUES ('36234528', 'N30');
INSERT INTO busstop (sms, name, x, y) VALUES ('64323653', 'Bonnyrigg Road', '55.885456085205', '-3.0853140354156');
INSERT INTO stop (busstop, service) VALUES ('64323653', '49');
INSERT INTO busstop (sms, name, x, y) VALUES ('64323652', 'Westfield Park', '55.885093688965', '-3.085431098938');
INSERT INTO stop (busstop, service) VALUES ('64323652', '49');
INSERT INTO busstop (sms, name, x, y) VALUES ('64323898', 'Westhouses Avenu', '55.868015289307', '-3.0341689586639');
INSERT INTO stop (busstop, service) VALUES ('64323898', '3');
INSERT INTO stop (busstop, service) VALUES ('64323898', '29');
INSERT INTO busstop (sms, name, x, y) VALUES ('64323893', 'Mayfield roundab', '55.872009277344', '-3.0398049354553');
INSERT INTO stop (busstop, service) VALUES ('64323893', '3');
INSERT INTO stop (busstop, service) VALUES ('64323893', '3A');
INSERT INTO stop (busstop, service) VALUES ('64323893', 'N3');
INSERT INTO busstop (sms, name, x, y) VALUES ('64323892', 'Oak Place', '55.869094848633', '-3.034038066864');
INSERT INTO stop (busstop, service) VALUES ('64323892', '3');
INSERT INTO stop (busstop, service) VALUES ('64323892', '29');
INSERT INTO busstop (sms, name, x, y) VALUES ('64323891', 'Mayfield Rndabt', '55.872009277344', '-3.0398049354553');
INSERT INTO stop (busstop, service) VALUES ('64323891', '3');
INSERT INTO stop (busstop, service) VALUES ('64323891', '29');
INSERT INTO busstop (sms, name, x, y) VALUES ('64323890', 'Oak Place', '55.869094848633', '-3.034038066864');
INSERT INTO stop (busstop, service) VALUES ('64323890', '3');
INSERT INTO stop (busstop, service) VALUES ('64323890', 'N3');
INSERT INTO busstop (sms, name, x, y) VALUES ('64323897', 'Sycamore Road', '55.870487213135', '-3.0383899211884');
INSERT INTO stop (busstop, service) VALUES ('64323897', '3');
INSERT INTO stop (busstop, service) VALUES ('64323897', 'N3');
INSERT INTO busstop (sms, name, x, y) VALUES ('64323895', 'Suttieslea Place', '55.870010375977', '-3.0530800819397');
INSERT INTO stop (busstop, service) VALUES ('64323895', '3');
INSERT INTO stop (busstop, service) VALUES ('64323895', '3A');
INSERT INTO stop (busstop, service) VALUES ('64323895', '29');
INSERT INTO stop (busstop, service) VALUES ('64323895', 'N3');
INSERT INTO busstop (sms, name, x, y) VALUES ('64323894', 'Suttieslea Place', '55.870094299316', '-3.0535619258881');
INSERT INTO stop (busstop, service) VALUES ('64323894', '3');
INSERT INTO stop (busstop, service) VALUES ('64323894', '3A');
INSERT INTO stop (busstop, service) VALUES ('64323894', '29');
INSERT INTO stop (busstop, service) VALUES ('64323894', 'N3');
INSERT INTO busstop (sms, name, x, y) VALUES ('58232684', 'Fire Station', '55.939960479736', '-3.0480930805206');
INSERT INTO stop (busstop, service) VALUES ('58232684', '30');
INSERT INTO busstop (sms, name, x, y) VALUES ('36242362', 'Liberton Road', '55.924072265625', '-3.1661539077759');
INSERT INTO stop (busstop, service) VALUES ('36242362', '3');
INSERT INTO stop (busstop, service) VALUES ('36242362', '3A');
INSERT INTO stop (busstop, service) VALUES ('36242362', '8');
INSERT INTO stop (busstop, service) VALUES ('36242362', '29');
INSERT INTO stop (busstop, service) VALUES ('36242362', 'N3');
INSERT INTO busstop (sms, name, x, y) VALUES ('36237658', 'Lussielaw Road', '55.928188323975', '-3.1747450828552');
INSERT INTO stop (busstop, service) VALUES ('36237658', '24');
INSERT INTO stop (busstop, service) VALUES ('36237658', '42');
INSERT INTO stop (busstop, service) VALUES ('36237658', '67');
INSERT INTO busstop (sms, name, x, y) VALUES ('36237659', 'Kings Buildings', '55.925113677979', '-3.1729390621185');
INSERT INTO stop (busstop, service) VALUES ('36237659', '24');
INSERT INTO stop (busstop, service) VALUES ('36237659', '42');
INSERT INTO stop (busstop, service) VALUES ('36237659', '67');
INSERT INTO busstop (sms, name, x, y) VALUES ('36242364', 'Lauder Road', '55.935779571533', '-3.1881020069122');
INSERT INTO stop (busstop, service) VALUES ('36242364', '5');
INSERT INTO stop (busstop, service) VALUES ('36242364', '24');
INSERT INTO busstop (sms, name, x, y) VALUES ('36237652', 'Abbeymount', '55.95662689209', '-3.1727390289307');
INSERT INTO stop (busstop, service) VALUES ('36237652', '35');
INSERT INTO busstop (sms, name, x, y) VALUES ('36233858', 'Marchmont Cresce', '55.936744689941', '-3.1940379142761');
INSERT INTO stop (busstop, service) VALUES ('36233858', '41');
INSERT INTO busstop (sms, name, x, y) VALUES ('36242368', 'Orrock Park', '55.923316955566', '-3.1645469665527');
INSERT INTO stop (busstop, service) VALUES ('36242368', '3');
INSERT INTO stop (busstop, service) VALUES ('36242368', '3A');
INSERT INTO stop (busstop, service) VALUES ('36242368', '8');
INSERT INTO stop (busstop, service) VALUES ('36242368', '29');
INSERT INTO stop (busstop, service) VALUES ('36242368', 'N3');
INSERT INTO busstop (sms, name, x, y) VALUES ('36237656', 'Royal Blind Scho', '55.930526733398', '-3.176383972168');
INSERT INTO stop (busstop, service) VALUES ('36237656', '42');
INSERT INTO stop (busstop, service) VALUES ('36237656', '67');
INSERT INTO busstop (sms, name, x, y) VALUES ('36237657', 'Royal Blind Scho', '55.929370880127', '-3.1752450466156');
INSERT INTO stop (busstop, service) VALUES ('36237657', '24');
INSERT INTO stop (busstop, service) VALUES ('36237657', '42');
INSERT INTO stop (busstop, service) VALUES ('36237657', '67');
INSERT INTO busstop (sms, name, x, y) VALUES ('36237654', 'Fountainhall Roa', '55.932456970215', '-3.1774508953094');
INSERT INTO stop (busstop, service) VALUES ('36237654', '42');
INSERT INTO stop (busstop, service) VALUES ('36237654', '67');
INSERT INTO busstop (sms, name, x, y) VALUES ('58232728', 'Edinburgh Road', '55.945880889893', '-2.9635639190674');
INSERT INTO stop (busstop, service) VALUES ('58232728', '44');
INSERT INTO stop (busstop, service) VALUES ('58232728', 'N44');
INSERT INTO busstop (sms, name, x, y) VALUES ('36248732', 'Lochside Court', '55.931705474854', '-3.3115348815918');
INSERT INTO stop (busstop, service) VALUES ('36248732', '2');
INSERT INTO busstop (sms, name, x, y) VALUES ('36236529', 'Hutchison Grove', '55.930004119873', '-3.239737033844');
INSERT INTO stop (busstop, service) VALUES ('36236529', '4');
INSERT INTO stop (busstop, service) VALUES ('36236529', '34');
INSERT INTO stop (busstop, service) VALUES ('36236529', '35');
INSERT INTO stop (busstop, service) VALUES ('36236529', '44');
INSERT INTO stop (busstop, service) VALUES ('36236529', 'N44');
INSERT INTO busstop (sms, name, x, y) VALUES ('36236528', 'Moat Drive', '55.930736541748', '-3.238480091095');
INSERT INTO stop (busstop, service) VALUES ('36236528', '4');
INSERT INTO stop (busstop, service) VALUES ('36236528', '34');
INSERT INTO stop (busstop, service) VALUES ('36236528', '35');
INSERT INTO stop (busstop, service) VALUES ('36236528', '44');
INSERT INTO stop (busstop, service) VALUES ('36236528', '44A');
INSERT INTO stop (busstop, service) VALUES ('36236528', 'N44');
INSERT INTO busstop (sms, name, x, y) VALUES ('36238563', 'Victoria Square', '55.98014831543', '-3.2075879573822');
INSERT INTO stop (busstop, service) VALUES ('36238563', '16');
INSERT INTO busstop (sms, name, x, y) VALUES ('36238562', 'Granton harbour', '55.980876922607', '-3.2232689857483');
INSERT INTO stop (busstop, service) VALUES ('36238562', '16');
INSERT INTO busstop (sms, name, x, y) VALUES ('36236523', 'Laurel Terrace', '55.936672210693', '-3.2281510829926');
INSERT INTO stop (busstop, service) VALUES ('36236523', '4');
INSERT INTO stop (busstop, service) VALUES ('36236523', '34');
INSERT INTO stop (busstop, service) VALUES ('36236523', '35');
INSERT INTO stop (busstop, service) VALUES ('36236523', '44');
INSERT INTO stop (busstop, service) VALUES ('36236523', 'N44');
INSERT INTO busstop (sms, name, x, y) VALUES ('36236527', 'Moat Drive', '55.932460784912', '-3.2367739677429');
INSERT INTO stop (busstop, service) VALUES ('36236527', '4');
INSERT INTO stop (busstop, service) VALUES ('36236527', '34');
INSERT INTO stop (busstop, service) VALUES ('36236527', '35');
INSERT INTO stop (busstop, service) VALUES ('36236527', '44');
INSERT INTO stop (busstop, service) VALUES ('36236527', 'N44');
INSERT INTO busstop (sms, name, x, y) VALUES ('36236526', 'Hermand Street', '55.933650970459', '-3.2344110012054');
INSERT INTO stop (busstop, service) VALUES ('36236526', '4');
INSERT INTO stop (busstop, service) VALUES ('36236526', '34');
INSERT INTO stop (busstop, service) VALUES ('36236526', '35');
INSERT INTO stop (busstop, service) VALUES ('36236526', '44');
INSERT INTO stop (busstop, service) VALUES ('36236526', '44A');
INSERT INTO stop (busstop, service) VALUES ('36236526', 'N44');
INSERT INTO busstop (sms, name, x, y) VALUES ('36236525', 'Shandon', '55.935054779053', '-3.2314460277557');
INSERT INTO stop (busstop, service) VALUES ('36236525', '4');
INSERT INTO stop (busstop, service) VALUES ('36236525', '34');
INSERT INTO stop (busstop, service) VALUES ('36236525', '35');
INSERT INTO stop (busstop, service) VALUES ('36236525', '44');
INSERT INTO stop (busstop, service) VALUES ('36236525', '44A');
INSERT INTO stop (busstop, service) VALUES ('36236525', 'N44');
INSERT INTO busstop (sms, name, x, y) VALUES ('36236524', 'Caledonian Brewe', '55.935447692871', '-3.2309620380402');
INSERT INTO stop (busstop, service) VALUES ('36236524', '4');
INSERT INTO stop (busstop, service) VALUES ('36236524', '34');
INSERT INTO stop (busstop, service) VALUES ('36236524', '35');
INSERT INTO stop (busstop, service) VALUES ('36236524', '44');
INSERT INTO stop (busstop, service) VALUES ('36236524', 'N44');
INSERT INTO busstop (sms, name, x, y) VALUES ('36238362', 'Dewar Place', '55.946731567383', '-3.2111270427704');
INSERT INTO stop (busstop, service) VALUES ('36238362', '2');
INSERT INTO busstop (sms, name, x, y) VALUES ('36232846', 'Royston Mains Cr', '55.976692199707', '-3.2391459941864');
INSERT INTO stop (busstop, service) VALUES ('36232846', '14');
INSERT INTO stop (busstop, service) VALUES ('36232846', '38');
INSERT INTO stop (busstop, service) VALUES ('36232846', '47');
INSERT INTO stop (busstop, service) VALUES ('36232846', 'X47');
INSERT INTO busstop (sms, name, x, y) VALUES ('36232847', 'Boswall Parkway', '55.974666595459', '-3.2384889125824');
INSERT INTO stop (busstop, service) VALUES ('36232847', '19');
INSERT INTO stop (busstop, service) VALUES ('36232847', '38');
INSERT INTO stop (busstop, service) VALUES ('36232847', '47');
INSERT INTO stop (busstop, service) VALUES ('36232847', 'X47');
INSERT INTO busstop (sms, name, x, y) VALUES ('36232842', 'Gypsy Brae', '55.976409912109', '-3.2499868869781');
INSERT INTO stop (busstop, service) VALUES ('36232842', '8');
INSERT INTO stop (busstop, service) VALUES ('36232842', '14');
INSERT INTO stop (busstop, service) VALUES ('36232842', '16');
INSERT INTO stop (busstop, service) VALUES ('36232842', '24');
INSERT INTO stop (busstop, service) VALUES ('36232842', '32');
INSERT INTO stop (busstop, service) VALUES ('36232842', 'N8');
INSERT INTO busstop (sms, name, x, y) VALUES ('36232843', 'Granton Mains Av', '55.97664642334', '-3.2451870441437');
INSERT INTO stop (busstop, service) VALUES ('36232843', '8');
INSERT INTO stop (busstop, service) VALUES ('36232843', '14');
INSERT INTO stop (busstop, service) VALUES ('36232843', '16');
INSERT INTO stop (busstop, service) VALUES ('36232843', '24');
INSERT INTO stop (busstop, service) VALUES ('36232843', '32');
INSERT INTO stop (busstop, service) VALUES ('36232843', 'N8');
INSERT INTO busstop (sms, name, x, y) VALUES ('36238369', 'Durham Place Lan', '55.946548461914', '-3.1184868812561');
INSERT INTO stop (busstop, service) VALUES ('36238369', '21');
INSERT INTO stop (busstop, service) VALUES ('36238369', '49');
INSERT INTO stop (busstop, service) VALUES ('36238369', '69');
INSERT INTO busstop (sms, name, x, y) VALUES ('36238368', 'Southfield Place', '55.948757171631', '-3.1196880340576');
INSERT INTO stop (busstop, service) VALUES ('36238368', '21');
INSERT INTO stop (busstop, service) VALUES ('36238368', '49');
INSERT INTO stop (busstop, service) VALUES ('36238368', '69');
INSERT INTO busstop (sms, name, x, y) VALUES ('36232848', 'Crewe Road West', '55.972873687744', '-3.2380309104919');
INSERT INTO stop (busstop, service) VALUES ('36232848', '19');
INSERT INTO stop (busstop, service) VALUES ('36232848', '38');
INSERT INTO stop (busstop, service) VALUES ('36232848', '47');
INSERT INTO stop (busstop, service) VALUES ('36232848', 'X47');
INSERT INTO busstop (sms, name, x, y) VALUES ('36232849', 'Crewe Toll (Crew', '55.967742919922', '-3.2354800701141');
INSERT INTO stop (busstop, service) VALUES ('36232849', '19');
INSERT INTO stop (busstop, service) VALUES ('36232849', '24');
INSERT INTO stop (busstop, service) VALUES ('36232849', '29');
INSERT INTO stop (busstop, service) VALUES ('36232849', 'X29');
INSERT INTO stop (busstop, service) VALUES ('36232849', '37');
INSERT INTO stop (busstop, service) VALUES ('36232849', '38');
INSERT INTO stop (busstop, service) VALUES ('36232849', '47');
INSERT INTO stop (busstop, service) VALUES ('36232849', 'X47');
INSERT INTO stop (busstop, service) VALUES ('36232849', 'N37');
INSERT INTO busstop (sms, name, x, y) VALUES ('58232726', 'Edinburgh Road', '55.945056915283', '-2.9583721160889');
INSERT INTO stop (busstop, service) VALUES ('58232726', '44');
INSERT INTO stop (busstop, service) VALUES ('58232726', 'N44');
INSERT INTO busstop (sms, name, x, y) VALUES ('64323254', 'Powdermill Brae', '55.838977813721', '-3.0463330745697');
INSERT INTO stop (busstop, service) VALUES ('64323254', '3');
INSERT INTO stop (busstop, service) VALUES ('64323254', '3A');
INSERT INTO stop (busstop, service) VALUES ('64323254', '29');
INSERT INTO stop (busstop, service) VALUES ('64323254', 'X29');
INSERT INTO stop (busstop, service) VALUES ('64323254', 'N3');
INSERT INTO busstop (sms, name, x, y) VALUES ('64323257', 'Powdermill Brae', '55.8371925354', '-3.0450069904327');
INSERT INTO stop (busstop, service) VALUES ('64323257', '3');
INSERT INTO stop (busstop, service) VALUES ('64323257', '3A');
INSERT INTO stop (busstop, service) VALUES ('64323257', '29');
INSERT INTO stop (busstop, service) VALUES ('64323257', 'X29');
INSERT INTO stop (busstop, service) VALUES ('64323257', 'N3');
INSERT INTO busstop (sms, name, x, y) VALUES ('64323256', 'Powdermill Brae', '55.83763885498', '-3.0451788902283');
INSERT INTO stop (busstop, service) VALUES ('64323256', '3');
INSERT INTO stop (busstop, service) VALUES ('64323256', '3A');
INSERT INTO stop (busstop, service) VALUES ('64323256', '29');
INSERT INTO stop (busstop, service) VALUES ('64323256', 'X29');
INSERT INTO stop (busstop, service) VALUES ('64323256', 'N3');
INSERT INTO busstop (sms, name, x, y) VALUES ('64323259', 'Birkenside termi', '55.835571289062', '-3.0464808940887');
INSERT INTO stop (busstop, service) VALUES ('64323259', '3');
INSERT INTO stop (busstop, service) VALUES ('64323259', '3A');
INSERT INTO stop (busstop, service) VALUES ('64323259', '29');
INSERT INTO stop (busstop, service) VALUES ('64323259', 'X29');
INSERT INTO stop (busstop, service) VALUES ('64323259', 'N3');
INSERT INTO busstop (sms, name, x, y) VALUES ('36235387', 'Hunters Tryst', '55.902667999268', '-3.220822095871');
INSERT INTO stop (busstop, service) VALUES ('36235387', '4');
INSERT INTO stop (busstop, service) VALUES ('36235387', '16');
INSERT INTO stop (busstop, service) VALUES ('36235387', '18');
INSERT INTO stop (busstop, service) VALUES ('36235387', '27');
INSERT INTO busstop (sms, name, x, y) VALUES ('36235384', 'Dreghorn Park', '55.904777526855', '-3.2373640537262');
INSERT INTO stop (busstop, service) VALUES ('36235384', '16');
INSERT INTO stop (busstop, service) VALUES ('36235384', 'N16');
INSERT INTO busstop (sms, name, x, y) VALUES ('36235385', 'Dreghorn Drive', '55.904037475586', '-3.2313580513');
INSERT INTO stop (busstop, service) VALUES ('36235385', '16');
INSERT INTO stop (busstop, service) VALUES ('36235385', 'N16');
INSERT INTO busstop (sms, name, x, y) VALUES ('36235382', 'Redford Drive', '55.906627655029', '-3.2462689876556');
INSERT INTO stop (busstop, service) VALUES ('36235382', '16');
INSERT INTO stop (busstop, service) VALUES ('36235382', 'N16');
INSERT INTO busstop (sms, name, x, y) VALUES ('36235383', 'Redford House', '55.905590057373', '-3.2415809631348');
INSERT INTO stop (busstop, service) VALUES ('36235383', '16');
INSERT INTO stop (busstop, service) VALUES ('36235383', 'N16');
INSERT INTO busstop (sms, name, x, y) VALUES ('36237875', 'Burdiehouse Vill', '55.893783569336', '-3.1613600254059');
INSERT INTO stop (busstop, service) VALUES ('36237875', '37');
INSERT INTO stop (busstop, service) VALUES ('36237875', '47');
INSERT INTO stop (busstop, service) VALUES ('36237875', '67');
INSERT INTO stop (busstop, service) VALUES ('36237875', 'N37');
INSERT INTO busstop (sms, name, x, y) VALUES ('36248423', 'Pilton Drive Nor', '55.976821899414', '-3.2304968833923');
INSERT INTO stop (busstop, service) VALUES ('36248423', '8');
INSERT INTO stop (busstop, service) VALUES ('36248423', 'N8');
INSERT INTO busstop (sms, name, x, y) VALUES ('36246256', 'Castle Street (o', '55.950763702393', '-3.2033100128174');
INSERT INTO stop (busstop, service) VALUES ('36246256', '12');
INSERT INTO stop (busstop, service) VALUES ('36246256', '26');
INSERT INTO stop (busstop, service) VALUES ('36246256', 'X26');
INSERT INTO stop (busstop, service) VALUES ('36246256', '31');
INSERT INTO stop (busstop, service) VALUES ('36246256', 'X31');
INSERT INTO stop (busstop, service) VALUES ('36246256', 'N26');
INSERT INTO busstop (sms, name, x, y) VALUES ('64323294', 'Pendreich View', '55.8798828125', '-3.0953888893127');
INSERT INTO stop (busstop, service) VALUES ('64323294', '49');
INSERT INTO busstop (sms, name, x, y) VALUES ('36237676', 'Duncan Street', '55.934741973877', '-3.1789131164551');
INSERT INTO stop (busstop, service) VALUES ('36237676', '42');
INSERT INTO stop (busstop, service) VALUES ('36237676', '67');
INSERT INTO busstop (sms, name, x, y) VALUES ('36237876', 'Burdiehouse Vill', '55.89400100708', '-3.1618940830231');
INSERT INTO stop (busstop, service) VALUES ('36237876', '37');
INSERT INTO stop (busstop, service) VALUES ('36237876', '47');
INSERT INTO stop (busstop, service) VALUES ('36237876', '67');
INSERT INTO stop (busstop, service) VALUES ('36237876', 'N37');
INSERT INTO busstop (sms, name, x, y) VALUES ('36237874', 'Burdiehouse', '55.896640777588', '-3.1612689495087');
INSERT INTO stop (busstop, service) VALUES ('36237874', '37');
INSERT INTO stop (busstop, service) VALUES ('36237874', '47');
INSERT INTO stop (busstop, service) VALUES ('36237874', '67');
INSERT INTO stop (busstop, service) VALUES ('36237874', 'N37');
INSERT INTO busstop (sms, name, x, y) VALUES ('36242592', 'Holyrood Gait', '55.950927734375', '-3.1768260002136');
INSERT INTO stop (busstop, service) VALUES ('36242592', '36');
INSERT INTO busstop (sms, name, x, y) VALUES ('36237872', 'Kaimes', '55.899837493896', '-3.1624200344086');
INSERT INTO stop (busstop, service) VALUES ('36237872', '18');
INSERT INTO stop (busstop, service) VALUES ('36237872', '33');
INSERT INTO stop (busstop, service) VALUES ('36237872', '37');
INSERT INTO stop (busstop, service) VALUES ('36237872', '47');
INSERT INTO stop (busstop, service) VALUES ('36237872', '67');
INSERT INTO stop (busstop, service) VALUES ('36237872', 'N37');
INSERT INTO busstop (sms, name, x, y) VALUES ('36237873', 'Janefield', '55.898151397705', '-3.1611859798431');
INSERT INTO stop (busstop, service) VALUES ('36237873', '37');
INSERT INTO stop (busstop, service) VALUES ('36237873', '47');
INSERT INTO stop (busstop, service) VALUES ('36237873', '67');
INSERT INTO stop (busstop, service) VALUES ('36237873', 'N37');
INSERT INTO busstop (sms, name, x, y) VALUES ('36237878', 'Janefield', '55.897590637207', '-3.1614890098572');
INSERT INTO stop (busstop, service) VALUES ('36237878', '37');
INSERT INTO stop (busstop, service) VALUES ('36237878', '47');
INSERT INTO stop (busstop, service) VALUES ('36237878', '67');
INSERT INTO stop (busstop, service) VALUES ('36237878', 'N37');
INSERT INTO busstop (sms, name, x, y) VALUES ('36237879', 'Balmwell Terrace', '55.901126861572', '-3.1640739440918');
INSERT INTO stop (busstop, service) VALUES ('36237879', '7');
INSERT INTO stop (busstop, service) VALUES ('36237879', '37');
INSERT INTO stop (busstop, service) VALUES ('36237879', '47');
INSERT INTO stop (busstop, service) VALUES ('36237879', '67');
INSERT INTO stop (busstop, service) VALUES ('36237879', 'N37');
INSERT INTO busstop (sms, name, x, y) VALUES ('36235654', 'Lochend Park', '55.962871551514', '-3.1597440242767');
INSERT INTO stop (busstop, service) VALUES ('36235654', '34');
INSERT INTO stop (busstop, service) VALUES ('36235654', '49');
INSERT INTO busstop (sms, name, x, y) VALUES ('36235656', 'Burns Street', '55.96854019165', '-3.1665139198303');
INSERT INTO stop (busstop, service) VALUES ('36235656', '34');
INSERT INTO stop (busstop, service) VALUES ('36235656', '49');
INSERT INTO busstop (sms, name, x, y) VALUES ('36235657', 'Woodville Terrac', '55.966457366943', '-3.1642570495605');
INSERT INTO stop (busstop, service) VALUES ('36235657', '34');
INSERT INTO stop (busstop, service) VALUES ('36235657', '49');
INSERT INTO busstop (sms, name, x, y) VALUES ('36238293', 'Wester Hailes Pa', '55.914264678955', '-3.2765140533447');
INSERT INTO stop (busstop, service) VALUES ('36238293', '3');
INSERT INTO stop (busstop, service) VALUES ('36238293', '3A');
INSERT INTO stop (busstop, service) VALUES ('36238293', '18');
INSERT INTO stop (busstop, service) VALUES ('36238293', '20');
INSERT INTO stop (busstop, service) VALUES ('36238293', '21');
INSERT INTO stop (busstop, service) VALUES ('36238293', '32');
INSERT INTO busstop (sms, name, x, y) VALUES ('36238292', 'Rannoch Road', '55.954616546631', '-3.2783539295197');
INSERT INTO stop (busstop, service) VALUES ('36238292', '26');
INSERT INTO stop (busstop, service) VALUES ('36238292', 'N26');
INSERT INTO busstop (sms, name, x, y) VALUES ('36235652', 'Woodville Terrac', '55.966102600098', '-3.1638131141663');
INSERT INTO stop (busstop, service) VALUES ('36235652', '34');
INSERT INTO stop (busstop, service) VALUES ('36235652', '49');
INSERT INTO busstop (sms, name, x, y) VALUES ('36235653', 'Hermitage Park G', '55.964740753174', '-3.1624751091003');
INSERT INTO stop (busstop, service) VALUES ('36235653', '34');
INSERT INTO stop (busstop, service) VALUES ('36235653', '49');
INSERT INTO busstop (sms, name, x, y) VALUES ('36242945', 'Calder Grove', '55.918174743652', '-3.2899560928345');
INSERT INTO stop (busstop, service) VALUES ('36242945', '20');
INSERT INTO busstop (sms, name, x, y) VALUES ('36235658', 'Sleigh Drive', '55.962787628174', '-3.1578829288483');
INSERT INTO stop (busstop, service) VALUES ('36235658', '34');
INSERT INTO busstop (sms, name, x, y) VALUES ('36235659', 'Lochend Road Sou', '55.963062286377', '-3.1573939323425');
INSERT INTO stop (busstop, service) VALUES ('36235659', '34');
INSERT INTO busstop (sms, name, x, y) VALUES ('36245293', 'Hailesland Place', '55.917018890381', '-3.2793250083923');
INSERT INTO stop (busstop, service) VALUES ('36245293', '3');
INSERT INTO stop (busstop, service) VALUES ('36245293', '3A');
INSERT INTO stop (busstop, service) VALUES ('36245293', '18');
INSERT INTO stop (busstop, service) VALUES ('36245293', '20');
INSERT INTO stop (busstop, service) VALUES ('36245293', '21');
INSERT INTO stop (busstop, service) VALUES ('36245293', '32');
INSERT INTO stop (busstop, service) VALUES ('36245293', 'N30');
INSERT INTO busstop (sms, name, x, y) VALUES ('36247486', 'Ingliston P&R', '55.938987731934', '-3.3559210300446');
INSERT INTO stop (busstop, service) VALUES ('36247486', '48');
INSERT INTO stop (busstop, service) VALUES ('36247486', 'X48');
INSERT INTO busstop (sms, name, x, y) VALUES ('36235265', 'Ferniehill Place', '55.908199310303', '-3.1291251182556');
INSERT INTO stop (busstop, service) VALUES ('36235265', '33');
INSERT INTO busstop (sms, name, x, y) VALUES ('64323298', 'Skeltiemuir Aven', '55.86901473999', '-3.1150588989258');
INSERT INTO stop (busstop, service) VALUES ('64323298', '31');
INSERT INTO stop (busstop, service) VALUES ('64323298', '49');
INSERT INTO busstop (sms, name, x, y) VALUES ('36238749', 'Shore', '55.975078582764', '-3.1713740825653');
INSERT INTO stop (busstop, service) VALUES ('36238749', '22');
INSERT INTO stop (busstop, service) VALUES ('36238749', '36');
INSERT INTO stop (busstop, service) VALUES ('36238749', 'N22');
INSERT INTO busstop (sms, name, x, y) VALUES ('36238748', 'Shandwick Place', '55.949352264404', '-3.2097680568695');
INSERT INTO stop (busstop, service) VALUES ('36238748', '3');
INSERT INTO stop (busstop, service) VALUES ('36238748', '3A');
INSERT INTO stop (busstop, service) VALUES ('36238748', '4');
INSERT INTO stop (busstop, service) VALUES ('36238748', '25');
INSERT INTO stop (busstop, service) VALUES ('36238748', '33');
INSERT INTO stop (busstop, service) VALUES ('36238748', '44');
INSERT INTO stop (busstop, service) VALUES ('36238748', '44A');
INSERT INTO stop (busstop, service) VALUES ('36238748', 'N25');
INSERT INTO stop (busstop, service) VALUES ('36238748', 'N44');
INSERT INTO busstop (sms, name, x, y) VALUES ('36235739', 'Pier Place', '55.980564117432', '-3.1972150802612');
INSERT INTO stop (busstop, service) VALUES ('36235739', '11');
INSERT INTO stop (busstop, service) VALUES ('36235739', '16');
INSERT INTO busstop (sms, name, x, y) VALUES ('36235738', 'Pier Place', '55.980754852295', '-3.1970129013062');
INSERT INTO stop (busstop, service) VALUES ('36235738', '11');
INSERT INTO stop (busstop, service) VALUES ('36235738', '16');
INSERT INTO busstop (sms, name, x, y) VALUES ('36235737', 'Newhaven Place', '55.980899810791', '-3.1939721107483');
INSERT INTO stop (busstop, service) VALUES ('36235737', '11');
INSERT INTO stop (busstop, service) VALUES ('36235737', '16');
INSERT INTO busstop (sms, name, x, y) VALUES ('36235736', 'Fishmarket Squar', '55.980754852295', '-3.1944799423218');
INSERT INTO stop (busstop, service) VALUES ('36235736', '11');
INSERT INTO stop (busstop, service) VALUES ('36235736', '16');
INSERT INTO busstop (sms, name, x, y) VALUES ('36235735', 'Great Michael Ri', '55.980422973633', '-3.1905279159546');
INSERT INTO stop (busstop, service) VALUES ('36235735', '10');
INSERT INTO stop (busstop, service) VALUES ('36235735', '11');
INSERT INTO stop (busstop, service) VALUES ('36235735', '16');
INSERT INTO busstop (sms, name, x, y) VALUES ('36235734', 'Annfield', '55.979988098145', '-3.1898090839386');
INSERT INTO stop (busstop, service) VALUES ('36235734', '10');
INSERT INTO stop (busstop, service) VALUES ('36235734', '11');
INSERT INTO stop (busstop, service) VALUES ('36235734', '16');
INSERT INTO busstop (sms, name, x, y) VALUES ('36235732', 'Annfield', '55.979972839355', '-3.1886069774628');
INSERT INTO stop (busstop, service) VALUES ('36235732', '10');
INSERT INTO stop (busstop, service) VALUES ('36235732', '11');
INSERT INTO stop (busstop, service) VALUES ('36235732', '16');
INSERT INTO busstop (sms, name, x, y) VALUES ('36238743', 'Loganlea Drive', '55.95719909668', '-3.1435570716858');
INSERT INTO stop (busstop, service) VALUES ('36238743', '25');
INSERT INTO stop (busstop, service) VALUES ('36238743', 'N25');
INSERT INTO busstop (sms, name, x, y) VALUES ('36238742', 'Loganlea Drive', '55.957374572754', '-3.146812915802');
INSERT INTO stop (busstop, service) VALUES ('36238742', '25');
INSERT INTO stop (busstop, service) VALUES ('36238742', 'N25');
INSERT INTO busstop (sms, name, x, y) VALUES ('36234671', 'Bingham View to', '55.938865661621', '-3.1253581047058');
INSERT INTO stop (busstop, service) VALUES ('36234671', '4');
INSERT INTO busstop (sms, name, x, y) VALUES ('36234670', 'Bingham Medway t', '55.937591552734', '-3.1241679191589');
INSERT INTO stop (busstop, service) VALUES ('36234670', '4');
INSERT INTO busstop (sms, name, x, y) VALUES ('36234673', 'Bingham View', '55.938865661621', '-3.1253581047058');
INSERT INTO stop (busstop, service) VALUES ('36234673', '4');
INSERT INTO busstop (sms, name, x, y) VALUES ('36234672', 'Health Centre', '55.940784454346', '-3.1160950660706');
INSERT INTO stop (busstop, service) VALUES ('36234672', '4');
INSERT INTO busstop (sms, name, x, y) VALUES ('36234675', 'Bingham Way', '55.93856048584', '-3.125333070755');
INSERT INTO stop (busstop, service) VALUES ('36234675', '4');
INSERT INTO busstop (sms, name, x, y) VALUES ('36234674', 'Bingham Medway f', '55.937591552734', '-3.1241679191589');
INSERT INTO stop (busstop, service) VALUES ('36234674', '4');
INSERT INTO busstop (sms, name, x, y) VALUES ('36234676', 'Duddingston View', '55.941108703613', '-3.1274878978729');
INSERT INTO stop (busstop, service) VALUES ('36234676', '4');
INSERT INTO busstop (sms, name, x, y) VALUES ('36234679', 'Duddingston Gard', '55.942737579346', '-3.1273109912872');
INSERT INTO stop (busstop, service) VALUES ('36234679', '44');
INSERT INTO stop (busstop, service) VALUES ('36234679', '45');
INSERT INTO stop (busstop, service) VALUES ('36234679', 'N44');
INSERT INTO busstop (sms, name, x, y) VALUES ('36234678', 'Duddingston View', '55.941379547119', '-3.1275279521942');
INSERT INTO stop (busstop, service) VALUES ('36234678', '4');
INSERT INTO busstop (sms, name, x, y) VALUES ('36238584', 'Marchmont Cresce', '55.936866760254', '-3.1935141086578');
INSERT INTO stop (busstop, service) VALUES ('36238584', '41');
INSERT INTO busstop (sms, name, x, y) VALUES ('36247243', 'Murray Aston Mar', '55.927879333496', '-3.3011779785156');
INSERT INTO stop (busstop, service) VALUES ('36247243', '2');
INSERT INTO stop (busstop, service) VALUES ('36247243', '20');
INSERT INTO busstop (sms, name, x, y) VALUES ('64323984', 'Lingerwood Cotta', '55.86137008667', '-3.0649900436401');
INSERT INTO stop (busstop, service) VALUES ('64323984', '3');
INSERT INTO stop (busstop, service) VALUES ('64323984', '3A');
INSERT INTO stop (busstop, service) VALUES ('64323984', '29');
INSERT INTO stop (busstop, service) VALUES ('64323984', 'X29');
INSERT INTO stop (busstop, service) VALUES ('64323984', 'N3');
INSERT INTO busstop (sms, name, x, y) VALUES ('36242942', 'Kinnaird Park', '55.933319091797', '-3.1017138957977');
INSERT INTO stop (busstop, service) VALUES ('36242942', '69');
INSERT INTO busstop (sms, name, x, y) VALUES ('36235935', 'Kingsknowe Garde', '55.916938781738', '-3.264456987381');
INSERT INTO stop (busstop, service) VALUES ('36235935', '20');
INSERT INTO busstop (sms, name, x, y) VALUES ('36235934', 'Viewfield Road', '55.909034729004', '-3.2729671001434');
INSERT INTO stop (busstop, service) VALUES ('36235934', '18');
INSERT INTO stop (busstop, service) VALUES ('36235934', '20');
INSERT INTO busstop (sms, name, x, y) VALUES ('36235937', 'Union Canal path', '55.919364929199', '-3.26522397995');
INSERT INTO stop (busstop, service) VALUES ('36235937', '20');
INSERT INTO busstop (sms, name, x, y) VALUES ('36235936', 'Kingsknowe Drive', '55.917510986328', '-3.2647318840027');
INSERT INTO stop (busstop, service) VALUES ('36235936', '20');
INSERT INTO busstop (sms, name, x, y) VALUES ('36235427', 'Southhouse Loan', '55.901222229004', '-3.1595349311829');
INSERT INTO stop (busstop, service) VALUES ('36235427', '7');
INSERT INTO stop (busstop, service) VALUES ('36235427', '11');
INSERT INTO stop (busstop, service) VALUES ('36235427', '18');
INSERT INTO stop (busstop, service) VALUES ('36235427', '33');
INSERT INTO busstop (sms, name, x, y) VALUES ('36235426', 'Kaimes crossroad', '55.899997711182', '-3.1645040512085');
INSERT INTO stop (busstop, service) VALUES ('36235426', '11');
INSERT INTO stop (busstop, service) VALUES ('36235426', '18');
INSERT INTO stop (busstop, service) VALUES ('36235426', '33');
INSERT INTO busstop (sms, name, x, y) VALUES ('36238637', 'Nicolson Square', '55.945755004883', '-3.1857969760895');
INSERT INTO stop (busstop, service) VALUES ('36238637', '2');
INSERT INTO stop (busstop, service) VALUES ('36238637', '8');
INSERT INTO stop (busstop, service) VALUES ('36238637', '29');
INSERT INTO busstop (sms, name, x, y) VALUES ('36235424', 'Mortonhall Park', '55.899810791016', '-3.172080039978');
INSERT INTO stop (busstop, service) VALUES ('36235424', '11');
INSERT INTO stop (busstop, service) VALUES ('36235424', '18');
INSERT INTO busstop (sms, name, x, y) VALUES ('36235429', 'Southhouse Terra', '55.902996063232', '-3.1524379253387');
INSERT INTO stop (busstop, service) VALUES ('36235429', '7');
INSERT INTO stop (busstop, service) VALUES ('36235429', '11');
INSERT INTO stop (busstop, service) VALUES ('36235429', '18');
INSERT INTO stop (busstop, service) VALUES ('36235429', '33');
INSERT INTO busstop (sms, name, x, y) VALUES ('36235428', 'Gracemount Leisu', '55.902248382568', '-3.1553590297699');
INSERT INTO stop (busstop, service) VALUES ('36235428', '7');
INSERT INTO stop (busstop, service) VALUES ('36235428', '11');
INSERT INTO stop (busstop, service) VALUES ('36235428', '18');
INSERT INTO stop (busstop, service) VALUES ('36235428', '33');
INSERT INTO busstop (sms, name, x, y) VALUES ('36235939', 'Longstone Place', '55.921684265137', '-3.2635869979858');
INSERT INTO stop (busstop, service) VALUES ('36235939', '20');
INSERT INTO busstop (sms, name, x, y) VALUES ('36235938', 'Kingsknowe Stati', '55.919288635254', '-3.2650780677795');
INSERT INTO stop (busstop, service) VALUES ('36235938', '20');
INSERT INTO busstop (sms, name, x, y) VALUES ('58234756', 'Heritage Museum', '55.952911376953', '-3.0068669319153');
INSERT INTO stop (busstop, service) VALUES ('58234756', '26');
INSERT INTO stop (busstop, service) VALUES ('58234756', 'X26');
INSERT INTO stop (busstop, service) VALUES ('58234756', 'N26');
INSERT INTO busstop (sms, name, x, y) VALUES ('58234754', 'Meadowbank Ormis', '55.9104347229', '-2.9434869289398');
INSERT INTO stop (busstop, service) VALUES ('58234754', '44');
INSERT INTO busstop (sms, name, x, y) VALUES ('58234753', 'Stoneybank Garde', '55.935771942139', '-3.0649969577789');
INSERT INTO stop (busstop, service) VALUES ('58234753', '30');
INSERT INTO stop (busstop, service) VALUES ('58234753', 'N30');
INSERT INTO busstop (sms, name, x, y) VALUES ('36234948', 'Highlea Circle', '55.875556945801', '-3.3467719554901');
INSERT INTO stop (busstop, service) VALUES ('36234948', '44');
INSERT INTO stop (busstop, service) VALUES ('36234948', '44A');
INSERT INTO stop (busstop, service) VALUES ('36234948', 'N44');
INSERT INTO busstop (sms, name, x, y) VALUES ('36242389', 'Easter Steil', '55.919315338135', '-3.2229940891266');
INSERT INTO stop (busstop, service) VALUES ('36242389', '23');
INSERT INTO busstop (sms, name, x, y) VALUES ('36234262', 'Meadowbank Stadi', '55.955852508545', '-3.156858921051');
INSERT INTO stop (busstop, service) VALUES ('36234262', '4');
INSERT INTO stop (busstop, service) VALUES ('36234262', '5');
INSERT INTO stop (busstop, service) VALUES ('36234262', '15');
INSERT INTO stop (busstop, service) VALUES ('36234262', '15A');
INSERT INTO stop (busstop, service) VALUES ('36234262', '26');
INSERT INTO stop (busstop, service) VALUES ('36234262', '44');
INSERT INTO stop (busstop, service) VALUES ('36234262', '45');
INSERT INTO stop (busstop, service) VALUES ('36234262', 'N26');
INSERT INTO stop (busstop, service) VALUES ('36234262', 'N44');
INSERT INTO busstop (sms, name, x, y) VALUES ('36234263', 'Meadowbank House', '55.955188751221', '-3.15123295784');
INSERT INTO stop (busstop, service) VALUES ('36234263', '4');
INSERT INTO stop (busstop, service) VALUES ('36234263', '5');
INSERT INTO stop (busstop, service) VALUES ('36234263', '15');
INSERT INTO stop (busstop, service) VALUES ('36234263', '15A');
INSERT INTO stop (busstop, service) VALUES ('36234263', '26');
INSERT INTO stop (busstop, service) VALUES ('36234263', 'X26');
INSERT INTO stop (busstop, service) VALUES ('36234263', '44');
INSERT INTO stop (busstop, service) VALUES ('36234263', '45');
INSERT INTO stop (busstop, service) VALUES ('36234263', 'N26');
INSERT INTO stop (busstop, service) VALUES ('36234263', 'N44');
INSERT INTO busstop (sms, name, x, y) VALUES ('36236839', 'Redheughs Avenue', '55.934070587158', '-3.3077409267426');
INSERT INTO stop (busstop, service) VALUES ('36236839', '12');
INSERT INTO stop (busstop, service) VALUES ('36236839', '21');
INSERT INTO stop (busstop, service) VALUES ('36236839', 'N22');
INSERT INTO busstop (sms, name, x, y) VALUES ('36236838', 'Redheughs Ave', '55.932922363281', '-3.3068380355835');
INSERT INTO stop (busstop, service) VALUES ('36236838', '2');
INSERT INTO stop (busstop, service) VALUES ('36236838', '18');
INSERT INTO stop (busstop, service) VALUES ('36236838', '22');
INSERT INTO stop (busstop, service) VALUES ('36236838', '35');
INSERT INTO busstop (sms, name, x, y) VALUES ('36234264', 'Piershill Square', '55.95524597168', '-3.1478080749512');
INSERT INTO stop (busstop, service) VALUES ('36234264', '4');
INSERT INTO stop (busstop, service) VALUES ('36234264', '5');
INSERT INTO stop (busstop, service) VALUES ('36234264', '15');
INSERT INTO stop (busstop, service) VALUES ('36234264', '15A');
INSERT INTO stop (busstop, service) VALUES ('36234264', '26');
INSERT INTO stop (busstop, service) VALUES ('36234264', 'N26');
INSERT INTO busstop (sms, name, x, y) VALUES ('36234265', 'Piershill Square', '55.955265045166', '-3.1457419395447');
INSERT INTO stop (busstop, service) VALUES ('36234265', '4');
INSERT INTO stop (busstop, service) VALUES ('36234265', '5');
INSERT INTO stop (busstop, service) VALUES ('36234265', '15');
INSERT INTO stop (busstop, service) VALUES ('36234265', '15A');
INSERT INTO stop (busstop, service) VALUES ('36234265', '26');
INSERT INTO stop (busstop, service) VALUES ('36234265', 'X26');
INSERT INTO stop (busstop, service) VALUES ('36234265', 'N26');
INSERT INTO busstop (sms, name, x, y) VALUES ('36236835', 'South Gyle Cresc', '55.929790496826', '-3.3020899295807');
INSERT INTO stop (busstop, service) VALUES ('36236835', '2');
INSERT INTO stop (busstop, service) VALUES ('36236835', '18');
INSERT INTO stop (busstop, service) VALUES ('36236835', '22');
INSERT INTO stop (busstop, service) VALUES ('36236835', 'X26');
INSERT INTO stop (busstop, service) VALUES ('36236835', '35');
INSERT INTO busstop (sms, name, x, y) VALUES ('36236834', 'South Gyle Cresc', '55.930107116699', '-3.299348115921');
INSERT INTO stop (busstop, service) VALUES ('36236834', '2');
INSERT INTO stop (busstop, service) VALUES ('36236834', '18');
INSERT INTO stop (busstop, service) VALUES ('36236834', '22');
INSERT INTO stop (busstop, service) VALUES ('36236834', 'X26');
INSERT INTO stop (busstop, service) VALUES ('36236834', '35');
INSERT INTO busstop (sms, name, x, y) VALUES ('36236837', 'South Gyle Cresc', '55.932235717773', '-3.3063180446625');
INSERT INTO stop (busstop, service) VALUES ('36236837', '2');
INSERT INTO stop (busstop, service) VALUES ('36236837', '18');
INSERT INTO stop (busstop, service) VALUES ('36236837', '22');
INSERT INTO stop (busstop, service) VALUES ('36236837', 'X26');
INSERT INTO stop (busstop, service) VALUES ('36236837', '35');
INSERT INTO busstop (sms, name, x, y) VALUES ('36236836', 'South Gyle Cresc', '55.931121826172', '-3.3054959774017');
INSERT INTO stop (busstop, service) VALUES ('36236836', '2');
INSERT INTO stop (busstop, service) VALUES ('36236836', '18');
INSERT INTO stop (busstop, service) VALUES ('36236836', '22');
INSERT INTO stop (busstop, service) VALUES ('36236836', 'X26');
INSERT INTO stop (busstop, service) VALUES ('36236836', '35');
INSERT INTO busstop (sms, name, x, y) VALUES ('36236832', 'South Gyle Cresc', '55.931400299072', '-3.2952449321747');
INSERT INTO stop (busstop, service) VALUES ('36236832', '2');
INSERT INTO stop (busstop, service) VALUES ('36236832', '18');
INSERT INTO stop (busstop, service) VALUES ('36236832', '22');
INSERT INTO stop (busstop, service) VALUES ('36236832', 'X26');
INSERT INTO stop (busstop, service) VALUES ('36236832', '35');
INSERT INTO busstop (sms, name, x, y) VALUES ('64324672', 'Melville Castle', '55.895168304443', '-3.0932769775391');
INSERT INTO stop (busstop, service) VALUES ('64324672', '3');
INSERT INTO stop (busstop, service) VALUES ('64324672', '3A');
INSERT INTO stop (busstop, service) VALUES ('64324672', 'N3');
INSERT INTO busstop (sms, name, x, y) VALUES ('36232398', 'Middle Norton', '55.937847137451', '-3.3665111064911');
INSERT INTO stop (busstop, service) VALUES ('36232398', '48');
INSERT INTO stop (busstop, service) VALUES ('36232398', 'X48');
INSERT INTO busstop (sms, name, x, y) VALUES ('64324678', 'Gowkley Moss', '55.857734680176', '-3.1828110218048');
INSERT INTO stop (busstop, service) VALUES ('64324678', '15');
INSERT INTO busstop (sms, name, x, y) VALUES ('64324679', 'Gowkley Moss', '55.857818603516', '-3.1822860240936');
INSERT INTO stop (busstop, service) VALUES ('64324679', '15');
INSERT INTO busstop (sms, name, x, y) VALUES ('64324328', 'John Street Lane', '55.830238342285', '-3.2241079807281');
INSERT INTO stop (busstop, service) VALUES ('64324328', '15');
INSERT INTO stop (busstop, service) VALUES ('64324328', '15A');
INSERT INTO stop (busstop, service) VALUES ('64324328', '37');
INSERT INTO stop (busstop, service) VALUES ('64324328', '47');
INSERT INTO stop (busstop, service) VALUES ('64324328', 'X47');
INSERT INTO stop (busstop, service) VALUES ('64324328', 'N37');
INSERT INTO busstop (sms, name, x, y) VALUES ('64324329', 'Kirkhill Gardens', '55.829162597656', '-3.2149739265442');
INSERT INTO stop (busstop, service) VALUES ('64324329', '37');
INSERT INTO stop (busstop, service) VALUES ('64324329', '47');
INSERT INTO busstop (sms, name, x, y) VALUES ('64324323', 'Glencorse Barrac', '55.846343994141', '-3.2038509845734');
INSERT INTO stop (busstop, service) VALUES ('64324323', '15');
INSERT INTO stop (busstop, service) VALUES ('64324323', '15A');
INSERT INTO stop (busstop, service) VALUES ('64324323', '37');
INSERT INTO stop (busstop, service) VALUES ('64324323', '47');
INSERT INTO stop (busstop, service) VALUES ('64324323', 'X47');
INSERT INTO stop (busstop, service) VALUES ('64324323', 'N37');
INSERT INTO busstop (sms, name, x, y) VALUES ('64324324', 'High Street', '55.826404571533', '-3.2211139202118');
INSERT INTO stop (busstop, service) VALUES ('64324324', '37');
INSERT INTO stop (busstop, service) VALUES ('64324324', 'X47');
INSERT INTO stop (busstop, service) VALUES ('64324324', 'N37');
INSERT INTO busstop (sms, name, x, y) VALUES ('58234249', 'Haddington Rd', '55.942485809326', '-2.9434978961945');
INSERT INTO stop (busstop, service) VALUES ('58234249', '26');
INSERT INTO busstop (sms, name, x, y) VALUES ('64324326', 'Imrie Place', '55.82759475708', '-3.2189168930054');
INSERT INTO stop (busstop, service) VALUES ('64324326', '37');
INSERT INTO stop (busstop, service) VALUES ('64324326', '47');
INSERT INTO stop (busstop, service) VALUES ('64324326', 'N37');
INSERT INTO busstop (sms, name, x, y) VALUES ('64324327', 'Imrie Place', '55.827865600586', '-3.2187650203705');
INSERT INTO stop (busstop, service) VALUES ('64324327', '37');
INSERT INTO stop (busstop, service) VALUES ('64324327', '47');
INSERT INTO busstop (sms, name, x, y) VALUES ('64324692', 'Glencross Garden', '55.828227996826', '-3.2434260845184');
INSERT INTO stop (busstop, service) VALUES ('64324692', '37');
INSERT INTO stop (busstop, service) VALUES ('64324692', 'X47');
INSERT INTO stop (busstop, service) VALUES ('64324692', 'N37');
INSERT INTO busstop (sms, name, x, y) VALUES ('58232763', 'The Ship Inn', '55.943935394287', '-3.0656371116638');
INSERT INTO stop (busstop, service) VALUES ('58232763', '26');
INSERT INTO stop (busstop, service) VALUES ('58232763', 'X26');
INSERT INTO stop (busstop, service) VALUES ('58232763', '30');
INSERT INTO stop (busstop, service) VALUES ('58232763', '44');
INSERT INTO stop (busstop, service) VALUES ('58232763', '44A');
INSERT INTO stop (busstop, service) VALUES ('58232763', 'N26');
INSERT INTO stop (busstop, service) VALUES ('58232763', 'N30');
INSERT INTO stop (busstop, service) VALUES ('58232763', 'N44');
INSERT INTO busstop (sms, name, x, y) VALUES ('36237394', 'Tanfield', '55.963542938232', '-3.2012391090393');
INSERT INTO stop (busstop, service) VALUES ('36237394', '8');
INSERT INTO stop (busstop, service) VALUES ('36237394', '23');
INSERT INTO stop (busstop, service) VALUES ('36237394', '27');
INSERT INTO stop (busstop, service) VALUES ('36237394', 'N8');
INSERT INTO busstop (sms, name, x, y) VALUES ('36237393', 'Royal Botanic Ga', '55.964878082275', '-3.2026419639587');
INSERT INTO stop (busstop, service) VALUES ('36237393', '8');
INSERT INTO stop (busstop, service) VALUES ('36237393', '23');
INSERT INTO stop (busstop, service) VALUES ('36237393', '27');
INSERT INTO stop (busstop, service) VALUES ('36237393', 'N8');
INSERT INTO busstop (sms, name, x, y) VALUES ('36237392', 'Royal Botanic Gd', '55.965496063232', '-3.2035429477692');
INSERT INTO stop (busstop, service) VALUES ('36237392', '8');
INSERT INTO stop (busstop, service) VALUES ('36237392', '23');
INSERT INTO stop (busstop, service) VALUES ('36237392', '27');
INSERT INTO stop (busstop, service) VALUES ('36237392', 'N8');
INSERT INTO busstop (sms, name, x, y) VALUES ('36234848', 'Suffolk Road', '55.928760528564', '-3.1692719459534');
INSERT INTO stop (busstop, service) VALUES ('36234848', '3');
INSERT INTO stop (busstop, service) VALUES ('36234848', '3A');
INSERT INTO stop (busstop, service) VALUES ('36234848', '7');
INSERT INTO stop (busstop, service) VALUES ('36234848', '8');
INSERT INTO stop (busstop, service) VALUES ('36234848', '29');
INSERT INTO stop (busstop, service) VALUES ('36234848', '31');
INSERT INTO stop (busstop, service) VALUES ('36234848', '37');
INSERT INTO stop (busstop, service) VALUES ('36234848', '47');
INSERT INTO stop (busstop, service) VALUES ('36234848', '49');
INSERT INTO stop (busstop, service) VALUES ('36234848', 'N3');
INSERT INTO stop (busstop, service) VALUES ('36234848', 'N31');
INSERT INTO stop (busstop, service) VALUES ('36234848', 'N37');
INSERT INTO busstop (sms, name, x, y) VALUES ('36234849', 'East Savile Road', '55.930675506592', '-3.1712510585785');
INSERT INTO stop (busstop, service) VALUES ('36234849', '3');
INSERT INTO stop (busstop, service) VALUES ('36234849', '3A');
INSERT INTO stop (busstop, service) VALUES ('36234849', '7');
INSERT INTO stop (busstop, service) VALUES ('36234849', '8');
INSERT INTO stop (busstop, service) VALUES ('36234849', '29');
INSERT INTO stop (busstop, service) VALUES ('36234849', '31');
INSERT INTO stop (busstop, service) VALUES ('36234849', '37');
INSERT INTO stop (busstop, service) VALUES ('36234849', '47');
INSERT INTO stop (busstop, service) VALUES ('36234849', '49');
INSERT INTO stop (busstop, service) VALUES ('36234849', 'N3');
INSERT INTO stop (busstop, service) VALUES ('36234849', 'N31');
INSERT INTO stop (busstop, service) VALUES ('36234849', 'N37');
INSERT INTO busstop (sms, name, x, y) VALUES ('36234846', 'Lady Road Rounda', '55.927257537842', '-3.1659779548645');
INSERT INTO stop (busstop, service) VALUES ('36234846', '24');
INSERT INTO stop (busstop, service) VALUES ('36234846', '38');
INSERT INTO stop (busstop, service) VALUES ('36234846', '42');
INSERT INTO stop (busstop, service) VALUES ('36234846', '49');
INSERT INTO busstop (sms, name, x, y) VALUES ('36234847', 'Lygon Road', '55.927024841309', '-3.1674590110779');
INSERT INTO stop (busstop, service) VALUES ('36234847', '3');
INSERT INTO stop (busstop, service) VALUES ('36234847', '3A');
INSERT INTO stop (busstop, service) VALUES ('36234847', '7');
INSERT INTO stop (busstop, service) VALUES ('36234847', '8');
INSERT INTO stop (busstop, service) VALUES ('36234847', '29');
INSERT INTO stop (busstop, service) VALUES ('36234847', '31');
INSERT INTO stop (busstop, service) VALUES ('36234847', '37');
INSERT INTO stop (busstop, service) VALUES ('36234847', '47');
INSERT INTO stop (busstop, service) VALUES ('36234847', '49');
INSERT INTO stop (busstop, service) VALUES ('36234847', 'N3');
INSERT INTO stop (busstop, service) VALUES ('36234847', 'N31');
INSERT INTO stop (busstop, service) VALUES ('36234847', 'N37');
INSERT INTO busstop (sms, name, x, y) VALUES ('36234845', 'Lady Road', '55.926921844482', '-3.167151927948');
INSERT INTO stop (busstop, service) VALUES ('36234845', '3');
INSERT INTO stop (busstop, service) VALUES ('36234845', '3A');
INSERT INTO stop (busstop, service) VALUES ('36234845', '7');
INSERT INTO stop (busstop, service) VALUES ('36234845', '8');
INSERT INTO stop (busstop, service) VALUES ('36234845', '29');
INSERT INTO stop (busstop, service) VALUES ('36234845', '31');
INSERT INTO stop (busstop, service) VALUES ('36234845', '37');
INSERT INTO stop (busstop, service) VALUES ('36234845', '47');
INSERT INTO stop (busstop, service) VALUES ('36234845', '49');
INSERT INTO stop (busstop, service) VALUES ('36234845', 'N3');
INSERT INTO stop (busstop, service) VALUES ('36234845', 'N31');
INSERT INTO stop (busstop, service) VALUES ('36234845', 'N37');
INSERT INTO busstop (sms, name, x, y) VALUES ('36234842', 'Crawfurd Road', '55.930854797363', '-3.1710960865021');
INSERT INTO stop (busstop, service) VALUES ('36234842', '3');
INSERT INTO stop (busstop, service) VALUES ('36234842', '3A');
INSERT INTO stop (busstop, service) VALUES ('36234842', '7');
INSERT INTO stop (busstop, service) VALUES ('36234842', '8');
INSERT INTO stop (busstop, service) VALUES ('36234842', '29');
INSERT INTO stop (busstop, service) VALUES ('36234842', '31');
INSERT INTO stop (busstop, service) VALUES ('36234842', '37');
INSERT INTO stop (busstop, service) VALUES ('36234842', '47');
INSERT INTO stop (busstop, service) VALUES ('36234842', '49');
INSERT INTO stop (busstop, service) VALUES ('36234842', 'N3');
INSERT INTO stop (busstop, service) VALUES ('36234842', 'N31');
INSERT INTO stop (busstop, service) VALUES ('36234842', 'N37');
INSERT INTO busstop (sms, name, x, y) VALUES ('36234843', 'East Suffolk Roa', '55.928985595703', '-3.1691989898682');
INSERT INTO stop (busstop, service) VALUES ('36234843', '3');
INSERT INTO stop (busstop, service) VALUES ('36234843', '3A');
INSERT INTO stop (busstop, service) VALUES ('36234843', '7');
INSERT INTO stop (busstop, service) VALUES ('36234843', '8');
INSERT INTO stop (busstop, service) VALUES ('36234843', '29');
INSERT INTO stop (busstop, service) VALUES ('36234843', '31');
INSERT INTO stop (busstop, service) VALUES ('36234843', '37');
INSERT INTO stop (busstop, service) VALUES ('36234843', '47');
INSERT INTO stop (busstop, service) VALUES ('36234843', '49');
INSERT INTO stop (busstop, service) VALUES ('36234843', 'N3');
INSERT INTO stop (busstop, service) VALUES ('36234843', 'N31');
INSERT INTO stop (busstop, service) VALUES ('36234843', 'N37');
INSERT INTO busstop (sms, name, x, y) VALUES ('64324528', 'Rosewell terminu', '55.847766876221', '-3.1392068862915');
INSERT INTO stop (busstop, service) VALUES ('64324528', '31');
INSERT INTO stop (busstop, service) VALUES ('64324528', '49');
INSERT INTO busstop (sms, name, x, y) VALUES ('64324526', 'St. Josephs', '55.855464935303', '-3.1327230930328');
INSERT INTO stop (busstop, service) VALUES ('64324526', '31');
INSERT INTO stop (busstop, service) VALUES ('64324526', '49');
INSERT INTO busstop (sms, name, x, y) VALUES ('64324527', 'St. Josephs', '55.855625152588', '-3.1329669952393');
INSERT INTO stop (busstop, service) VALUES ('64324527', '31');
INSERT INTO stop (busstop, service) VALUES ('64324527', '49');
INSERT INTO busstop (sms, name, x, y) VALUES ('64324524', 'Prestonhall Road', '55.853378295898', '-3.1348989009857');
INSERT INTO stop (busstop, service) VALUES ('64324524', '31');
INSERT INTO stop (busstop, service) VALUES ('64324524', '49');
INSERT INTO busstop (sms, name, x, y) VALUES ('64324525', 'Prestonhall Road', '55.85319519043', '-3.1352128982544');
INSERT INTO stop (busstop, service) VALUES ('64324525', '31');
INSERT INTO stop (busstop, service) VALUES ('64324525', '49');
INSERT INTO busstop (sms, name, x, y) VALUES ('64324523', 'Gorton Road', '55.851207733154', '-3.1365919113159');
INSERT INTO stop (busstop, service) VALUES ('64324523', '31');
INSERT INTO stop (busstop, service) VALUES ('64324523', '49');
INSERT INTO busstop (sms, name, x, y) VALUES ('36237465', 'Dumbryden Garden', '55.920066833496', '-3.2724320888519');
INSERT INTO stop (busstop, service) VALUES ('36237465', '30');
INSERT INTO stop (busstop, service) VALUES ('36237465', 'N30');
INSERT INTO busstop (sms, name, x, y) VALUES ('36232632', 'Springwell Place', '55.941555023193', '-3.2231819629669');
INSERT INTO stop (busstop, service) VALUES ('36232632', '2');
INSERT INTO stop (busstop, service) VALUES ('36232632', '3');
INSERT INTO stop (busstop, service) VALUES ('36232632', '3A');
INSERT INTO stop (busstop, service) VALUES ('36232632', '4');
INSERT INTO stop (busstop, service) VALUES ('36232632', '25');
INSERT INTO stop (busstop, service) VALUES ('36232632', '33');
INSERT INTO stop (busstop, service) VALUES ('36232632', '44');
INSERT INTO stop (busstop, service) VALUES ('36232632', 'N25');
INSERT INTO stop (busstop, service) VALUES ('36232632', 'N44');
INSERT INTO busstop (sms, name, x, y) VALUES ('36237467', 'Dumbryden Grove', '55.918380737305', '-3.2735769748688');
INSERT INTO stop (busstop, service) VALUES ('36237467', '30');
INSERT INTO stop (busstop, service) VALUES ('36237467', 'N30');
INSERT INTO busstop (sms, name, x, y) VALUES ('36245346', 'Sighthill Indust', '55.926387786865', '-3.2984709739685');
INSERT INTO stop (busstop, service) VALUES ('36245346', '20');
INSERT INTO stop (busstop, service) VALUES ('36245346', '34');
INSERT INTO busstop (sms, name, x, y) VALUES ('36232637', 'West Maitland St', '55.946956634521', '-3.2157781124115');
INSERT INTO stop (busstop, service) VALUES ('36232637', '4');
INSERT INTO stop (busstop, service) VALUES ('36232637', '12');
INSERT INTO stop (busstop, service) VALUES ('36232637', '25');
INSERT INTO stop (busstop, service) VALUES ('36232637', '26');
INSERT INTO stop (busstop, service) VALUES ('36232637', 'X26');
INSERT INTO stop (busstop, service) VALUES ('36232637', '44');
INSERT INTO stop (busstop, service) VALUES ('36232637', '45');
INSERT INTO stop (busstop, service) VALUES ('36232637', 'N25');
INSERT INTO stop (busstop, service) VALUES ('36232637', 'N26');
INSERT INTO stop (busstop, service) VALUES ('36232637', 'N44');
INSERT INTO busstop (sms, name, x, y) VALUES ('36232636', 'West Maitland St', '55.946754455566', '-3.2160921096802');
INSERT INTO stop (busstop, service) VALUES ('36232636', '3');
INSERT INTO stop (busstop, service) VALUES ('36232636', '3A');
INSERT INTO stop (busstop, service) VALUES ('36232636', '26');
INSERT INTO stop (busstop, service) VALUES ('36232636', '31');
INSERT INTO stop (busstop, service) VALUES ('36232636', 'X31');
INSERT INTO stop (busstop, service) VALUES ('36232636', '33');
INSERT INTO stop (busstop, service) VALUES ('36232636', '45');
INSERT INTO stop (busstop, service) VALUES ('36232636', '48');
INSERT INTO stop (busstop, service) VALUES ('36232636', 'N3');
INSERT INTO stop (busstop, service) VALUES ('36232636', 'N25');
INSERT INTO busstop (sms, name, x, y) VALUES ('36232635', 'Dalry Place', '55.94556427002', '-3.2173519134521');
INSERT INTO stop (busstop, service) VALUES ('36232635', '2');
INSERT INTO stop (busstop, service) VALUES ('36232635', '3');
INSERT INTO stop (busstop, service) VALUES ('36232635', '3A');
INSERT INTO stop (busstop, service) VALUES ('36232635', '4');
INSERT INTO stop (busstop, service) VALUES ('36232635', '25');
INSERT INTO stop (busstop, service) VALUES ('36232635', '33');
INSERT INTO stop (busstop, service) VALUES ('36232635', '44');
INSERT INTO stop (busstop, service) VALUES ('36232635', 'N25');
INSERT INTO stop (busstop, service) VALUES ('36232635', 'N44');
INSERT INTO busstop (sms, name, x, y) VALUES ('36232634', 'Orwell Place', '55.943546295166', '-3.2199139595032');
INSERT INTO stop (busstop, service) VALUES ('36232634', '2');
INSERT INTO stop (busstop, service) VALUES ('36232634', '3');
INSERT INTO stop (busstop, service) VALUES ('36232634', '3A');
INSERT INTO stop (busstop, service) VALUES ('36232634', '4');
INSERT INTO stop (busstop, service) VALUES ('36232634', '25');
INSERT INTO stop (busstop, service) VALUES ('36232634', '33');
INSERT INTO stop (busstop, service) VALUES ('36232634', '44');
INSERT INTO stop (busstop, service) VALUES ('36232634', 'N25');
INSERT INTO stop (busstop, service) VALUES ('36232634', 'N44');
INSERT INTO busstop (sms, name, x, y) VALUES ('36245439', 'Elvanbank', '55.939109802246', '-3.2410678863525');
INSERT INTO stop (busstop, service) VALUES ('36245439', '22');
INSERT INTO stop (busstop, service) VALUES ('36245439', '30');
INSERT INTO stop (busstop, service) VALUES ('36245439', 'N22');
INSERT INTO stop (busstop, service) VALUES ('36245439', 'N30');
INSERT INTO busstop (sms, name, x, y) VALUES ('36232638', 'Haymarket Statio', '55.945854187012', '-3.2180500030518');
INSERT INTO stop (busstop, service) VALUES ('36232638', '12');
INSERT INTO stop (busstop, service) VALUES ('36232638', '26');
INSERT INTO stop (busstop, service) VALUES ('36232638', 'X26');
INSERT INTO stop (busstop, service) VALUES ('36232638', '31');
INSERT INTO stop (busstop, service) VALUES ('36232638', 'N26');
INSERT INTO busstop (sms, name, x, y) VALUES ('36237469', 'Harvesters Way', '55.911991119385', '-3.2772870063782');
INSERT INTO stop (busstop, service) VALUES ('36237469', '3');
INSERT INTO stop (busstop, service) VALUES ('36237469', '3A');
INSERT INTO stop (busstop, service) VALUES ('36237469', '18');
INSERT INTO stop (busstop, service) VALUES ('36237469', '20');
INSERT INTO stop (busstop, service) VALUES ('36237469', '21');
INSERT INTO stop (busstop, service) VALUES ('36237469', '30');
INSERT INTO stop (busstop, service) VALUES ('36237469', '32');
INSERT INTO busstop (sms, name, x, y) VALUES ('36237468', 'Hailesland Park', '55.918144226074', '-3.2739369869232');
INSERT INTO stop (busstop, service) VALUES ('36237468', '30');
INSERT INTO stop (busstop, service) VALUES ('36237468', 'N30');
INSERT INTO busstop (sms, name, x, y) VALUES ('36234289', 'Ormelie Terrace', '55.949371337891', '-3.1001360416412');
INSERT INTO stop (busstop, service) VALUES ('36234289', '15');
INSERT INTO stop (busstop, service) VALUES ('36234289', '15A');
INSERT INTO stop (busstop, service) VALUES ('36234289', '26');
INSERT INTO stop (busstop, service) VALUES ('36234289', 'X26');
INSERT INTO stop (busstop, service) VALUES ('36234289', 'N26');
INSERT INTO busstop (sms, name, x, y) VALUES ('36237267', 'Wardie Crescent', '55.976921081543', '-3.2159008979797');
INSERT INTO stop (busstop, service) VALUES ('36237267', '8');
INSERT INTO stop (busstop, service) VALUES ('36237267', '14');
INSERT INTO stop (busstop, service) VALUES ('36237267', 'N8');
INSERT INTO busstop (sms, name, x, y) VALUES ('36237265', 'Wardie Crescent', '55.977500915527', '-3.2162709236145');
INSERT INTO stop (busstop, service) VALUES ('36237265', '8');
INSERT INTO stop (busstop, service) VALUES ('36237265', '14');
INSERT INTO stop (busstop, service) VALUES ('36237265', 'N8');
INSERT INTO busstop (sms, name, x, y) VALUES ('58232347', 'bowling club', '55.955024719238', '-2.9975690841675');
INSERT INTO stop (busstop, service) VALUES ('58232347', '26');
INSERT INTO stop (busstop, service) VALUES ('58232347', 'X26');
INSERT INTO stop (busstop, service) VALUES ('58232347', 'N26');
INSERT INTO busstop (sms, name, x, y) VALUES ('58232346', 'Bowling Club', '55.954940795898', '-2.9979829788208');
INSERT INTO stop (busstop, service) VALUES ('58232346', '26');
INSERT INTO stop (busstop, service) VALUES ('58232346', 'X26');
INSERT INTO stop (busstop, service) VALUES ('58232346', 'N26');
INSERT INTO busstop (sms, name, x, y) VALUES ('36237269', 'Boswall Green', '55.974708557129', '-3.2152540683746');
INSERT INTO stop (busstop, service) VALUES ('36237269', '8');
INSERT INTO stop (busstop, service) VALUES ('36237269', '14');
INSERT INTO stop (busstop, service) VALUES ('36237269', 'N8');
INSERT INTO busstop (sms, name, x, y) VALUES ('36237268', 'Boswell Green', '55.97571182251', '-3.2157189846039');
INSERT INTO stop (busstop, service) VALUES ('36237268', '8');
INSERT INTO stop (busstop, service) VALUES ('36237268', '14');
INSERT INTO stop (busstop, service) VALUES ('36237268', 'N8');
INSERT INTO busstop (sms, name, x, y) VALUES ('36234284', 'Marlbourough Str', '55.952251434326', '-3.1118450164795');
INSERT INTO stop (busstop, service) VALUES ('36234284', '15');
INSERT INTO stop (busstop, service) VALUES ('36234284', '15A');
INSERT INTO stop (busstop, service) VALUES ('36234284', '26');
INSERT INTO stop (busstop, service) VALUES ('36234284', 'X26');
INSERT INTO stop (busstop, service) VALUES ('36234284', 'N26');
INSERT INTO busstop (sms, name, x, y) VALUES ('36234285', 'Phoenix House', '55.951728820801', '-3.1099081039429');
INSERT INTO stop (busstop, service) VALUES ('36234285', '15');
INSERT INTO stop (busstop, service) VALUES ('36234285', '15A');
INSERT INTO stop (busstop, service) VALUES ('36234285', '26');
INSERT INTO stop (busstop, service) VALUES ('36234285', 'X26');
INSERT INTO stop (busstop, service) VALUES ('36234285', 'N26');
INSERT INTO busstop (sms, name, x, y) VALUES ('36234286', 'Pitville Street', '55.950836181641', '-3.1061189174652');
INSERT INTO stop (busstop, service) VALUES ('36234286', '15');
INSERT INTO stop (busstop, service) VALUES ('36234286', '15A');
INSERT INTO stop (busstop, service) VALUES ('36234286', '26');
INSERT INTO stop (busstop, service) VALUES ('36234286', 'X26');
INSERT INTO stop (busstop, service) VALUES ('36234286', 'N26');
INSERT INTO busstop (sms, name, x, y) VALUES ('36234287', 'Brunstane Road N', '55.950057983398', '-3.1029739379883');
INSERT INTO stop (busstop, service) VALUES ('36234287', '15');
INSERT INTO stop (busstop, service) VALUES ('36234287', '15A');
INSERT INTO stop (busstop, service) VALUES ('36234287', '26');
INSERT INTO stop (busstop, service) VALUES ('36234287', 'X26');
INSERT INTO stop (busstop, service) VALUES ('36234287', 'N26');
INSERT INTO busstop (sms, name, x, y) VALUES ('36232893', 'Brunswick Road', '55.961227416992', '-3.1712119579315');
INSERT INTO stop (busstop, service) VALUES ('36232893', '1');
INSERT INTO stop (busstop, service) VALUES ('36232893', '35');
INSERT INTO busstop (sms, name, x, y) VALUES ('36237489', 'Foulis Crescent', '55.906295776367', '-3.2779479026794');
INSERT INTO stop (busstop, service) VALUES ('36237489', '44');
INSERT INTO stop (busstop, service) VALUES ('36237489', '45');
INSERT INTO stop (busstop, service) VALUES ('36237489', 'N44');
INSERT INTO busstop (sms, name, x, y) VALUES ('36237483', 'Clovenstone Driv', '55.910015106201', '-3.2745990753174');
INSERT INTO stop (busstop, service) VALUES ('36237483', '3');
INSERT INTO stop (busstop, service) VALUES ('36237483', '3A');
INSERT INTO stop (busstop, service) VALUES ('36237483', '30');
INSERT INTO stop (busstop, service) VALUES ('36237483', 'N30');
INSERT INTO busstop (sms, name, x, y) VALUES ('36234969', 'Robins Nest', '55.914878845215', '-3.148983001709');
INSERT INTO stop (busstop, service) VALUES ('36234969', '3');
INSERT INTO stop (busstop, service) VALUES ('36234969', '3A');
INSERT INTO stop (busstop, service) VALUES ('36234969', '8');
INSERT INTO stop (busstop, service) VALUES ('36234969', '29');
INSERT INTO stop (busstop, service) VALUES ('36234969', 'N3');
INSERT INTO busstop (sms, name, x, y) VALUES ('36237487', 'Muirend Avenue', '55.907211303711', '-3.2755460739136');
INSERT INTO stop (busstop, service) VALUES ('36237487', '44');
INSERT INTO stop (busstop, service) VALUES ('36237487', '45');
INSERT INTO stop (busstop, service) VALUES ('36237487', 'N44');
INSERT INTO busstop (sms, name, x, y) VALUES ('36237486', 'Viewfield Road', '55.90758895874', '-3.2737350463867');
INSERT INTO stop (busstop, service) VALUES ('36237486', '44');
INSERT INTO stop (busstop, service) VALUES ('36237486', '44A');
INSERT INTO stop (busstop, service) VALUES ('36237486', '45');
INSERT INTO stop (busstop, service) VALUES ('36237486', 'N44');
INSERT INTO busstop (sms, name, x, y) VALUES ('36237484', 'Clovenstone Gard', '55.913154602051', '-3.2707180976868');
INSERT INTO stop (busstop, service) VALUES ('36237484', '3');
INSERT INTO stop (busstop, service) VALUES ('36237484', '3A');
INSERT INTO stop (busstop, service) VALUES ('36237484', '30');
INSERT INTO stop (busstop, service) VALUES ('36237484', 'N30');
INSERT INTO busstop (sms, name, x, y) VALUES ('36238747', 'Robertson Avenue', '55.936103820801', '-3.2361381053925');
INSERT INTO stop (busstop, service) VALUES ('36238747', '38');
INSERT INTO busstop (sms, name, x, y) VALUES ('36243946', 'Lochend Gardens', '55.959800720215', '-3.1573770046234');
INSERT INTO stop (busstop, service) VALUES ('36243946', '49');
INSERT INTO busstop (sms, name, x, y) VALUES ('36242576', 'Henderson Terrac', '55.939182281494', '-3.2251410484314');
INSERT INTO stop (busstop, service) VALUES ('36242576', '1');
INSERT INTO busstop (sms, name, x, y) VALUES ('36245236', 'Riccarton Arms H', '55.896480560303', '-3.3090341091156');
INSERT INTO stop (busstop, service) VALUES ('36245236', '44');
INSERT INTO stop (busstop, service) VALUES ('36245236', '45');
INSERT INTO stop (busstop, service) VALUES ('36245236', 'N44');
INSERT INTO busstop (sms, name, x, y) VALUES ('36245726', 'Bank of Scotland', '55.927154541016', '-3.2939989566803');
INSERT INTO stop (busstop, service) VALUES ('36245726', '20');
INSERT INTO busstop (sms, name, x, y) VALUES ('36232525', 'Scott Monument', '55.952388763428', '-3.1942319869995');
INSERT INTO stop (busstop, service) VALUES ('36232525', '19');
INSERT INTO stop (busstop, service) VALUES ('36232525', '29');
INSERT INTO stop (busstop, service) VALUES ('36232525', 'X29');
INSERT INTO stop (busstop, service) VALUES ('36232525', '36');
INSERT INTO stop (busstop, service) VALUES ('36232525', '37');
INSERT INTO stop (busstop, service) VALUES ('36232525', '41');
INSERT INTO stop (busstop, service) VALUES ('36232525', '42');
INSERT INTO stop (busstop, service) VALUES ('36232525', '47');
INSERT INTO stop (busstop, service) VALUES ('36232525', 'X47');
INSERT INTO stop (busstop, service) VALUES ('36232525', 'N37');
INSERT INTO busstop (sms, name, x, y) VALUES ('36232524', 'York Place', '55.955905914307', '-3.1918730735779');
INSERT INTO stop (busstop, service) VALUES ('36232524', '4');
INSERT INTO stop (busstop, service) VALUES ('36232524', '8');
INSERT INTO stop (busstop, service) VALUES ('36232524', '10');
INSERT INTO stop (busstop, service) VALUES ('36232524', '11');
INSERT INTO stop (busstop, service) VALUES ('36232524', '12');
INSERT INTO stop (busstop, service) VALUES ('36232524', '15');
INSERT INTO stop (busstop, service) VALUES ('36232524', '15A');
INSERT INTO stop (busstop, service) VALUES ('36232524', '16');
INSERT INTO stop (busstop, service) VALUES ('36232524', '26');
INSERT INTO stop (busstop, service) VALUES ('36232524', '44');
INSERT INTO stop (busstop, service) VALUES ('36232524', '44A');
INSERT INTO stop (busstop, service) VALUES ('36232524', '45');
INSERT INTO stop (busstop, service) VALUES ('36232524', 'N31');
INSERT INTO busstop (sms, name, x, y) VALUES ('36232523', 'York Place', '55.956378936768', '-3.189325094223');
INSERT INTO stop (busstop, service) VALUES ('36232523', '4');
INSERT INTO stop (busstop, service) VALUES ('36232523', '8');
INSERT INTO stop (busstop, service) VALUES ('36232523', '10');
INSERT INTO stop (busstop, service) VALUES ('36232523', '11');
INSERT INTO stop (busstop, service) VALUES ('36232523', '12');
INSERT INTO stop (busstop, service) VALUES ('36232523', '15');
INSERT INTO stop (busstop, service) VALUES ('36232523', '15A');
INSERT INTO stop (busstop, service) VALUES ('36232523', '16');
INSERT INTO stop (busstop, service) VALUES ('36232523', '26');
INSERT INTO stop (busstop, service) VALUES ('36232523', '44');
INSERT INTO stop (busstop, service) VALUES ('36232523', '44A');
INSERT INTO stop (busstop, service) VALUES ('36232523', '45');
INSERT INTO stop (busstop, service) VALUES ('36232523', 'N31');
INSERT INTO busstop (sms, name, x, y) VALUES ('36232521', 'Silverknowes Cre', '55.967540740967', '-3.2684938907623');
INSERT INTO stop (busstop, service) VALUES ('36232521', '29');
INSERT INTO stop (busstop, service) VALUES ('36232521', 'X29');
INSERT INTO stop (busstop, service) VALUES ('36232521', 'N37');
INSERT INTO busstop (sms, name, x, y) VALUES ('36232529', 'The Mound', '55.951965332031', '-3.1978859901428');
INSERT INTO stop (busstop, service) VALUES ('36232529', '1');
INSERT INTO stop (busstop, service) VALUES ('36232529', '19');
INSERT INTO stop (busstop, service) VALUES ('36232529', '22');
INSERT INTO stop (busstop, service) VALUES ('36232529', '25');
INSERT INTO stop (busstop, service) VALUES ('36232529', 'X25');
INSERT INTO stop (busstop, service) VALUES ('36232529', '34');
INSERT INTO stop (busstop, service) VALUES ('36232529', '36');
INSERT INTO stop (busstop, service) VALUES ('36232529', '41');
INSERT INTO stop (busstop, service) VALUES ('36232529', '42');
INSERT INTO stop (busstop, service) VALUES ('36232529', 'N22');
INSERT INTO stop (busstop, service) VALUES ('36232529', 'N25');
INSERT INTO busstop (sms, name, x, y) VALUES ('36236793', 'Forester Pk Ave', '55.932609558105', '-3.2871699333191');
INSERT INTO stop (busstop, service) VALUES ('36236793', '12');
INSERT INTO stop (busstop, service) VALUES ('36236793', '21');
INSERT INTO stop (busstop, service) VALUES ('36236793', 'X26');
INSERT INTO stop (busstop, service) VALUES ('36236793', '32');
INSERT INTO busstop (sms, name, x, y) VALUES ('36232956', 'Lochend Kirk', '55.962650299072', '-3.1536169052124');
INSERT INTO stop (busstop, service) VALUES ('36232956', '21');
INSERT INTO stop (busstop, service) VALUES ('36232956', '25');
INSERT INTO stop (busstop, service) VALUES ('36232956', '34');
INSERT INTO stop (busstop, service) VALUES ('36232956', 'N25');
INSERT INTO busstop (sms, name, x, y) VALUES ('36232845', 'Granton Mains Ea', '55.976783752441', '-3.2424991130829');
INSERT INTO stop (busstop, service) VALUES ('36232845', '8');
INSERT INTO stop (busstop, service) VALUES ('36232845', '14');
INSERT INTO stop (busstop, service) VALUES ('36232845', '16');
INSERT INTO stop (busstop, service) VALUES ('36232845', '24');
INSERT INTO stop (busstop, service) VALUES ('36232845', '32');
INSERT INTO stop (busstop, service) VALUES ('36232845', 'N8');
INSERT INTO busstop (sms, name, x, y) VALUES ('36236286', 'Prestonfield Ban', '55.933540344238', '-3.1648058891296');
INSERT INTO stop (busstop, service) VALUES ('36236286', '2');
INSERT INTO stop (busstop, service) VALUES ('36236286', '14');
INSERT INTO stop (busstop, service) VALUES ('36236286', '30');
INSERT INTO stop (busstop, service) VALUES ('36236286', 'N30');
INSERT INTO busstop (sms, name, x, y) VALUES ('36236287', 'Prestonfield Roa', '55.933639526367', '-3.1625521183014');
INSERT INTO stop (busstop, service) VALUES ('36236287', '2');
INSERT INTO stop (busstop, service) VALUES ('36236287', '14');
INSERT INTO stop (busstop, service) VALUES ('36236287', '30');
INSERT INTO stop (busstop, service) VALUES ('36236287', 'N30');
INSERT INTO busstop (sms, name, x, y) VALUES ('36236284', 'Granby Road', '55.925754547119', '-3.1678049564362');
INSERT INTO stop (busstop, service) VALUES ('36236284', '24');
INSERT INTO stop (busstop, service) VALUES ('36236284', '38');
INSERT INTO stop (busstop, service) VALUES ('36236284', '42');
INSERT INTO busstop (sms, name, x, y) VALUES ('36236285', 'Craigmillar Park', '55.926166534424', '-3.1671769618988');
INSERT INTO stop (busstop, service) VALUES ('36236285', '24');
INSERT INTO stop (busstop, service) VALUES ('36236285', '38');
INSERT INTO stop (busstop, service) VALUES ('36236285', '42');
INSERT INTO busstop (sms, name, x, y) VALUES ('36236282', 'Kings Buildings', '55.924514770508', '-3.1734490394592');
INSERT INTO stop (busstop, service) VALUES ('36236282', '38');
INSERT INTO busstop (sms, name, x, y) VALUES ('36236283', 'Kings Buildings', '55.924419403076', '-3.1740388870239');
INSERT INTO stop (busstop, service) VALUES ('36236283', '38');
INSERT INTO busstop (sms, name, x, y) VALUES ('36236289', 'Clearburn Cresce', '55.933708190918', '-3.1612250804901');
INSERT INTO stop (busstop, service) VALUES ('36236289', '2');
INSERT INTO stop (busstop, service) VALUES ('36236289', '14');
INSERT INTO stop (busstop, service) VALUES ('36236289', '30');
INSERT INTO stop (busstop, service) VALUES ('36236289', 'N30');
INSERT INTO busstop (sms, name, x, y) VALUES ('36236736', 'Wilkieston Road', '55.920680999756', '-3.3891589641571');
INSERT INTO stop (busstop, service) VALUES ('36236736', '48');
INSERT INTO stop (busstop, service) VALUES ('36236736', 'X48');
INSERT INTO busstop (sms, name, x, y) VALUES ('36236737', 'Hallcroft Park', '55.922027587891', '-3.3893189430237');
INSERT INTO stop (busstop, service) VALUES ('36236737', '48');
INSERT INTO stop (busstop, service) VALUES ('36236737', 'X48');
INSERT INTO busstop (sms, name, x, y) VALUES ('36236734', 'Craigpark Avenue', '55.92073059082', '-3.3849680423737');
INSERT INTO stop (busstop, service) VALUES ('36236734', '48');
INSERT INTO stop (busstop, service) VALUES ('36236734', 'X48');
INSERT INTO busstop (sms, name, x, y) VALUES ('36242376', 'The Steils', '55.918266296387', '-3.227520942688');
INSERT INTO stop (busstop, service) VALUES ('36242376', '23');
INSERT INTO busstop (sms, name, x, y) VALUES ('36237649', 'Martello Court', '55.972389221191', '-3.2610900402069');
INSERT INTO stop (busstop, service) VALUES ('36237649', '14');
INSERT INTO stop (busstop, service) VALUES ('36237649', '37');
INSERT INTO busstop (sms, name, x, y) VALUES ('36237648', 'Martello Court', '55.972202301025', '-3.2610349655151');
INSERT INTO stop (busstop, service) VALUES ('36237648', '37');
INSERT INTO stop (busstop, service) VALUES ('36237648', 'N37');
INSERT INTO busstop (sms, name, x, y) VALUES ('36242373', 'Chesser Avenue', '55.93187713623', '-3.2502009868622');
INSERT INTO stop (busstop, service) VALUES ('36242373', '3');
INSERT INTO stop (busstop, service) VALUES ('36242373', '3A');
INSERT INTO stop (busstop, service) VALUES ('36242373', '25');
INSERT INTO stop (busstop, service) VALUES ('36242373', '30');
INSERT INTO stop (busstop, service) VALUES ('36242373', '33');
INSERT INTO stop (busstop, service) VALUES ('36242373', 'N25');
INSERT INTO stop (busstop, service) VALUES ('36242373', 'N30');
INSERT INTO busstop (sms, name, x, y) VALUES ('36232453', 'Bughtlin Road', '55.952068328857', '-3.3035910129547');
INSERT INTO stop (busstop, service) VALUES ('36232453', '31');
INSERT INTO busstop (sms, name, x, y) VALUES ('36232452', 'North Bughtlin G', '55.954128265381', '-3.3069589138031');
INSERT INTO stop (busstop, service) VALUES ('36232452', '31');
INSERT INTO busstop (sms, name, x, y) VALUES ('36232451', 'North Bughtlin G', '55.954135894775', '-3.3069429397583');
INSERT INTO stop (busstop, service) VALUES ('36232451', '31');
INSERT INTO busstop (sms, name, x, y) VALUES ('36237646', 'Pennywell Grove', '55.972370147705', '-3.2534139156342');
INSERT INTO stop (busstop, service) VALUES ('36237646', '37');
INSERT INTO stop (busstop, service) VALUES ('36237646', 'N37');
INSERT INTO busstop (sms, name, x, y) VALUES ('36232457', 'Almond Green', '55.949390411377', '-3.3122119903564');
INSERT INTO stop (busstop, service) VALUES ('36232457', '31');
INSERT INTO busstop (sms, name, x, y) VALUES ('36232456', 'Mearenside', '55.950332641602', '-3.3080809116364');
INSERT INTO stop (busstop, service) VALUES ('36232456', '31');
INSERT INTO busstop (sms, name, x, y) VALUES ('36237643', 'Telford Road', '55.960136413574', '-3.2561259269714');
INSERT INTO stop (busstop, service) VALUES ('36237643', '41');
INSERT INTO stop (busstop, service) VALUES ('36237643', '42');
INSERT INTO busstop (sms, name, x, y) VALUES ('36232454', 'Bughtlin Park', '55.951927185059', '-3.3070290088654');
INSERT INTO stop (busstop, service) VALUES ('36232454', '31');
INSERT INTO busstop (sms, name, x, y) VALUES ('36243539', 'Fair-a-Far Cotta', '55.973415374756', '-3.3040521144867');
INSERT INTO stop (busstop, service) VALUES ('36243539', '41');
INSERT INTO busstop (sms, name, x, y) VALUES ('36238356', 'Craigour Green', '55.917449951172', '-3.1366419792175');
INSERT INTO stop (busstop, service) VALUES ('36238356', '8');
INSERT INTO stop (busstop, service) VALUES ('36238356', '18');
INSERT INTO busstop (sms, name, x, y) VALUES ('36232856', 'Telford Gardens', '55.963413238525', '-3.2388179302216');
INSERT INTO stop (busstop, service) VALUES ('36232856', '24');
INSERT INTO busstop (sms, name, x, y) VALUES ('36232854', 'Telford Place', '55.966247558594', '-3.2376909255981');
INSERT INTO stop (busstop, service) VALUES ('36232854', '24');
INSERT INTO busstop (sms, name, x, y) VALUES ('36238352', 'Craiglockhart Dr', '55.920833587646', '-3.2419080734253');
INSERT INTO stop (busstop, service) VALUES ('36238352', '4');
INSERT INTO busstop (sms, name, x, y) VALUES ('36232852', 'Grigor Avenue', '55.966472625732', '-3.2347350120544');
INSERT INTO stop (busstop, service) VALUES ('36232852', '19');
INSERT INTO stop (busstop, service) VALUES ('36232852', '21');
INSERT INTO stop (busstop, service) VALUES ('36232852', '24');
INSERT INTO stop (busstop, service) VALUES ('36232852', '29');
INSERT INTO stop (busstop, service) VALUES ('36232852', 'X29');
INSERT INTO stop (busstop, service) VALUES ('36232852', '37');
INSERT INTO stop (busstop, service) VALUES ('36232852', '38');
INSERT INTO stop (busstop, service) VALUES ('36232852', '47');
INSERT INTO stop (busstop, service) VALUES ('36232852', 'X47');
INSERT INTO stop (busstop, service) VALUES ('36232852', 'N37');
INSERT INTO busstop (sms, name, x, y) VALUES ('36242393', 'Grange Cemetery', '55.935329437256', '-3.1909210681915');
INSERT INTO stop (busstop, service) VALUES ('36242393', '5');
INSERT INTO stop (busstop, service) VALUES ('36242393', '24');
INSERT INTO busstop (sms, name, x, y) VALUES ('36242395', 'Grange Cemetery', '55.935581207275', '-3.1900479793549');
INSERT INTO stop (busstop, service) VALUES ('36242395', '5');
INSERT INTO stop (busstop, service) VALUES ('36242395', '24');
INSERT INTO busstop (sms, name, x, y) VALUES ('36232858', 'Groathill Road S', '55.960914611816', '-3.2458510398865');
INSERT INTO stop (busstop, service) VALUES ('36232858', '24');
INSERT INTO busstop (sms, name, x, y) VALUES ('36235393', 'Fairmile Avenue', '55.902244567871', '-3.2083969116211');
INSERT INTO stop (busstop, service) VALUES ('36235393', '4');
INSERT INTO stop (busstop, service) VALUES ('36235393', '18');
INSERT INTO busstop (sms, name, x, y) VALUES ('36235392', 'Caiystane View', '55.902236938477', '-3.212779045105');
INSERT INTO stop (busstop, service) VALUES ('36235392', '4');
INSERT INTO stop (busstop, service) VALUES ('36235392', '18');
INSERT INTO busstop (sms, name, x, y) VALUES ('36235395', 'Frogston Terrace', '55.900177001953', '-3.2003519535065');
INSERT INTO stop (busstop, service) VALUES ('36235395', '11');
INSERT INTO stop (busstop, service) VALUES ('36235395', '18');
INSERT INTO busstop (sms, name, x, y) VALUES ('36235394', 'Fairmilehead', '55.901931762695', '-3.206356048584');
INSERT INTO stop (busstop, service) VALUES ('36235394', '4');
INSERT INTO stop (busstop, service) VALUES ('36235394', '18');
INSERT INTO busstop (sms, name, x, y) VALUES ('36235397', 'Princess Gate', '55.89909362793', '-3.1942090988159');
INSERT INTO stop (busstop, service) VALUES ('36235397', '11');
INSERT INTO stop (busstop, service) VALUES ('36235397', '18');
INSERT INTO busstop (sms, name, x, y) VALUES ('36235398', 'Marie Curie Clin', '55.899333953857', '-3.1897060871124');
INSERT INTO stop (busstop, service) VALUES ('36235398', '11');
INSERT INTO stop (busstop, service) VALUES ('36235398', '18');
INSERT INTO busstop (sms, name, x, y) VALUES ('36236358', 'South Oswald Roa', '55.928882598877', '-3.1884028911591');
INSERT INTO stop (busstop, service) VALUES ('36236358', '24');
INSERT INTO stop (busstop, service) VALUES ('36236358', '41');
INSERT INTO busstop (sms, name, x, y) VALUES ('36236359', 'Sth Oswald Road', '55.929195404053', '-3.1888120174408');
INSERT INTO stop (busstop, service) VALUES ('36236359', '24');
INSERT INTO stop (busstop, service) VALUES ('36236359', '41');
INSERT INTO busstop (sms, name, x, y) VALUES ('36236352', 'Langton Road', '55.928455352783', '-3.1796510219574');
INSERT INTO stop (busstop, service) VALUES ('36236352', '24');
INSERT INTO busstop (sms, name, x, y) VALUES ('36236353', 'Langton Road', '55.928081512451', '-3.1811280250549');
INSERT INTO stop (busstop, service) VALUES ('36236353', '24');
INSERT INTO busstop (sms, name, x, y) VALUES ('36236354', 'Watertoun Road', '55.927520751953', '-3.1824231147766');
INSERT INTO stop (busstop, service) VALUES ('36236354', '24');
INSERT INTO busstop (sms, name, x, y) VALUES ('36236356', 'Blackford Avenue', '55.926879882812', '-3.1864850521088');
INSERT INTO stop (busstop, service) VALUES ('36236356', '24');
INSERT INTO stop (busstop, service) VALUES ('36236356', '41');
INSERT INTO busstop (sms, name, x, y) VALUES ('36236357', 'Blackford Statio', '55.92748260498', '-3.187558889389');
INSERT INTO stop (busstop, service) VALUES ('36236357', '24');
INSERT INTO stop (busstop, service) VALUES ('36236357', '41');
INSERT INTO busstop (sms, name, x, y) VALUES ('36237869', 'Balmwell Terrace', '55.901065826416', '-3.1637530326843');
INSERT INTO stop (busstop, service) VALUES ('36237869', '7');
INSERT INTO stop (busstop, service) VALUES ('36237869', '37');
INSERT INTO stop (busstop, service) VALUES ('36237869', '47');
INSERT INTO stop (busstop, service) VALUES ('36237869', '67');
INSERT INTO stop (busstop, service) VALUES ('36237869', 'N37');
INSERT INTO busstop (sms, name, x, y) VALUES ('36237868', 'Mortonhall', '55.903560638428', '-3.1661469936371');
INSERT INTO stop (busstop, service) VALUES ('36237868', '7');
INSERT INTO stop (busstop, service) VALUES ('36237868', '37');
INSERT INTO stop (busstop, service) VALUES ('36237868', '47');
INSERT INTO stop (busstop, service) VALUES ('36237868', '67');
INSERT INTO stop (busstop, service) VALUES ('36237868', 'N37');
INSERT INTO busstop (sms, name, x, y) VALUES ('36237863', 'St Katherines Br', '55.907386779785', '-3.1641180515289');
INSERT INTO stop (busstop, service) VALUES ('36237863', '7');
INSERT INTO stop (busstop, service) VALUES ('36237863', '37');
INSERT INTO stop (busstop, service) VALUES ('36237863', '47');
INSERT INTO stop (busstop, service) VALUES ('36237863', '67');
INSERT INTO stop (busstop, service) VALUES ('36237863', 'N37');
INSERT INTO busstop (sms, name, x, y) VALUES ('36237862', 'Little Road', '55.90896987915', '-3.163253068924');
INSERT INTO stop (busstop, service) VALUES ('36237862', '7');
INSERT INTO stop (busstop, service) VALUES ('36237862', '37');
INSERT INTO stop (busstop, service) VALUES ('36237862', '47');
INSERT INTO stop (busstop, service) VALUES ('36237862', '67');
INSERT INTO stop (busstop, service) VALUES ('36237862', 'N37');
INSERT INTO busstop (sms, name, x, y) VALUES ('36237865', 'Alnwickhill', '55.905857086182', '-3.1653039455414');
INSERT INTO stop (busstop, service) VALUES ('36237865', '7');
INSERT INTO stop (busstop, service) VALUES ('36237865', '37');
INSERT INTO stop (busstop, service) VALUES ('36237865', '47');
INSERT INTO stop (busstop, service) VALUES ('36237865', '67');
INSERT INTO stop (busstop, service) VALUES ('36237865', 'N37');
INSERT INTO busstop (sms, name, x, y) VALUES ('36237864', 'St Katherines B', '55.907146453857', '-3.1639831066132');
INSERT INTO stop (busstop, service) VALUES ('36237864', '7');
INSERT INTO stop (busstop, service) VALUES ('36237864', '37');
INSERT INTO stop (busstop, service) VALUES ('36237864', '47');
INSERT INTO stop (busstop, service) VALUES ('36237864', '67');
INSERT INTO stop (busstop, service) VALUES ('36237864', 'N37');
INSERT INTO busstop (sms, name, x, y) VALUES ('36237867', 'Alnwickhill Road', '55.904262542725', '-3.1659278869629');
INSERT INTO stop (busstop, service) VALUES ('36237867', '7');
INSERT INTO stop (busstop, service) VALUES ('36237867', '37');
INSERT INTO stop (busstop, service) VALUES ('36237867', '47');
INSERT INTO stop (busstop, service) VALUES ('36237867', '67');
INSERT INTO stop (busstop, service) VALUES ('36237867', 'N37');
INSERT INTO busstop (sms, name, x, y) VALUES ('36235647', 'St Marys Church', '55.973041534424', '-3.168524980545');
INSERT INTO stop (busstop, service) VALUES ('36235647', '16');
INSERT INTO stop (busstop, service) VALUES ('36235647', '35');
INSERT INTO busstop (sms, name, x, y) VALUES ('36235646', 'Laurie Street', '55.971416473389', '-3.1703341007233');
INSERT INTO stop (busstop, service) VALUES ('36235646', '16');
INSERT INTO stop (busstop, service) VALUES ('36235646', '35');
INSERT INTO busstop (sms, name, x, y) VALUES ('36235645', 'Academy Street', '55.97013092041', '-3.1701989173889');
INSERT INTO stop (busstop, service) VALUES ('36235645', '1');
INSERT INTO stop (busstop, service) VALUES ('36235645', '12');
INSERT INTO stop (busstop, service) VALUES ('36235645', '21');
INSERT INTO stop (busstop, service) VALUES ('36235645', '25');
INSERT INTO stop (busstop, service) VALUES ('36235645', '34');
INSERT INTO stop (busstop, service) VALUES ('36235645', '35');
INSERT INTO stop (busstop, service) VALUES ('36235645', '49');
INSERT INTO stop (busstop, service) VALUES ('36235645', 'N25');
INSERT INTO busstop (sms, name, x, y) VALUES ('36235643', 'Academy Street', '55.969959259033', '-3.1695530414581');
INSERT INTO stop (busstop, service) VALUES ('36235643', '1');
INSERT INTO stop (busstop, service) VALUES ('36235643', '12');
INSERT INTO stop (busstop, service) VALUES ('36235643', '21');
INSERT INTO stop (busstop, service) VALUES ('36235643', '25');
INSERT INTO stop (busstop, service) VALUES ('36235643', '34');
INSERT INTO stop (busstop, service) VALUES ('36235643', '35');
INSERT INTO stop (busstop, service) VALUES ('36235643', '49');
INSERT INTO stop (busstop, service) VALUES ('36235643', 'N25');
INSERT INTO busstop (sms, name, x, y) VALUES ('36242954', 'Ocean Terminal', '55.980083465576', '-3.1789300441742');
INSERT INTO stop (busstop, service) VALUES ('36242954', '1');
INSERT INTO stop (busstop, service) VALUES ('36242954', '21');
INSERT INTO stop (busstop, service) VALUES ('36242954', '34');
INSERT INTO busstop (sms, name, x, y) VALUES ('58232496', 'Health Centre', '55.955657958984', '-2.9746980667114');
INSERT INTO stop (busstop, service) VALUES ('58232496', '26');
INSERT INTO busstop (sms, name, x, y) VALUES ('36235649', 'Primrose Street', '55.968276977539', '-3.1659619808197');
INSERT INTO stop (busstop, service) VALUES ('36235649', '34');
INSERT INTO stop (busstop, service) VALUES ('36235649', '49');
INSERT INTO busstop (sms, name, x, y) VALUES ('58232494', 'Wallyford Instit', '55.940788269043', '-3.0103950500488');
INSERT INTO stop (busstop, service) VALUES ('58232494', '44');
INSERT INTO stop (busstop, service) VALUES ('58232494', '44A');
INSERT INTO stop (busstop, service) VALUES ('58232494', 'N44');
INSERT INTO busstop (sms, name, x, y) VALUES ('58232490', 'Miners welfare', '55.939720153809', '-3.0124969482422');
INSERT INTO stop (busstop, service) VALUES ('58232490', '44');
INSERT INTO busstop (sms, name, x, y) VALUES ('36237645', 'Telford Road', '55.960186004639', '-3.256560087204');
INSERT INTO stop (busstop, service) VALUES ('36237645', '41');
INSERT INTO stop (busstop, service) VALUES ('36237645', '42');
INSERT INTO busstop (sms, name, x, y) VALUES ('36247659', 'Waverley Bridge', '55.95170211792', '-3.1918880939484');
INSERT INTO stop (busstop, service) VALUES ('36247659', '36');
INSERT INTO stop (busstop, service) VALUES ('36247659', '41');
INSERT INTO stop (busstop, service) VALUES ('36247659', '42');
INSERT INTO stop (busstop, service) VALUES ('36247659', '67');
INSERT INTO stop (busstop, service) VALUES ('36247659', 'N8');
INSERT INTO busstop (sms, name, x, y) VALUES ('36248565', 'Chesser Bridge', '55.928924560547', '-3.2486660480499');
INSERT INTO stop (busstop, service) VALUES ('36248565', '35');
INSERT INTO busstop (sms, name, x, y) VALUES ('36247257', 'Lochside Court', '55.931957244873', '-3.3115270137787');
INSERT INTO stop (busstop, service) VALUES ('36247257', '2');
INSERT INTO busstop (sms, name, x, y) VALUES ('36237326', 'Dudley Avenue So', '55.974590301514', '-3.1848840713501');
INSERT INTO stop (busstop, service) VALUES ('36237326', '7');
INSERT INTO stop (busstop, service) VALUES ('36237326', '14');
INSERT INTO stop (busstop, service) VALUES ('36237326', '21');
INSERT INTO busstop (sms, name, x, y) VALUES ('36238645', 'Caerketton Court', '55.910610198975', '-3.2202401161194');
INSERT INTO stop (busstop, service) VALUES ('36238645', '5');
INSERT INTO stop (busstop, service) VALUES ('36238645', '16');
INSERT INTO stop (busstop, service) VALUES ('36238645', 'N16');
INSERT INTO busstop (sms, name, x, y) VALUES ('36238646', 'Braidburn Valley', '55.911792755127', '-3.21866106987');
INSERT INTO stop (busstop, service) VALUES ('36238646', '5');
INSERT INTO stop (busstop, service) VALUES ('36238646', '16');
INSERT INTO stop (busstop, service) VALUES ('36238646', 'N16');
INSERT INTO busstop (sms, name, x, y) VALUES ('36238647', 'Huters Tryst Pri', '55.909187316895', '-3.2224669456482');
INSERT INTO stop (busstop, service) VALUES ('36238647', '5');
INSERT INTO stop (busstop, service) VALUES ('36238647', '16');
INSERT INTO stop (busstop, service) VALUES ('36238647', 'N16');
INSERT INTO busstop (sms, name, x, y) VALUES ('36232756', 'Silverknowes Roa', '55.966197967529', '-3.2644770145416');
INSERT INTO stop (busstop, service) VALUES ('36232756', '29');
INSERT INTO stop (busstop, service) VALUES ('36232756', 'X29');
INSERT INTO stop (busstop, service) VALUES ('36232756', 'N37');
INSERT INTO busstop (sms, name, x, y) VALUES ('36238642', 'Oxgangs Place', '55.907676696777', '-3.2261950969696');
INSERT INTO stop (busstop, service) VALUES ('36238642', '5');
INSERT INTO stop (busstop, service) VALUES ('36238642', '16');
INSERT INTO stop (busstop, service) VALUES ('36238642', 'N16');
INSERT INTO busstop (sms, name, x, y) VALUES ('36238643', 'Huters Tryst Pri', '55.908985137939', '-3.2227489948273');
INSERT INTO stop (busstop, service) VALUES ('36238643', '5');
INSERT INTO stop (busstop, service) VALUES ('36238643', '16');
INSERT INTO stop (busstop, service) VALUES ('36238643', 'N16');
INSERT INTO busstop (sms, name, x, y) VALUES ('36232757', 'Silverknowes Roa', '55.96618270874', '-3.2650370597839');
INSERT INTO stop (busstop, service) VALUES ('36232757', '29');
INSERT INTO stop (busstop, service) VALUES ('36232757', 'X29');
INSERT INTO busstop (sms, name, x, y) VALUES ('36238648', 'Caerketton Court', '55.910354614258', '-3.2206959724426');
INSERT INTO stop (busstop, service) VALUES ('36238648', '5');
INSERT INTO stop (busstop, service) VALUES ('36238648', '16');
INSERT INTO stop (busstop, service) VALUES ('36238648', 'N16');
INSERT INTO busstop (sms, name, x, y) VALUES ('36238649', 'Braidburn Valley', '55.911552429199', '-3.2193260192871');
INSERT INTO stop (busstop, service) VALUES ('36238649', '5');
INSERT INTO stop (busstop, service) VALUES ('36238649', '16');
INSERT INTO stop (busstop, service) VALUES ('36238649', 'N16');
INSERT INTO busstop (sms, name, x, y) VALUES ('36237329', 'Leith Theatre', '55.975143432617', '-3.1805739402771');
INSERT INTO stop (busstop, service) VALUES ('36237329', '7');
INSERT INTO stop (busstop, service) VALUES ('36237329', '14');
INSERT INTO stop (busstop, service) VALUES ('36237329', '21');
INSERT INTO busstop (sms, name, x, y) VALUES ('36234275', 'Wakefield Avenue', '55.957565307617', '-3.1242339611053');
INSERT INTO stop (busstop, service) VALUES ('36234275', '15');
INSERT INTO stop (busstop, service) VALUES ('36234275', '15A');
INSERT INTO stop (busstop, service) VALUES ('36234275', '21');
INSERT INTO stop (busstop, service) VALUES ('36234275', '26');
INSERT INTO busstop (sms, name, x, y) VALUES ('36234274', 'Inchview Terrace', '55.957443237305', '-3.1257209777832');
INSERT INTO stop (busstop, service) VALUES ('36234274', '15');
INSERT INTO stop (busstop, service) VALUES ('36234274', '15A');
INSERT INTO stop (busstop, service) VALUES ('36234274', '21');
INSERT INTO stop (busstop, service) VALUES ('36234274', '26');
INSERT INTO stop (busstop, service) VALUES ('36234274', '69');
INSERT INTO stop (busstop, service) VALUES ('36234274', 'N26');
INSERT INTO busstop (sms, name, x, y) VALUES ('36234276', 'Westbank Place', '55.956962585449', '-3.1213660240173');
INSERT INTO stop (busstop, service) VALUES ('36234276', '21');
INSERT INTO stop (busstop, service) VALUES ('36234276', '42');
INSERT INTO stop (busstop, service) VALUES ('36234276', '49');
INSERT INTO stop (busstop, service) VALUES ('36234276', '69');
INSERT INTO busstop (sms, name, x, y) VALUES ('36234273', 'Moira Terrace', '55.956909179688', '-3.1304140090942');
INSERT INTO stop (busstop, service) VALUES ('36234273', '15');
INSERT INTO stop (busstop, service) VALUES ('36234273', '15A');
INSERT INTO stop (busstop, service) VALUES ('36234273', '21');
INSERT INTO stop (busstop, service) VALUES ('36234273', '26');
INSERT INTO stop (busstop, service) VALUES ('36234273', '69');
INSERT INTO stop (busstop, service) VALUES ('36234273', 'N26');
INSERT INTO busstop (sms, name, x, y) VALUES ('36234272', 'Fishwives Causew', '55.956558227539', '-3.133367061615');
INSERT INTO stop (busstop, service) VALUES ('36234272', '15');
INSERT INTO stop (busstop, service) VALUES ('36234272', '15A');
INSERT INTO stop (busstop, service) VALUES ('36234272', '21');
INSERT INTO stop (busstop, service) VALUES ('36234272', '26');
INSERT INTO stop (busstop, service) VALUES ('36234272', '69');
INSERT INTO stop (busstop, service) VALUES ('36234272', 'N26');
INSERT INTO busstop (sms, name, x, y) VALUES ('36234279', 'Bridge Street', '55.955055236816', '-3.1177389621735');
INSERT INTO stop (busstop, service) VALUES ('36234279', '15');
INSERT INTO stop (busstop, service) VALUES ('36234279', '15A');
INSERT INTO stop (busstop, service) VALUES ('36234279', '21');
INSERT INTO stop (busstop, service) VALUES ('36234279', '26');
INSERT INTO stop (busstop, service) VALUES ('36234279', '42');
INSERT INTO stop (busstop, service) VALUES ('36234279', '49');
INSERT INTO stop (busstop, service) VALUES ('36234279', '69');
INSERT INTO stop (busstop, service) VALUES ('36234279', 'N26');
INSERT INTO busstop (sms, name, x, y) VALUES ('36234278', 'Westbank Place', '55.956672668457', '-3.1207809448242');
INSERT INTO stop (busstop, service) VALUES ('36234278', '15');
INSERT INTO stop (busstop, service) VALUES ('36234278', '15A');
INSERT INTO stop (busstop, service) VALUES ('36234278', '26');
INSERT INTO stop (busstop, service) VALUES ('36234278', 'X26');
INSERT INTO stop (busstop, service) VALUES ('36234278', 'N26');
INSERT INTO busstop (sms, name, x, y) VALUES ('64325828', 'Burnbrae Terrace', '55.863021850586', '-3.0990209579468');
INSERT INTO stop (busstop, service) VALUES ('64325828', '31');
INSERT INTO stop (busstop, service) VALUES ('64325828', 'N31');
INSERT INTO busstop (sms, name, x, y) VALUES ('64325829', 'Sheriffhall P&R', '55.905532836914', '-3.0988790988922');
INSERT INTO stop (busstop, service) VALUES ('64325829', '48');
INSERT INTO stop (busstop, service) VALUES ('64325829', 'X48');
INSERT INTO busstop (sms, name, x, y) VALUES ('64325826', 'Burnbrae Road', '55.866264343262', '-3.0941259860992');
INSERT INTO stop (busstop, service) VALUES ('64325826', '31');
INSERT INTO stop (busstop, service) VALUES ('64325826', 'N31');
INSERT INTO busstop (sms, name, x, y) VALUES ('64325827', 'Burnbrae Road', '55.865413665771', '-3.0960199832916');
INSERT INTO stop (busstop, service) VALUES ('64325827', '31');
INSERT INTO stop (busstop, service) VALUES ('64325827', 'N31');
INSERT INTO busstop (sms, name, x, y) VALUES ('36235898', 'Craigs Road', '55.947032928467', '-3.3142459392548');
INSERT INTO stop (busstop, service) VALUES ('36235898', '31');
INSERT INTO busstop (sms, name, x, y) VALUES ('36243562', 'Peggys Mill Road', '55.96993637085', '-3.30757188797');
INSERT INTO stop (busstop, service) VALUES ('36243562', '41');
INSERT INTO busstop (sms, name, x, y) VALUES ('36235892', 'North Bridge', '55.952178955078', '-3.1886839866638');
INSERT INTO stop (busstop, service) VALUES ('36235892', '3');
INSERT INTO stop (busstop, service) VALUES ('36235892', '3A');
INSERT INTO stop (busstop, service) VALUES ('36235892', '8');
INSERT INTO stop (busstop, service) VALUES ('36235892', '29');
INSERT INTO stop (busstop, service) VALUES ('36235892', 'X29');
INSERT INTO stop (busstop, service) VALUES ('36235892', '30');
INSERT INTO stop (busstop, service) VALUES ('36235892', '31');
INSERT INTO stop (busstop, service) VALUES ('36235892', 'X31');
INSERT INTO stop (busstop, service) VALUES ('36235892', '33');
INSERT INTO stop (busstop, service) VALUES ('36235892', '37');
INSERT INTO stop (busstop, service) VALUES ('36235892', '47');
INSERT INTO stop (busstop, service) VALUES ('36235892', 'X47');
INSERT INTO stop (busstop, service) VALUES ('36235892', '48');
INSERT INTO stop (busstop, service) VALUES ('36235892', 'X48');
INSERT INTO stop (busstop, service) VALUES ('36235892', 'N3');
INSERT INTO stop (busstop, service) VALUES ('36235892', 'N30');
INSERT INTO stop (busstop, service) VALUES ('36235892', 'N31');
INSERT INTO stop (busstop, service) VALUES ('36235892', 'N37');
INSERT INTO busstop (sms, name, x, y) VALUES ('36235893', 'St Andrews House', '55.953899383545', '-3.1828908920288');
INSERT INTO stop (busstop, service) VALUES ('36235893', 'X26');
INSERT INTO busstop (sms, name, x, y) VALUES ('36236454', 'Bristo Place', '55.946208953857', '-3.1899900436401');
INSERT INTO stop (busstop, service) VALUES ('36236454', '2');
INSERT INTO stop (busstop, service) VALUES ('36236454', '41');
INSERT INTO stop (busstop, service) VALUES ('36236454', '42');
INSERT INTO stop (busstop, service) VALUES ('36236454', '67');
INSERT INTO busstop (sms, name, x, y) VALUES ('36235894', 'at St Andrews Ho', '55.953594207764', '-3.1827049255371');
INSERT INTO stop (busstop, service) VALUES ('36235894', 'X26');
INSERT INTO busstop (sms, name, x, y) VALUES ('36235895', 'Regent Terrace', '55.9534034729', '-3.1793038845062');
INSERT INTO stop (busstop, service) VALUES ('36235895', 'X26');
INSERT INTO busstop (sms, name, x, y) VALUES ('36235423', 'Mortonhall entra', '55.899822235107', '-3.1756310462952');
INSERT INTO stop (busstop, service) VALUES ('36235423', '11');
INSERT INTO stop (busstop, service) VALUES ('36235423', '18');
INSERT INTO busstop (sms, name, x, y) VALUES ('36232732', 'Queensferry Road', '55.95650100708', '-3.2435309886932');
INSERT INTO stop (busstop, service) VALUES ('36232732', '38');
INSERT INTO stop (busstop, service) VALUES ('36232732', '41');
INSERT INTO stop (busstop, service) VALUES ('36232732', '42');
INSERT INTO busstop (sms, name, x, y) VALUES ('36232736', 'Drylaw Avenue', '55.960773468018', '-3.2493059635162');
INSERT INTO stop (busstop, service) VALUES ('36232736', '32');
INSERT INTO stop (busstop, service) VALUES ('36232736', '42');
INSERT INTO busstop (sms, name, x, y) VALUES ('36232737', 'Groathill Road S', '55.961250305176', '-3.2448201179504');
INSERT INTO stop (busstop, service) VALUES ('36232737', '24');
INSERT INTO busstop (sms, name, x, y) VALUES ('36232734', 'St Columbas Chur', '55.958415985107', '-3.2521140575409');
INSERT INTO stop (busstop, service) VALUES ('36232734', '41');
INSERT INTO stop (busstop, service) VALUES ('36232734', '42');
INSERT INTO busstop (sms, name, x, y) VALUES ('36232735', 'Whitehall Court', '55.960815429688', '-3.2558760643005');
INSERT INTO stop (busstop, service) VALUES ('36232735', '32');
INSERT INTO stop (busstop, service) VALUES ('36232735', '42');
INSERT INTO busstop (sms, name, x, y) VALUES ('36232738', 'Telford Drive', '55.962406158447', '-3.2406759262085');
INSERT INTO stop (busstop, service) VALUES ('36232738', '24');
INSERT INTO busstop (sms, name, x, y) VALUES ('36232739', 'Telford Gardens', '55.964027404785', '-3.2386620044708');
INSERT INTO stop (busstop, service) VALUES ('36232739', '24');
INSERT INTO busstop (sms, name, x, y) VALUES ('36235425', 'Mortonhall Park', '55.899707794189', '-3.1696770191193');
INSERT INTO stop (busstop, service) VALUES ('36235425', '11');
INSERT INTO stop (busstop, service) VALUES ('36235425', '18');
INSERT INTO busstop (sms, name, x, y) VALUES ('36235932', 'W of Lanark Road', '55.908786773682', '-3.272479057312');
INSERT INTO stop (busstop, service) VALUES ('36235932', '18');
INSERT INTO stop (busstop, service) VALUES ('36235932', '20');
INSERT INTO busstop (sms, name, x, y) VALUES ('36235834', 'Campbell Road', '55.950500488281', '-3.2502729892731');
INSERT INTO stop (busstop, service) VALUES ('36235834', '38');
INSERT INTO busstop (sms, name, x, y) VALUES ('36235835', 'Murrayfield Road', '55.950389862061', '-3.2498369216919');
INSERT INTO stop (busstop, service) VALUES ('36235835', '38');
INSERT INTO busstop (sms, name, x, y) VALUES ('36238262', 'Royston Mains Ga', '55.975688934326', '-3.2316150665283');
INSERT INTO stop (busstop, service) VALUES ('36238262', '14');
INSERT INTO stop (busstop, service) VALUES ('36238262', '19');
INSERT INTO busstop (sms, name, x, y) VALUES ('36238263', 'Greirson Road', '55.976619720459', '-3.2202980518341');
INSERT INTO stop (busstop, service) VALUES ('36238263', '8');
INSERT INTO stop (busstop, service) VALUES ('36238263', '14');
INSERT INTO stop (busstop, service) VALUES ('36238263', '19');
INSERT INTO stop (busstop, service) VALUES ('36238263', 'N8');
INSERT INTO busstop (sms, name, x, y) VALUES ('36234853', 'Middleby Street', '55.934680938721', '-3.17529296875');
INSERT INTO stop (busstop, service) VALUES ('36234853', '3');
INSERT INTO stop (busstop, service) VALUES ('36234853', '3A');
INSERT INTO stop (busstop, service) VALUES ('36234853', '7');
INSERT INTO stop (busstop, service) VALUES ('36234853', '8');
INSERT INTO stop (busstop, service) VALUES ('36234853', '29');
INSERT INTO stop (busstop, service) VALUES ('36234853', '31');
INSERT INTO stop (busstop, service) VALUES ('36234853', '37');
INSERT INTO stop (busstop, service) VALUES ('36234853', '47');
INSERT INTO stop (busstop, service) VALUES ('36234853', '49');
INSERT INTO stop (busstop, service) VALUES ('36234853', 'N3');
INSERT INTO stop (busstop, service) VALUES ('36234853', 'N31');
INSERT INTO stop (busstop, service) VALUES ('36234853', 'N37');
INSERT INTO busstop (sms, name, x, y) VALUES ('36234852', 'West Mayfield', '55.933475494385', '-3.1741359233856');
INSERT INTO stop (busstop, service) VALUES ('36234852', '3');
INSERT INTO stop (busstop, service) VALUES ('36234852', '3A');
INSERT INTO stop (busstop, service) VALUES ('36234852', '7');
INSERT INTO stop (busstop, service) VALUES ('36234852', '8');
INSERT INTO stop (busstop, service) VALUES ('36234852', '29');
INSERT INTO stop (busstop, service) VALUES ('36234852', '31');
INSERT INTO stop (busstop, service) VALUES ('36234852', '37');
INSERT INTO stop (busstop, service) VALUES ('36234852', '47');
INSERT INTO stop (busstop, service) VALUES ('36234852', '49');
INSERT INTO stop (busstop, service) VALUES ('36234852', 'N3');
INSERT INTO stop (busstop, service) VALUES ('36234852', 'N31');
INSERT INTO stop (busstop, service) VALUES ('36234852', 'N37');
INSERT INTO busstop (sms, name, x, y) VALUES ('36234854', 'Duncan Street', '55.935924530029', '-3.1765320301056');
INSERT INTO stop (busstop, service) VALUES ('36234854', '3');
INSERT INTO stop (busstop, service) VALUES ('36234854', '3A');
INSERT INTO stop (busstop, service) VALUES ('36234854', '7');
INSERT INTO stop (busstop, service) VALUES ('36234854', '8');
INSERT INTO stop (busstop, service) VALUES ('36234854', '29');
INSERT INTO stop (busstop, service) VALUES ('36234854', '31');
INSERT INTO stop (busstop, service) VALUES ('36234854', '37');
INSERT INTO stop (busstop, service) VALUES ('36234854', '47');
INSERT INTO stop (busstop, service) VALUES ('36234854', '49');
INSERT INTO stop (busstop, service) VALUES ('36234854', 'N3');
INSERT INTO stop (busstop, service) VALUES ('36234854', 'N31');
INSERT INTO stop (busstop, service) VALUES ('36234854', 'N37');
INSERT INTO busstop (sms, name, x, y) VALUES ('36234857', 'St Patrick Squar', '55.94331741333', '-3.1833209991455');
INSERT INTO stop (busstop, service) VALUES ('36234857', '3');
INSERT INTO stop (busstop, service) VALUES ('36234857', '3A');
INSERT INTO stop (busstop, service) VALUES ('36234857', '5');
INSERT INTO stop (busstop, service) VALUES ('36234857', '7');
INSERT INTO stop (busstop, service) VALUES ('36234857', '8');
INSERT INTO stop (busstop, service) VALUES ('36234857', '14');
INSERT INTO stop (busstop, service) VALUES ('36234857', '29');
INSERT INTO stop (busstop, service) VALUES ('36234857', '30');
INSERT INTO stop (busstop, service) VALUES ('36234857', '31');
INSERT INTO stop (busstop, service) VALUES ('36234857', '33');
INSERT INTO stop (busstop, service) VALUES ('36234857', '37');
INSERT INTO stop (busstop, service) VALUES ('36234857', '47');
INSERT INTO stop (busstop, service) VALUES ('36234857', 'X47');
INSERT INTO stop (busstop, service) VALUES ('36234857', '48');
INSERT INTO stop (busstop, service) VALUES ('36234857', 'X48');
INSERT INTO stop (busstop, service) VALUES ('36234857', '49');
INSERT INTO stop (busstop, service) VALUES ('36234857', 'N3');
INSERT INTO stop (busstop, service) VALUES ('36234857', 'N30');
INSERT INTO stop (busstop, service) VALUES ('36234857', 'N31');
INSERT INTO stop (busstop, service) VALUES ('36234857', 'N37');
INSERT INTO busstop (sms, name, x, y) VALUES ('36234856', 'Montague Street', '55.941669464111', '-3.1817491054535');
INSERT INTO stop (busstop, service) VALUES ('36234856', '3');
INSERT INTO stop (busstop, service) VALUES ('36234856', '3A');
INSERT INTO stop (busstop, service) VALUES ('36234856', '5');
INSERT INTO stop (busstop, service) VALUES ('36234856', '7');
INSERT INTO stop (busstop, service) VALUES ('36234856', '8');
INSERT INTO stop (busstop, service) VALUES ('36234856', '14');
INSERT INTO stop (busstop, service) VALUES ('36234856', '29');
INSERT INTO stop (busstop, service) VALUES ('36234856', '30');
INSERT INTO stop (busstop, service) VALUES ('36234856', '31');
INSERT INTO stop (busstop, service) VALUES ('36234856', '33');
INSERT INTO stop (busstop, service) VALUES ('36234856', '37');
INSERT INTO stop (busstop, service) VALUES ('36234856', '47');
INSERT INTO stop (busstop, service) VALUES ('36234856', 'X47');
INSERT INTO stop (busstop, service) VALUES ('36234856', '48');
INSERT INTO stop (busstop, service) VALUES ('36234856', '49');
INSERT INTO stop (busstop, service) VALUES ('36234856', 'N3');
INSERT INTO stop (busstop, service) VALUES ('36234856', 'N30');
INSERT INTO stop (busstop, service) VALUES ('36234856', 'N31');
INSERT INTO stop (busstop, service) VALUES ('36234856', 'N37');
INSERT INTO busstop (sms, name, x, y) VALUES ('36234859', 'St Josephs Prima', '55.924774169922', '-3.2766349315643');
INSERT INTO stop (busstop, service) VALUES ('36234859', '3');
INSERT INTO stop (busstop, service) VALUES ('36234859', '3A');
INSERT INTO stop (busstop, service) VALUES ('36234859', '25');
INSERT INTO stop (busstop, service) VALUES ('36234859', '34');
INSERT INTO stop (busstop, service) VALUES ('36234859', '35');
INSERT INTO stop (busstop, service) VALUES ('36234859', '109');
INSERT INTO stop (busstop, service) VALUES ('36234859', 'N25');
INSERT INTO busstop (sms, name, x, y) VALUES ('36234858', 'Parkhead Terrace', '55.925994873047', '-3.2716178894043');
INSERT INTO stop (busstop, service) VALUES ('36234858', '3');
INSERT INTO stop (busstop, service) VALUES ('36234858', '3A');
INSERT INTO stop (busstop, service) VALUES ('36234858', '25');
INSERT INTO stop (busstop, service) VALUES ('36234858', '34');
INSERT INTO stop (busstop, service) VALUES ('36234858', '35');
INSERT INTO stop (busstop, service) VALUES ('36234858', '109');
INSERT INTO stop (busstop, service) VALUES ('36234858', 'N25');
INSERT INTO busstop (sms, name, x, y) VALUES ('36232826', 'Muirhouse shops', '55.972206115723', '-3.2525269985199');
INSERT INTO stop (busstop, service) VALUES ('36232826', '24');
INSERT INTO stop (busstop, service) VALUES ('36232826', '27');
INSERT INTO stop (busstop, service) VALUES ('36232826', '32');
INSERT INTO stop (busstop, service) VALUES ('36232826', '37');
INSERT INTO busstop (sms, name, x, y) VALUES ('58232486', 'Wallyford Termin', '55.936218261719', '-3.0162320137024');
INSERT INTO stop (busstop, service) VALUES ('58232486', '44');
INSERT INTO stop (busstop, service) VALUES ('58232486', '44A');
INSERT INTO busstop (sms, name, x, y) VALUES ('64324532', 'Langhill Farm', '55.86498260498', '-3.1719889640808');
INSERT INTO stop (busstop, service) VALUES ('64324532', '15');
INSERT INTO busstop (sms, name, x, y) VALUES ('64324535', 'Rosslyn Hotel', '55.857322692871', '-3.1647291183472');
INSERT INTO stop (busstop, service) VALUES ('64324535', '15');
INSERT INTO busstop (sms, name, x, y) VALUES ('64324534', 'Original Rosslyn', '55.857147216797', '-3.164244890213');
INSERT INTO stop (busstop, service) VALUES ('64324534', '15');
INSERT INTO busstop (sms, name, x, y) VALUES ('64324537', 'Penicuik Road', '55.855953216553', '-3.1669249534607');
INSERT INTO stop (busstop, service) VALUES ('64324537', '15');
INSERT INTO busstop (sms, name, x, y) VALUES ('64324536', 'Penicuik Road', '55.855770111084', '-3.1673989295959');
INSERT INTO stop (busstop, service) VALUES ('64324536', '15');
INSERT INTO busstop (sms, name, x, y) VALUES ('64324539', 'Roslin Institute', '55.861675262451', '-3.1699719429016');
INSERT INTO stop (busstop, service) VALUES ('64324539', '15');
INSERT INTO busstop (sms, name, x, y) VALUES ('64324538', 'Roslin Institute', '55.861217498779', '-3.1692399978638');
INSERT INTO stop (busstop, service) VALUES ('64324538', '15');
INSERT INTO busstop (sms, name, x, y) VALUES ('58232489', 'Moir Crescent', '55.944053649902', '-3.0209839344025');
INSERT INTO stop (busstop, service) VALUES ('58232489', 'N44');
INSERT INTO busstop (sms, name, x, y) VALUES ('64323427', 'Waverley Terrace', '55.873264312744', '-3.1020750999451');
INSERT INTO stop (busstop, service) VALUES ('64323427', '31');
INSERT INTO stop (busstop, service) VALUES ('64323427', 'X31');
INSERT INTO stop (busstop, service) VALUES ('64323427', 'N31');
INSERT INTO busstop (sms, name, x, y) VALUES ('36238386', 'Fettes Row', '55.95906829834', '-3.2001080513');
INSERT INTO stop (busstop, service) VALUES ('36238386', '23');
INSERT INTO stop (busstop, service) VALUES ('36238386', '27');
INSERT INTO busstop (sms, name, x, y) VALUES ('36237674', 'Watertoun Road', '55.927478790283', '-3.182981967926');
INSERT INTO stop (busstop, service) VALUES ('36237674', '24');
INSERT INTO busstop (sms, name, x, y) VALUES ('36237256', 'Rose Street', '55.95259475708', '-3.1999390125275');
INSERT INTO stop (busstop, service) VALUES ('36237256', '19');
INSERT INTO stop (busstop, service) VALUES ('36237256', '24');
INSERT INTO stop (busstop, service) VALUES ('36237256', '29');
INSERT INTO stop (busstop, service) VALUES ('36237256', 'X29');
INSERT INTO stop (busstop, service) VALUES ('36237256', '36');
INSERT INTO stop (busstop, service) VALUES ('36237256', '37');
INSERT INTO stop (busstop, service) VALUES ('36237256', '41');
INSERT INTO stop (busstop, service) VALUES ('36237256', '42');
INSERT INTO stop (busstop, service) VALUES ('36237256', '47');
INSERT INTO stop (busstop, service) VALUES ('36237256', 'X47');
INSERT INTO stop (busstop, service) VALUES ('36237256', 'N37');
INSERT INTO busstop (sms, name, x, y) VALUES ('36237257', 'Granton Square', '55.980659484863', '-3.2240149974823');
INSERT INTO stop (busstop, service) VALUES ('36237257', '19');
INSERT INTO stop (busstop, service) VALUES ('36237257', '32');
INSERT INTO busstop (sms, name, x, y) VALUES ('36237254', 'Rose Street', '55.952499389648', '-3.200257062912');
INSERT INTO stop (busstop, service) VALUES ('36237254', '19');
INSERT INTO stop (busstop, service) VALUES ('36237254', '24');
INSERT INTO stop (busstop, service) VALUES ('36237254', '29');
INSERT INTO stop (busstop, service) VALUES ('36237254', 'X29');
INSERT INTO stop (busstop, service) VALUES ('36237254', '36');
INSERT INTO stop (busstop, service) VALUES ('36237254', '37');
INSERT INTO stop (busstop, service) VALUES ('36237254', '41');
INSERT INTO stop (busstop, service) VALUES ('36237254', '42');
INSERT INTO stop (busstop, service) VALUES ('36237254', '47');
INSERT INTO stop (busstop, service) VALUES ('36237254', 'X47');
INSERT INTO stop (busstop, service) VALUES ('36237254', 'N37');
INSERT INTO busstop (sms, name, x, y) VALUES ('36234298', 'Milton Terrace', '55.946147918701', '-3.0879230499268');
INSERT INTO stop (busstop, service) VALUES ('36234298', '44');
INSERT INTO stop (busstop, service) VALUES ('36234298', '44A');
INSERT INTO stop (busstop, service) VALUES ('36234298', '45');
INSERT INTO stop (busstop, service) VALUES ('36234298', 'N44');
INSERT INTO busstop (sms, name, x, y) VALUES ('36237252', 'Viewforth', '55.936546325684', '-3.2079920768738');
INSERT INTO stop (busstop, service) VALUES ('36237252', '11');
INSERT INTO stop (busstop, service) VALUES ('36237252', '15');
INSERT INTO stop (busstop, service) VALUES ('36237252', '15A');
INSERT INTO stop (busstop, service) VALUES ('36237252', '16');
INSERT INTO stop (busstop, service) VALUES ('36237252', '23');
INSERT INTO stop (busstop, service) VALUES ('36237252', '45');
INSERT INTO stop (busstop, service) VALUES ('36237252', 'N16');
INSERT INTO busstop (sms, name, x, y) VALUES ('36237253', 'Viewforth', '55.937118530273', '-3.2072410583496');
INSERT INTO stop (busstop, service) VALUES ('36237253', '11');
INSERT INTO stop (busstop, service) VALUES ('36237253', '15');
INSERT INTO stop (busstop, service) VALUES ('36237253', '15A');
INSERT INTO stop (busstop, service) VALUES ('36237253', '16');
INSERT INTO stop (busstop, service) VALUES ('36237253', '23');
INSERT INTO stop (busstop, service) VALUES ('36237253', '45');
INSERT INTO stop (busstop, service) VALUES ('36237253', 'N16');
INSERT INTO busstop (sms, name, x, y) VALUES ('36234293', 'Seaview Terrace', '55.948760986328', '-3.091295003891');
INSERT INTO stop (busstop, service) VALUES ('36234293', '15');
INSERT INTO stop (busstop, service) VALUES ('36234293', '15A');
INSERT INTO stop (busstop, service) VALUES ('36234293', '26');
INSERT INTO stop (busstop, service) VALUES ('36234293', 'X26');
INSERT INTO stop (busstop, service) VALUES ('36234293', 'N26');
INSERT INTO busstop (sms, name, x, y) VALUES ('36234292', 'Coillesdene Driv', '55.948959350586', '-3.0950000286102');
INSERT INTO stop (busstop, service) VALUES ('36234292', '15');
INSERT INTO stop (busstop, service) VALUES ('36234292', '15A');
INSERT INTO stop (busstop, service) VALUES ('36234292', '26');
INSERT INTO stop (busstop, service) VALUES ('36234292', 'X26');
INSERT INTO stop (busstop, service) VALUES ('36234292', 'N26');
INSERT INTO busstop (sms, name, x, y) VALUES ('36234297', 'Eastfield Garden', '55.946643829346', '-3.08478307724');
INSERT INTO stop (busstop, service) VALUES ('36234297', '44');
INSERT INTO stop (busstop, service) VALUES ('36234297', '44A');
INSERT INTO stop (busstop, service) VALUES ('36234297', '45');
INSERT INTO stop (busstop, service) VALUES ('36234297', 'N44');
INSERT INTO busstop (sms, name, x, y) VALUES ('36234296', 'Eastfield Juncti', '55.946586608887', '-3.0820269584656');
INSERT INTO stop (busstop, service) VALUES ('36234296', '44');
INSERT INTO stop (busstop, service) VALUES ('36234296', '44A');
INSERT INTO stop (busstop, service) VALUES ('36234296', '45');
INSERT INTO stop (busstop, service) VALUES ('36234296', 'N44');
INSERT INTO busstop (sms, name, x, y) VALUES ('36237258', 'Lennox Row', '55.977752685547', '-3.209291934967');
INSERT INTO stop (busstop, service) VALUES ('36237258', '23');
INSERT INTO busstop (sms, name, x, y) VALUES ('36234294', 'Seaview Terrace', '55.948680877686', '-3.0870490074158');
INSERT INTO stop (busstop, service) VALUES ('36234294', '15');
INSERT INTO stop (busstop, service) VALUES ('36234294', '26');
INSERT INTO stop (busstop, service) VALUES ('36234294', 'X26');
INSERT INTO stop (busstop, service) VALUES ('36234294', 'N26');
INSERT INTO busstop (sms, name, x, y) VALUES ('36239695', 'Commercial St', '55.97794342041', '-3.1791050434113');
INSERT INTO stop (busstop, service) VALUES ('36239695', '16');
INSERT INTO stop (busstop, service) VALUES ('36239695', '22');
INSERT INTO stop (busstop, service) VALUES ('36239695', '35');
INSERT INTO stop (busstop, service) VALUES ('36239695', '36');
INSERT INTO stop (busstop, service) VALUES ('36239695', 'N22');
INSERT INTO busstop (sms, name, x, y) VALUES ('36242497', 'Thistle Street', '55.954410552979', '-3.1979129314423');
INSERT INTO stop (busstop, service) VALUES ('36242497', '23');
INSERT INTO stop (busstop, service) VALUES ('36242497', '27');
INSERT INTO stop (busstop, service) VALUES ('36242497', '61');
INSERT INTO busstop (sms, name, x, y) VALUES ('36242492', 'Queen Street', '55.954593658447', '-3.1975989341736');
INSERT INTO stop (busstop, service) VALUES ('36242492', '23');
INSERT INTO stop (busstop, service) VALUES ('36242492', '27');
INSERT INTO stop (busstop, service) VALUES ('36242492', '61');
INSERT INTO busstop (sms, name, x, y) VALUES ('36245394', 'Bankhead Industr', '55.925846099854', '-3.302325963974');
INSERT INTO stop (busstop, service) VALUES ('36245394', '20');
INSERT INTO stop (busstop, service) VALUES ('36245394', '34');
INSERT INTO busstop (sms, name, x, y) VALUES ('58232398', 'Harbour takeaway', '55.971824645996', '-2.9524960517883');
INSERT INTO stop (busstop, service) VALUES ('58232398', '26');
INSERT INTO stop (busstop, service) VALUES ('58232398', 'X26');
INSERT INTO busstop (sms, name, x, y) VALUES ('58232392', 'School Lane', '55.969871520996', '-2.9612600803375');
INSERT INTO stop (busstop, service) VALUES ('58232392', '26');
INSERT INTO stop (busstop, service) VALUES ('58232392', 'X26');
INSERT INTO busstop (sms, name, x, y) VALUES ('58232393', 'Inglis Avenue', '55.970623016357', '-2.9571130275726');
INSERT INTO stop (busstop, service) VALUES ('58232393', '26');
INSERT INTO stop (busstop, service) VALUES ('58232393', 'X26');
INSERT INTO stop (busstop, service) VALUES ('58232393', 'N26');
INSERT INTO busstop (sms, name, x, y) VALUES ('58232394', 'Inglis Avenue', '55.970893859863', '-2.956799030304');
INSERT INTO stop (busstop, service) VALUES ('58232394', '26');
INSERT INTO stop (busstop, service) VALUES ('58232394', 'X26');
INSERT INTO busstop (sms, name, x, y) VALUES ('58232395', 'Gosford Road', '55.971084594727', '-2.9555220603943');
INSERT INTO stop (busstop, service) VALUES ('58232395', '26');
INSERT INTO stop (busstop, service) VALUES ('58232395', 'X26');
INSERT INTO stop (busstop, service) VALUES ('58232395', 'N26');
INSERT INTO busstop (sms, name, x, y) VALUES ('58232396', 'Gosford Road', '55.971294403076', '-2.9552071094513');
INSERT INTO stop (busstop, service) VALUES ('58232396', '26');
INSERT INTO stop (busstop, service) VALUES ('58232396', 'X26');
INSERT INTO busstop (sms, name, x, y) VALUES ('58232397', 'post office', '55.971549987793', '-2.9532899856567');
INSERT INTO stop (busstop, service) VALUES ('58232397', '26');
INSERT INTO stop (busstop, service) VALUES ('58232397', 'X26');
INSERT INTO stop (busstop, service) VALUES ('58232397', 'N26');
INSERT INTO busstop (sms, name, x, y) VALUES ('36242543', 'Holyrood Road', '55.950523376465', '-3.1777911186218');
INSERT INTO stop (busstop, service) VALUES ('36242543', '36');
INSERT INTO busstop (sms, name, x, y) VALUES ('36242546', 'Henderson Terrac', '55.939147949219', '-3.2257161140442');
INSERT INTO stop (busstop, service) VALUES ('36242546', '1');
INSERT INTO busstop (sms, name, x, y) VALUES ('36245242', 'Redheughs Avenue', '55.933155059814', '-3.3093910217285');
INSERT INTO stop (busstop, service) VALUES ('36245242', '2');
INSERT INTO stop (busstop, service) VALUES ('36245242', '12');
INSERT INTO stop (busstop, service) VALUES ('36245242', '18');
INSERT INTO stop (busstop, service) VALUES ('36245242', '21');
INSERT INTO stop (busstop, service) VALUES ('36245242', '22');
INSERT INTO stop (busstop, service) VALUES ('36245242', '35');
INSERT INTO stop (busstop, service) VALUES ('36245242', 'N22');
INSERT INTO busstop (sms, name, x, y) VALUES ('36235827', 'Kinellen Road', '55.946311950684', '-3.2504100799561');
INSERT INTO stop (busstop, service) VALUES ('36235827', '38');
INSERT INTO busstop (sms, name, x, y) VALUES ('36236299', 'Barnshot Road (B', '55.906635284424', '-3.2580270767212');
INSERT INTO stop (busstop, service) VALUES ('36236299', '10');
INSERT INTO busstop (sms, name, x, y) VALUES ('36236298', 'Barnshot Road', '55.906635284424', '-3.2580270767212');
INSERT INTO stop (busstop, service) VALUES ('36236298', '10');
INSERT INTO stop (busstop, service) VALUES ('36236298', 'N16');
INSERT INTO busstop (sms, name, x, y) VALUES ('36235252', 'Orrock Park', '55.923084259033', '-3.1643319129944');
INSERT INTO stop (busstop, service) VALUES ('36235252', '3');
INSERT INTO stop (busstop, service) VALUES ('36235252', '3A');
INSERT INTO stop (busstop, service) VALUES ('36235252', '8');
INSERT INTO stop (busstop, service) VALUES ('36235252', '29');
INSERT INTO stop (busstop, service) VALUES ('36235252', 'N3');
INSERT INTO busstop (sms, name, x, y) VALUES ('36235253', 'Nether Liberton', '55.924034118652', '-3.1663448810577');
INSERT INTO stop (busstop, service) VALUES ('36235253', '3');
INSERT INTO stop (busstop, service) VALUES ('36235253', '3A');
INSERT INTO stop (busstop, service) VALUES ('36235253', '8');
INSERT INTO stop (busstop, service) VALUES ('36235253', '29');
INSERT INTO stop (busstop, service) VALUES ('36235253', 'N3');
INSERT INTO busstop (sms, name, x, y) VALUES ('36235254', 'Shopping Centre', '55.928428649902', '-3.1636281013489');
INSERT INTO stop (busstop, service) VALUES ('36235254', '24');
INSERT INTO stop (busstop, service) VALUES ('36235254', '38');
INSERT INTO stop (busstop, service) VALUES ('36235254', '42');
INSERT INTO stop (busstop, service) VALUES ('36235254', '49');
INSERT INTO busstop (sms, name, x, y) VALUES ('36235256', 'Lady Road', '55.928359985352', '-3.1592729091644');
INSERT INTO stop (busstop, service) VALUES ('36235256', '21');
INSERT INTO stop (busstop, service) VALUES ('36235256', '24');
INSERT INTO stop (busstop, service) VALUES ('36235256', '33');
INSERT INTO stop (busstop, service) VALUES ('36235256', '38');
INSERT INTO stop (busstop, service) VALUES ('36235256', '48');
INSERT INTO stop (busstop, service) VALUES ('36235256', '49');
INSERT INTO busstop (sms, name, x, y) VALUES ('36235257', 'Bridgend Cottage', '55.927604675293', '-3.1565930843353');
INSERT INTO stop (busstop, service) VALUES ('36235257', '21');
INSERT INTO stop (busstop, service) VALUES ('36235257', '24');
INSERT INTO stop (busstop, service) VALUES ('36235257', '33');
INSERT INTO stop (busstop, service) VALUES ('36235257', '38');
INSERT INTO stop (busstop, service) VALUES ('36235257', '48');
INSERT INTO stop (busstop, service) VALUES ('36235257', '49');
INSERT INTO busstop (sms, name, x, y) VALUES ('36235258', 'Walter Scott Ave', '55.923274993896', '-3.149631023407');
INSERT INTO stop (busstop, service) VALUES ('36235258', '21');
INSERT INTO stop (busstop, service) VALUES ('36235258', '24');
INSERT INTO stop (busstop, service) VALUES ('36235258', '33');
INSERT INTO stop (busstop, service) VALUES ('36235258', '38');
INSERT INTO stop (busstop, service) VALUES ('36235258', '48');
INSERT INTO stop (busstop, service) VALUES ('36235258', 'X48');
INSERT INTO stop (busstop, service) VALUES ('36235258', '49');
INSERT INTO busstop (sms, name, x, y) VALUES ('36235259', 'Old Dalkeith Roa', '55.921642303467', '-3.1467020511627');
INSERT INTO stop (busstop, service) VALUES ('36235259', '21');
INSERT INTO stop (busstop, service) VALUES ('36235259', '24');
INSERT INTO stop (busstop, service) VALUES ('36235259', '33');
INSERT INTO stop (busstop, service) VALUES ('36235259', '38');
INSERT INTO stop (busstop, service) VALUES ('36235259', '48');
INSERT INTO stop (busstop, service) VALUES ('36235259', '49');
INSERT INTO busstop (sms, name, x, y) VALUES ('36236293', 'Priestfield Road', '55.933036804199', '-3.1578600406647');
INSERT INTO stop (busstop, service) VALUES ('36236293', '2');
INSERT INTO stop (busstop, service) VALUES ('36236293', '14');
INSERT INTO stop (busstop, service) VALUES ('36236293', '30');
INSERT INTO stop (busstop, service) VALUES ('36236293', 'N30');
INSERT INTO busstop (sms, name, x, y) VALUES ('36236292', 'Clearburn Cresce', '55.933483123779', '-3.1604020595551');
INSERT INTO stop (busstop, service) VALUES ('36236292', '2');
INSERT INTO stop (busstop, service) VALUES ('36236292', '14');
INSERT INTO stop (busstop, service) VALUES ('36236292', '30');
INSERT INTO stop (busstop, service) VALUES ('36236292', 'N30');
INSERT INTO busstop (sms, name, x, y) VALUES ('36236295', 'Cameron Toll', '55.928428649902', '-3.161740064621');
INSERT INTO stop (busstop, service) VALUES ('36236295', '21');
INSERT INTO stop (busstop, service) VALUES ('36236295', '24');
INSERT INTO stop (busstop, service) VALUES ('36236295', '33');
INSERT INTO stop (busstop, service) VALUES ('36236295', '38');
INSERT INTO stop (busstop, service) VALUES ('36236295', '42');
INSERT INTO stop (busstop, service) VALUES ('36236295', '47');
INSERT INTO stop (busstop, service) VALUES ('36236295', '48');
INSERT INTO stop (busstop, service) VALUES ('36236295', '49');
INSERT INTO busstop (sms, name, x, y) VALUES ('36236294', 'bowling green', '55.932781219482', '-3.1574199199677');
INSERT INTO stop (busstop, service) VALUES ('36236294', '2');
INSERT INTO stop (busstop, service) VALUES ('36236294', '14');
INSERT INTO stop (busstop, service) VALUES ('36236294', '30');
INSERT INTO stop (busstop, service) VALUES ('36236294', 'N30');
INSERT INTO busstop (sms, name, x, y) VALUES ('36236297', 'Barnshot Road', '55.906909942627', '-3.2575559616089');
INSERT INTO stop (busstop, service) VALUES ('36236297', '10');
INSERT INTO stop (busstop, service) VALUES ('36236297', 'N16');
INSERT INTO busstop (sms, name, x, y) VALUES ('36236296', 'Inglis Green Roa', '55.922294616699', '-3.2502450942993');
INSERT INTO stop (busstop, service) VALUES ('36236296', '44');
INSERT INTO stop (busstop, service) VALUES ('36236296', '44A');
INSERT INTO stop (busstop, service) VALUES ('36236296', 'N44');
INSERT INTO busstop (sms, name, x, y) VALUES ('36236729', 'Union Canal Cent', '55.922962188721', '-3.3781020641327');
INSERT INTO stop (busstop, service) VALUES ('36236729', '48');
INSERT INTO stop (busstop, service) VALUES ('36236729', 'X48');
INSERT INTO busstop (sms, name, x, y) VALUES ('36236728', 'Queen Anne Drive', '55.937068939209', '-3.3919229507446');
INSERT INTO stop (busstop, service) VALUES ('36236728', '48');
INSERT INTO stop (busstop, service) VALUES ('36236728', 'X48');
INSERT INTO busstop (sms, name, x, y) VALUES ('36236723', 'Eastfield Rd', '55.936840057373', '-3.3582630157471');
INSERT INTO stop (busstop, service) VALUES ('36236723', '48');
INSERT INTO busstop (sms, name, x, y) VALUES ('36236725', 'Ingliston Showgr', '55.938106536865', '-3.3738369941711');
INSERT INTO stop (busstop, service) VALUES ('36236725', '48');
INSERT INTO stop (busstop, service) VALUES ('36236725', 'X48');
INSERT INTO busstop (sms, name, x, y) VALUES ('36236724', 'Middle Norton', '55.93766784668', '-3.3673529624939');
INSERT INTO stop (busstop, service) VALUES ('36236724', '48');
INSERT INTO stop (busstop, service) VALUES ('36236724', 'X48');
INSERT INTO busstop (sms, name, x, y) VALUES ('36236727', 'Station Road', '55.936954498291', '-3.391695022583');
INSERT INTO stop (busstop, service) VALUES ('36236727', '48');
INSERT INTO stop (busstop, service) VALUES ('36236727', 'X48');
INSERT INTO busstop (sms, name, x, y) VALUES ('36236726', 'Ratho Station Ro', '55.938735961914', '-3.3898689746857');
INSERT INTO stop (busstop, service) VALUES ('36236726', '48');
INSERT INTO stop (busstop, service) VALUES ('36236726', 'X48');
INSERT INTO busstop (sms, name, x, y) VALUES ('64323789', 'Herd Terrace', '55.875518798828', '-3.1639630794525');
INSERT INTO stop (busstop, service) VALUES ('64323789', '37');
INSERT INTO stop (busstop, service) VALUES ('64323789', 'N37');
INSERT INTO busstop (sms, name, x, y) VALUES ('36232469', 'Barnton Grove', '55.96166229248', '-3.3064279556274');
INSERT INTO stop (busstop, service) VALUES ('36232469', '41');
INSERT INTO busstop (sms, name, x, y) VALUES ('64323787', 'Herd Terrace', '55.875106811523', '-3.1654210090637');
INSERT INTO stop (busstop, service) VALUES ('64323787', '37');
INSERT INTO stop (busstop, service) VALUES ('64323787', 'N37');
INSERT INTO busstop (sms, name, x, y) VALUES ('64323786', 'Hawthorn Gardens', '55.882656097412', '-3.1557359695435');
INSERT INTO stop (busstop, service) VALUES ('64323786', '37');
INSERT INTO stop (busstop, service) VALUES ('64323786', 'N37');
INSERT INTO busstop (sms, name, x, y) VALUES ('64323785', 'Hawthorn Gardens', '55.881973266602', '-3.1540689468384');
INSERT INTO stop (busstop, service) VALUES ('64323785', '37');
INSERT INTO stop (busstop, service) VALUES ('64323785', 'N37');
INSERT INTO busstop (sms, name, x, y) VALUES ('64323784', 'George Drive', '55.879203796387', '-3.1503579616547');
INSERT INTO stop (busstop, service) VALUES ('64323784', '37');
INSERT INTO stop (busstop, service) VALUES ('64323784', 'N37');
INSERT INTO busstop (sms, name, x, y) VALUES ('64323783', 'George Drive', '55.879119873047', '-3.1498761177063');
INSERT INTO stop (busstop, service) VALUES ('64323783', '37');
INSERT INTO stop (busstop, service) VALUES ('64323783', 'N37');
INSERT INTO busstop (sms, name, x, y) VALUES ('64323782', 'George Avenue', '55.876914978027', '-3.1547660827637');
INSERT INTO stop (busstop, service) VALUES ('64323782', '37');
INSERT INTO stop (busstop, service) VALUES ('64323782', 'N37');
INSERT INTO busstop (sms, name, x, y) VALUES ('36238349', 'Craiglockhart Ch', '55.92211151123', '-3.2436780929565');
INSERT INTO stop (busstop, service) VALUES ('36238349', '4');
INSERT INTO busstop (sms, name, x, y) VALUES ('36238348', 'Glenlockhart Par', '55.921943664551', '-3.2433519363403');
INSERT INTO stop (busstop, service) VALUES ('36238348', '4');
INSERT INTO busstop (sms, name, x, y) VALUES ('36232868', 'Comely Bank Ceme', '55.960056304932', '-3.2284269332886');
INSERT INTO stop (busstop, service) VALUES ('36232868', '19');
INSERT INTO stop (busstop, service) VALUES ('36232868', '24');
INSERT INTO stop (busstop, service) VALUES ('36232868', '29');
INSERT INTO stop (busstop, service) VALUES ('36232868', 'X29');
INSERT INTO stop (busstop, service) VALUES ('36232868', '37');
INSERT INTO stop (busstop, service) VALUES ('36232868', '38');
INSERT INTO stop (busstop, service) VALUES ('36232868', '47');
INSERT INTO stop (busstop, service) VALUES ('36232868', 'X47');
INSERT INTO stop (busstop, service) VALUES ('36232868', 'N37');
INSERT INTO busstop (sms, name, x, y) VALUES ('36232869', 'Comely Bank Ceme', '55.960193634033', '-3.2283990383148');
INSERT INTO stop (busstop, service) VALUES ('36232869', '19');
INSERT INTO stop (busstop, service) VALUES ('36232869', '24');
INSERT INTO stop (busstop, service) VALUES ('36232869', '29');
INSERT INTO stop (busstop, service) VALUES ('36232869', 'X29');
INSERT INTO stop (busstop, service) VALUES ('36232869', '37');
INSERT INTO stop (busstop, service) VALUES ('36232869', '38');
INSERT INTO stop (busstop, service) VALUES ('36232869', '47');
INSERT INTO stop (busstop, service) VALUES ('36232869', 'X47');
INSERT INTO stop (busstop, service) VALUES ('36232869', 'N37');
INSERT INTO busstop (sms, name, x, y) VALUES ('36232862', 'Forthview Terrac', '55.960571289062', '-3.2524080276489');
INSERT INTO stop (busstop, service) VALUES ('36232862', '32');
INSERT INTO stop (busstop, service) VALUES ('36232862', '42');
INSERT INTO busstop (sms, name, x, y) VALUES ('36232863', 'Whitehall Court', '55.9606590271', '-3.2561430931091');
INSERT INTO stop (busstop, service) VALUES ('36232863', '32');
INSERT INTO stop (busstop, service) VALUES ('36232863', '42');
INSERT INTO busstop (sms, name, x, y) VALUES ('36238343', 'Belmont Crescent', '55.944507598877', '-3.2547709941864');
INSERT INTO stop (busstop, service) VALUES ('36238343', '12');
INSERT INTO stop (busstop, service) VALUES ('36238343', '26');
INSERT INTO stop (busstop, service) VALUES ('36238343', '31');
INSERT INTO stop (busstop, service) VALUES ('36238343', '48');
INSERT INTO stop (busstop, service) VALUES ('36238343', 'N26');
INSERT INTO busstop (sms, name, x, y) VALUES ('36238342', 'D Mains Primary', '55.964530944824', '-3.2676110267639');
INSERT INTO stop (busstop, service) VALUES ('36238342', '41');
INSERT INTO busstop (sms, name, x, y) VALUES ('36232867', 'Orchard Brae wes', '55.958271026611', '-3.2257440090179');
INSERT INTO stop (busstop, service) VALUES ('36232867', '19');
INSERT INTO stop (busstop, service) VALUES ('36232867', '37');
INSERT INTO stop (busstop, service) VALUES ('36232867', '47');
INSERT INTO stop (busstop, service) VALUES ('36232867', 'X47');
INSERT INTO stop (busstop, service) VALUES ('36232867', 'N37');
INSERT INTO busstop (sms, name, x, y) VALUES ('36232864', 'Orchard Brae Ave', '55.956424713135', '-3.223443031311');
INSERT INTO stop (busstop, service) VALUES ('36232864', '19');
INSERT INTO stop (busstop, service) VALUES ('36232864', '37');
INSERT INTO stop (busstop, service) VALUES ('36232864', '47');
INSERT INTO stop (busstop, service) VALUES ('36232864', 'X47');
INSERT INTO stop (busstop, service) VALUES ('36232864', 'N37');
INSERT INTO busstop (sms, name, x, y) VALUES ('36232865', 'Orchard Brae Wes', '55.957824707031', '-3.2254090309143');
INSERT INTO stop (busstop, service) VALUES ('36232865', '19');
INSERT INTO stop (busstop, service) VALUES ('36232865', '37');
INSERT INTO stop (busstop, service) VALUES ('36232865', '47');
INSERT INTO stop (busstop, service) VALUES ('36232865', 'X47');
INSERT INTO stop (busstop, service) VALUES ('36232865', 'N37');
INSERT INTO busstop (sms, name, x, y) VALUES ('36239579', 'Meggetland Terra', '55.927989959717', '-3.2299089431763');
INSERT INTO stop (busstop, service) VALUES ('36239579', '10');
INSERT INTO stop (busstop, service) VALUES ('36239579', '27');
INSERT INTO stop (busstop, service) VALUES ('36239579', '45');
INSERT INTO busstop (sms, name, x, y) VALUES ('64323237', 'Bilston Cottages', '55.869060516357', '-3.1778650283813');
INSERT INTO stop (busstop, service) VALUES ('64323237', '15');
INSERT INTO busstop (sms, name, x, y) VALUES ('64323236', 'The Brae (top)', '55.847537994385', '-3.1920680999756');
INSERT INTO stop (busstop, service) VALUES ('64323236', '15');
INSERT INTO busstop (sms, name, x, y) VALUES ('64323235', 'The Brae (top)', '55.847240447998', '-3.1919798851013');
INSERT INTO stop (busstop, service) VALUES ('64323235', '15');
INSERT INTO busstop (sms, name, x, y) VALUES ('64323234', 'The Brae (foot)', '55.845371246338', '-3.1929609775543');
INSERT INTO stop (busstop, service) VALUES ('64323234', '15');
INSERT INTO busstop (sms, name, x, y) VALUES ('64323232', 'The Brae (foot)', '55.844654083252', '-3.1926190853119');
INSERT INTO stop (busstop, service) VALUES ('64323232', '15');
INSERT INTO busstop (sms, name, x, y) VALUES ('64323239', 'Moorfoot View', '55.867385864258', '-3.1800520420074');
INSERT INTO stop (busstop, service) VALUES ('64323239', '15');
INSERT INTO stop (busstop, service) VALUES ('64323239', '37');
INSERT INTO stop (busstop, service) VALUES ('64323239', '47');
INSERT INTO stop (busstop, service) VALUES ('64323239', 'X47');
INSERT INTO stop (busstop, service) VALUES ('64323239', '67');
INSERT INTO stop (busstop, service) VALUES ('64323239', 'N37');
INSERT INTO busstop (sms, name, x, y) VALUES ('64323238', 'Moorfoot View', '55.868877410889', '-3.1789619922638');
INSERT INTO stop (busstop, service) VALUES ('64323238', '15');
INSERT INTO stop (busstop, service) VALUES ('64323238', '37');
INSERT INTO stop (busstop, service) VALUES ('64323238', '47');
INSERT INTO stop (busstop, service) VALUES ('64323238', 'X47');
INSERT INTO stop (busstop, service) VALUES ('64323238', '67');
INSERT INTO stop (busstop, service) VALUES ('64323238', 'N37');
INSERT INTO busstop (sms, name, x, y) VALUES ('36239528', 'Craiglockhart Ca', '55.917549133301', '-3.2416269779205');
INSERT INTO stop (busstop, service) VALUES ('36239528', '4');
INSERT INTO stop (busstop, service) VALUES ('36239528', '10');
INSERT INTO stop (busstop, service) VALUES ('36239528', '27');
INSERT INTO stop (busstop, service) VALUES ('36239528', '45');
INSERT INTO busstop (sms, name, x, y) VALUES ('36236348', 'Saville Place', '55.929466247559', '-3.1765120029449');
INSERT INTO stop (busstop, service) VALUES ('36236348', '24');
INSERT INTO busstop (sms, name, x, y) VALUES ('36236343', 'Torphin Golf Cou', '55.899768829346', '-3.2706000804901');
INSERT INTO stop (busstop, service) VALUES ('36236343', '10');
INSERT INTO stop (busstop, service) VALUES ('36236343', 'N16');
INSERT INTO busstop (sms, name, x, y) VALUES ('36236342', 'Torphin Bank', '55.90115737915', '-3.2681500911713');
INSERT INTO stop (busstop, service) VALUES ('36236342', '10');
INSERT INTO stop (busstop, service) VALUES ('36236342', 'N16');
INSERT INTO busstop (sms, name, x, y) VALUES ('36237673', 'Lussielaw Road', '55.927421569824', '-3.1741609573364');
INSERT INTO stop (busstop, service) VALUES ('36237673', '24');
INSERT INTO stop (busstop, service) VALUES ('36237673', '42');
INSERT INTO stop (busstop, service) VALUES ('36237673', '67');
INSERT INTO busstop (sms, name, x, y) VALUES ('36236347', 'Old Farm Place', '55.907585144043', '-3.2493720054626');
INSERT INTO stop (busstop, service) VALUES ('36236347', '16');
INSERT INTO stop (busstop, service) VALUES ('36236347', 'N16');
INSERT INTO busstop (sms, name, x, y) VALUES ('36236346', 'Rustic Cottages', '55.908302307129', '-3.2531220912933');
INSERT INTO stop (busstop, service) VALUES ('36236346', '10');
INSERT INTO stop (busstop, service) VALUES ('36236346', '16');
INSERT INTO stop (busstop, service) VALUES ('36236346', '18');
INSERT INTO stop (busstop, service) VALUES ('36236346', '45');
INSERT INTO stop (busstop, service) VALUES ('36236346', 'N16');
INSERT INTO busstop (sms, name, x, y) VALUES ('36236345', 'Rustic Cottages', '55.907974243164', '-3.2536709308624');
INSERT INTO stop (busstop, service) VALUES ('36236345', '10');
INSERT INTO stop (busstop, service) VALUES ('36236345', '18');
INSERT INTO stop (busstop, service) VALUES ('36236345', '45');
INSERT INTO busstop (sms, name, x, y) VALUES ('36239525', 'Perdrixknowe', '55.925567626953', '-3.2342500686646');
INSERT INTO stop (busstop, service) VALUES ('36239525', '10');
INSERT INTO stop (busstop, service) VALUES ('36239525', '27');
INSERT INTO stop (busstop, service) VALUES ('36239525', '45');
INSERT INTO busstop (sms, name, x, y) VALUES ('36243453', 'Stenhouse Grove', '55.933300018311', '-3.2620120048523');
INSERT INTO stop (busstop, service) VALUES ('36243453', '1');
INSERT INTO stop (busstop, service) VALUES ('36243453', '2');
INSERT INTO stop (busstop, service) VALUES ('36243453', '22');
INSERT INTO stop (busstop, service) VALUES ('36243453', 'N22');
INSERT INTO busstop (sms, name, x, y) VALUES ('36235678', 'Marionville Driv', '55.959541320801', '-3.1515231132507');
INSERT INTO stop (busstop, service) VALUES ('36235678', '19');
INSERT INTO stop (busstop, service) VALUES ('36235678', '34');
INSERT INTO stop (busstop, service) VALUES ('36235678', '42');
INSERT INTO busstop (sms, name, x, y) VALUES ('36235679', 'Marionville', '55.95919418335', '-3.1552131175995');
INSERT INTO stop (busstop, service) VALUES ('36235679', '19');
INSERT INTO stop (busstop, service) VALUES ('36235679', '34');
INSERT INTO busstop (sms, name, x, y) VALUES ('36235672', 'Restalrig Road S', '55.963661193848', '-3.1550250053406');
INSERT INTO stop (busstop, service) VALUES ('36235672', '34');
INSERT INTO busstop (sms, name, x, y) VALUES ('36235676', 'Restalrig', '55.959403991699', '-3.1509420871735');
INSERT INTO stop (busstop, service) VALUES ('36235676', '19');
INSERT INTO stop (busstop, service) VALUES ('36235676', '34');
INSERT INTO busstop (sms, name, x, y) VALUES ('36234268', 'Piersfield Terra', '55.955898284912', '-3.139545917511');
INSERT INTO stop (busstop, service) VALUES ('36234268', '15');
INSERT INTO stop (busstop, service) VALUES ('36234268', '15A');
INSERT INTO stop (busstop, service) VALUES ('36234268', '26');
INSERT INTO stop (busstop, service) VALUES ('36234268', '69');
INSERT INTO busstop (sms, name, x, y) VALUES ('36235674', 'Sleigh Drive', '55.961772918701', '-3.1524219512939');
INSERT INTO stop (busstop, service) VALUES ('36235674', '19');
INSERT INTO stop (busstop, service) VALUES ('36235674', '34');
INSERT INTO busstop (sms, name, x, y) VALUES ('36235675', 'Restalrig Garden', '55.960674285889', '-3.1513640880585');
INSERT INTO stop (busstop, service) VALUES ('36235675', '19');
INSERT INTO stop (busstop, service) VALUES ('36235675', '34');
INSERT INTO busstop (sms, name, x, y) VALUES ('36242925', 'Salvesen Gardens', '55.974910736084', '-3.2552750110626');
INSERT INTO stop (busstop, service) VALUES ('36242925', '16');
INSERT INTO stop (busstop, service) VALUES ('36242925', '27');
INSERT INTO busstop (sms, name, x, y) VALUES ('36234269', 'Moira Terrace', '55.956241607666', '-3.1374258995056');
INSERT INTO stop (busstop, service) VALUES ('36234269', '15');
INSERT INTO stop (busstop, service) VALUES ('36234269', '15A');
INSERT INTO stop (busstop, service) VALUES ('36234269', '21');
INSERT INTO stop (busstop, service) VALUES ('36234269', '26');
INSERT INTO stop (busstop, service) VALUES ('36234269', '69');
INSERT INTO stop (busstop, service) VALUES ('36234269', 'N26');
INSERT INTO busstop (sms, name, x, y) VALUES ('36237923', 'Yewlands Gardens', '55.911808013916', '-3.1584429740906');
INSERT INTO stop (busstop, service) VALUES ('36237923', '31');
INSERT INTO stop (busstop, service) VALUES ('36237923', 'N31');
INSERT INTO busstop (sms, name, x, y) VALUES ('36237924', 'Dechmont Road', '55.941188812256', '-3.3060269355774');
INSERT INTO stop (busstop, service) VALUES ('36237924', '31');
INSERT INTO stop (busstop, service) VALUES ('36237924', '48');
INSERT INTO stop (busstop, service) VALUES ('36237924', 'X48');
INSERT INTO busstop (sms, name, x, y) VALUES ('36237925', 'Craigs Avenue', '55.942306518555', '-3.2962980270386');
INSERT INTO stop (busstop, service) VALUES ('36237925', '31');
INSERT INTO stop (busstop, service) VALUES ('36237925', '48');
INSERT INTO stop (busstop, service) VALUES ('36237925', 'X48');
INSERT INTO busstop (sms, name, x, y) VALUES ('36237926', 'North Gyle Road', '55.941673278809', '-3.3009679317474');
INSERT INTO stop (busstop, service) VALUES ('36237926', '31');
INSERT INTO stop (busstop, service) VALUES ('36237926', '48');
INSERT INTO stop (busstop, service) VALUES ('36237926', 'X48');
INSERT INTO busstop (sms, name, x, y) VALUES ('36237927', 'Maybury', '55.940719604492', '-3.311518907547');
INSERT INTO stop (busstop, service) VALUES ('36237927', '31');
INSERT INTO stop (busstop, service) VALUES ('36237927', '48');
INSERT INTO stop (busstop, service) VALUES ('36237927', 'X48');
INSERT INTO stop (busstop, service) VALUES ('36237927', '100');
INSERT INTO busstop (sms, name, x, y) VALUES ('58235285', 'Recycling Centre', '55.94323348999', '-3.0022931098938');
INSERT INTO stop (busstop, service) VALUES ('58235285', '44');
INSERT INTO stop (busstop, service) VALUES ('58235285', '44A');
INSERT INTO stop (busstop, service) VALUES ('58235285', 'N44');
INSERT INTO busstop (sms, name, x, y) VALUES ('58235284', 'Recycling Centre', '55.943386077881', '-3.0022490024567');
INSERT INTO stop (busstop, service) VALUES ('58235284', '44');
INSERT INTO stop (busstop, service) VALUES ('58235284', 'N44');
INSERT INTO busstop (sms, name, x, y) VALUES ('36235747', 'St Columbas Hosp', '55.980434417725', '-3.2115869522095');
INSERT INTO stop (busstop, service) VALUES ('36235747', '16');
INSERT INTO busstop (sms, name, x, y) VALUES ('36235368', 'Redhall Bank Roa', '55.920886993408', '-3.2545518875122');
INSERT INTO stop (busstop, service) VALUES ('36235368', '44');
INSERT INTO stop (busstop, service) VALUES ('36235368', '44A');
INSERT INTO stop (busstop, service) VALUES ('36235368', 'N44');
INSERT INTO busstop (sms, name, x, y) VALUES ('36235369', 'Dovecot Grove', '55.918754577637', '-3.258339881897');
INSERT INTO stop (busstop, service) VALUES ('36235369', '44');
INSERT INTO stop (busstop, service) VALUES ('36235369', '44A');
INSERT INTO stop (busstop, service) VALUES ('36235369', 'N44');
INSERT INTO busstop (sms, name, x, y) VALUES ('36238654', 'Oxgangs Bank', '55.905963897705', '-3.2239329814911');
INSERT INTO stop (busstop, service) VALUES ('36238654', '5');
INSERT INTO busstop (sms, name, x, y) VALUES ('36243853', 'Fort Kinnaird', '55.933849334717', '-3.0996959209442');
INSERT INTO stop (busstop, service) VALUES ('36243853', '30');
INSERT INTO stop (busstop, service) VALUES ('36243853', '69');
INSERT INTO stop (busstop, service) VALUES ('36243853', 'N30');
INSERT INTO busstop (sms, name, x, y) VALUES ('36238652', 'Oxgangs Place', '55.90799331665', '-3.2251169681549');
INSERT INTO stop (busstop, service) VALUES ('36238652', '5');
INSERT INTO stop (busstop, service) VALUES ('36238652', '16');
INSERT INTO stop (busstop, service) VALUES ('36238652', 'N16');
INSERT INTO busstop (sms, name, x, y) VALUES ('58234734', 'Nursing Homes', '55.910007476807', '-2.8963329792023');
INSERT INTO stop (busstop, service) VALUES ('58234734', '44');
INSERT INTO busstop (sms, name, x, y) VALUES ('58234735', 'Cockenzie Pwr St', '55.965656280518', '-2.9718890190125');
INSERT INTO stop (busstop, service) VALUES ('58234735', '26');
INSERT INTO stop (busstop, service) VALUES ('58234735', 'X26');
INSERT INTO stop (busstop, service) VALUES ('58234735', 'N26');
INSERT INTO busstop (sms, name, x, y) VALUES ('58234732', 'School Kitchen', '55.912609100342', '-2.94349193573');
INSERT INTO stop (busstop, service) VALUES ('58234732', '44');
INSERT INTO busstop (sms, name, x, y) VALUES ('36238658', 'West Pilton Cres', '55.973316192627', '-3.2529320716858');
INSERT INTO stop (busstop, service) VALUES ('36238658', '24');
INSERT INTO stop (busstop, service) VALUES ('36238658', '27');
INSERT INTO stop (busstop, service) VALUES ('36238658', '32');
INSERT INTO busstop (sms, name, x, y) VALUES ('64323725', 'Police Station', '55.843276977539', '-3.0480449199677');
INSERT INTO stop (busstop, service) VALUES ('64323725', '3');
INSERT INTO stop (busstop, service) VALUES ('64323725', '3A');
INSERT INTO stop (busstop, service) VALUES ('64323725', '29');
INSERT INTO stop (busstop, service) VALUES ('64323725', 'X29');
INSERT INTO stop (busstop, service) VALUES ('64323725', 'N3');
INSERT INTO busstop (sms, name, x, y) VALUES ('36235946', 'Haugh Park', '55.924858093262', '-3.2598979473114');
INSERT INTO stop (busstop, service) VALUES ('36235946', '20');
INSERT INTO busstop (sms, name, x, y) VALUES ('36246365', 'Hermiston P&R (t', '55.917251586914', '-3.3144390583038');
INSERT INTO stop (busstop, service) VALUES ('36246365', '25');
INSERT INTO stop (busstop, service) VALUES ('36246365', 'X25');
INSERT INTO stop (busstop, service) VALUES ('36246365', '34');
INSERT INTO stop (busstop, service) VALUES ('36246365', '45');
INSERT INTO stop (busstop, service) VALUES ('36246365', 'N25');
INSERT INTO busstop (sms, name, x, y) VALUES ('36235949', 'Inglis Green Roa', '55.923274993896', '-3.247731924057');
INSERT INTO stop (busstop, service) VALUES ('36235949', '20');
INSERT INTO stop (busstop, service) VALUES ('36235949', '34');
INSERT INTO stop (busstop, service) VALUES ('36235949', '44');
INSERT INTO stop (busstop, service) VALUES ('36235949', '44A');
INSERT INTO stop (busstop, service) VALUES ('36235949', 'N44');
INSERT INTO busstop (sms, name, x, y) VALUES ('64325836', 'Bairds Way', '55.870380401611', '-3.0952808856964');
INSERT INTO stop (busstop, service) VALUES ('64325836', '31');
INSERT INTO stop (busstop, service) VALUES ('64325836', 'X31');
INSERT INTO stop (busstop, service) VALUES ('64325836', 'N31');
INSERT INTO busstop (sms, name, x, y) VALUES ('64325835', 'Sherwood Grove', '55.870506286621', '-3.0949490070343');
INSERT INTO stop (busstop, service) VALUES ('64325835', '31');
INSERT INTO stop (busstop, service) VALUES ('64325835', 'X31');
INSERT INTO stop (busstop, service) VALUES ('64325835', 'N31');
INSERT INTO busstop (sms, name, x, y) VALUES ('64325834', 'Sheriffhall P&R', '55.905170440674', '-3.0993490219116');
INSERT INTO stop (busstop, service) VALUES ('64325834', '49');
INSERT INTO busstop (sms, name, x, y) VALUES ('64325832', 'Sheriffhall P&R', '55.905548095703', '-3.0994069576263');
INSERT INTO stop (busstop, service) VALUES ('64325832', '49');
INSERT INTO busstop (sms, name, x, y) VALUES ('64323794', 'Mayshade Road', '55.883399963379', '-3.1568610668182');
INSERT INTO stop (busstop, service) VALUES ('64323794', '37');
INSERT INTO stop (busstop, service) VALUES ('64323794', 'N37');
INSERT INTO busstop (sms, name, x, y) VALUES ('64323795', 'Mayshade Road', '55.883365631104', '-3.1570360660553');
INSERT INTO stop (busstop, service) VALUES ('64323795', '37');
INSERT INTO stop (busstop, service) VALUES ('64323795', 'N37');
INSERT INTO busstop (sms, name, x, y) VALUES ('36232725', 'Queensferry Terr', '55.954750061035', '-3.2327589988708');
INSERT INTO stop (busstop, service) VALUES ('36232725', '41');
INSERT INTO busstop (sms, name, x, y) VALUES ('36232724', 'Queensferry Terr', '55.954811096191', '-3.2291738986969');
INSERT INTO stop (busstop, service) VALUES ('36232724', '41');
INSERT INTO busstop (sms, name, x, y) VALUES ('36232727', 'Craigleith Drive', '55.955280303955', '-3.2390389442444');
INSERT INTO stop (busstop, service) VALUES ('36232727', '41');
INSERT INTO busstop (sms, name, x, y) VALUES ('36232726', 'Orchard Road Sou', '55.954727172852', '-3.2357859611511');
INSERT INTO stop (busstop, service) VALUES ('36232726', '41');
INSERT INTO busstop (sms, name, x, y) VALUES ('36234729', 'New Bellfield', '55.947784423828', '-3.1377220153809');
INSERT INTO stop (busstop, service) VALUES ('36234729', '44');
INSERT INTO stop (busstop, service) VALUES ('36234729', '44A');
INSERT INTO stop (busstop, service) VALUES ('36234729', '45');
INSERT INTO stop (busstop, service) VALUES ('36234729', '69');
INSERT INTO stop (busstop, service) VALUES ('36234729', 'N44');
INSERT INTO busstop (sms, name, x, y) VALUES ('36232723', 'Queensferry Terr', '55.954700469971', '-3.2287859916687');
INSERT INTO stop (busstop, service) VALUES ('36232723', '41');
INSERT INTO busstop (sms, name, x, y) VALUES ('36232729', 'Queensferry Road', '55.956314086914', '-3.2434449195862');
INSERT INTO stop (busstop, service) VALUES ('36232729', '38');
INSERT INTO stop (busstop, service) VALUES ('36232729', '41');
INSERT INTO stop (busstop, service) VALUES ('36232729', '42');
INSERT INTO busstop (sms, name, x, y) VALUES ('36232728', 'Craigleith Drive', '55.955749511719', '-3.2403349876404');
INSERT INTO stop (busstop, service) VALUES ('36232728', '41');
INSERT INTO busstop (sms, name, x, y) VALUES ('36242674', 'Jeffrey Street', '55.951282501221', '-3.1866059303284');
INSERT INTO stop (busstop, service) VALUES ('36242674', '36');
INSERT INTO busstop (sms, name, x, y) VALUES ('58232968', 'Old Smiddy Inn', '55.911441802979', '-2.886559009552');
INSERT INTO stop (busstop, service) VALUES ('58232968', '44');
INSERT INTO busstop (sms, name, x, y) VALUES ('58232967', 'Parkview', '55.91251373291', '-2.8850800991058');
INSERT INTO stop (busstop, service) VALUES ('58232967', '44');
INSERT INTO busstop (sms, name, x, y) VALUES ('58232965', 'Winton House', '55.91138458252', '-2.8905410766602');
INSERT INTO stop (busstop, service) VALUES ('58232965', '44');
INSERT INTO busstop (sms, name, x, y) VALUES ('58232964', 'Grave Yard', '55.911270141602', '-2.8915469646454');
INSERT INTO stop (busstop, service) VALUES ('58232964', '44');
INSERT INTO busstop (sms, name, x, y) VALUES ('64323796', 'McNeil Avenue', '55.876152038574', '-3.1593790054321');
INSERT INTO stop (busstop, service) VALUES ('64323796', '37');
INSERT INTO stop (busstop, service) VALUES ('64323796', 'N37');
INSERT INTO busstop (sms, name, x, y) VALUES ('36239589', 'Napier Universit', '55.933753967285', '-3.2115230560303');
INSERT INTO stop (busstop, service) VALUES ('36239589', '45');
INSERT INTO busstop (sms, name, x, y) VALUES ('64324232', 'Park Road', '55.870388031006', '-3.0634779930115');
INSERT INTO stop (busstop, service) VALUES ('64324232', '3');
INSERT INTO stop (busstop, service) VALUES ('64324232', '3A');
INSERT INTO stop (busstop, service) VALUES ('64324232', '29');
INSERT INTO stop (busstop, service) VALUES ('64324232', 'N3');
INSERT INTO busstop (sms, name, x, y) VALUES ('64324236', 'Station Road', '55.869155883789', '-3.068717956543');
INSERT INTO stop (busstop, service) VALUES ('64324236', '3');
INSERT INTO stop (busstop, service) VALUES ('64324236', '3A');
INSERT INTO stop (busstop, service) VALUES ('64324236', '29');
INSERT INTO stop (busstop, service) VALUES ('64324236', 'X29');
INSERT INTO stop (busstop, service) VALUES ('64324236', 'N3');
INSERT INTO busstop (sms, name, x, y) VALUES ('64324234', 'St Annes', '55.867733001709', '-3.0672409534454');
INSERT INTO stop (busstop, service) VALUES ('64324234', '3');
INSERT INTO stop (busstop, service) VALUES ('64324234', '3A');
INSERT INTO stop (busstop, service) VALUES ('64324234', '29');
INSERT INTO stop (busstop, service) VALUES ('64324234', 'X29');
INSERT INTO stop (busstop, service) VALUES ('64324234', 'N3');
INSERT INTO busstop (sms, name, x, y) VALUES ('64324235', 'Station Road', '55.869518280029', '-3.0684089660645');
INSERT INTO stop (busstop, service) VALUES ('64324235', '3');
INSERT INTO stop (busstop, service) VALUES ('64324235', '3A');
INSERT INTO stop (busstop, service) VALUES ('64324235', '29');
INSERT INTO stop (busstop, service) VALUES ('64324235', 'X29');
INSERT INTO stop (busstop, service) VALUES ('64324235', 'N3');
INSERT INTO busstop (sms, name, x, y) VALUES ('36234824', 'Commonwealth Poo', '55.938438415527', '-3.1730539798737');
INSERT INTO stop (busstop, service) VALUES ('36234824', '2');
INSERT INTO stop (busstop, service) VALUES ('36234824', '14');
INSERT INTO stop (busstop, service) VALUES ('36234824', '30');
INSERT INTO stop (busstop, service) VALUES ('36234824', '33');
INSERT INTO stop (busstop, service) VALUES ('36234824', '48');
INSERT INTO stop (busstop, service) VALUES ('36234824', 'X48');
INSERT INTO stop (busstop, service) VALUES ('36234824', 'N30');
INSERT INTO busstop (sms, name, x, y) VALUES ('36234825', 'Blacket Avenue', '55.936862945557', '-3.1706209182739');
INSERT INTO stop (busstop, service) VALUES ('36234825', '2');
INSERT INTO stop (busstop, service) VALUES ('36234825', '14');
INSERT INTO stop (busstop, service) VALUES ('36234825', '30');
INSERT INTO stop (busstop, service) VALUES ('36234825', '33');
INSERT INTO stop (busstop, service) VALUES ('36234825', '48');
INSERT INTO stop (busstop, service) VALUES ('36234825', 'N30');
INSERT INTO busstop (sms, name, x, y) VALUES ('36234826', 'Queens Crescent', '55.934375762939', '-3.1674880981445');
INSERT INTO stop (busstop, service) VALUES ('36234826', '2');
INSERT INTO stop (busstop, service) VALUES ('36234826', '14');
INSERT INTO stop (busstop, service) VALUES ('36234826', '30');
INSERT INTO stop (busstop, service) VALUES ('36234826', '33');
INSERT INTO stop (busstop, service) VALUES ('36234826', '48');
INSERT INTO stop (busstop, service) VALUES ('36234826', 'X48');
INSERT INTO stop (busstop, service) VALUES ('36234826', 'N30');
INSERT INTO busstop (sms, name, x, y) VALUES ('36234827', 'Prestonfield Gar', '55.932621002197', '-3.1651298999786');
INSERT INTO stop (busstop, service) VALUES ('36234827', '33');
INSERT INTO stop (busstop, service) VALUES ('36234827', '48');
INSERT INTO busstop (sms, name, x, y) VALUES ('36234823', 'Bernard Terrace', '55.940559387207', '-3.1805150508881');
INSERT INTO stop (busstop, service) VALUES ('36234823', '7');
INSERT INTO stop (busstop, service) VALUES ('36234823', '31');
INSERT INTO stop (busstop, service) VALUES ('36234823', '37');
INSERT INTO stop (busstop, service) VALUES ('36234823', '47');
INSERT INTO stop (busstop, service) VALUES ('36234823', 'X47');
INSERT INTO stop (busstop, service) VALUES ('36234823', 'N31');
INSERT INTO stop (busstop, service) VALUES ('36234823', 'N37');
INSERT INTO busstop (sms, name, x, y) VALUES ('36234828', 'Cameron Crescent', '55.929775238037', '-3.1619079113007');
INSERT INTO stop (busstop, service) VALUES ('36234828', '33');
INSERT INTO stop (busstop, service) VALUES ('36234828', '48');
INSERT INTO busstop (sms, name, x, y) VALUES ('36234829', 'Cameron Crescent', '55.930252075195', '-3.1626110076904');
INSERT INTO stop (busstop, service) VALUES ('36234829', '33');
INSERT INTO stop (busstop, service) VALUES ('36234829', '48');
INSERT INTO busstop (sms, name, x, y) VALUES ('64324325', 'High Street', '55.826675415039', '-3.2208030223846');
INSERT INTO stop (busstop, service) VALUES ('64324325', '37');
INSERT INTO stop (busstop, service) VALUES ('64324325', 'X47');
INSERT INTO stop (busstop, service) VALUES ('64324325', 'N37');
INSERT INTO busstop (sms, name, x, y) VALUES ('58232497', 'Health Centre', '55.955825805664', '-2.9748940467834');
INSERT INTO stop (busstop, service) VALUES ('58232497', '26');
INSERT INTO stop (busstop, service) VALUES ('58232497', 'N26');
INSERT INTO busstop (sms, name, x, y) VALUES ('64324545', 'Station Road', '55.858032226562', '-3.1655490398407');
INSERT INTO stop (busstop, service) VALUES ('64324545', '15');
INSERT INTO busstop (sms, name, x, y) VALUES ('64324546', 'Station Road', '55.858474731445', '-3.1665210723877');
INSERT INTO stop (busstop, service) VALUES ('64324546', '15');
INSERT INTO busstop (sms, name, x, y) VALUES ('64324547', 'Woodend Park', '55.856147766113', '-3.1747589111328');
INSERT INTO stop (busstop, service) VALUES ('64324547', '15');
INSERT INTO busstop (sms, name, x, y) VALUES ('58232493', 'Wallyford Instit', '55.940811157227', '-3.0106520652771');
INSERT INTO stop (busstop, service) VALUES ('58232493', '44');
INSERT INTO stop (busstop, service) VALUES ('58232493', 'N44');
INSERT INTO busstop (sms, name, x, y) VALUES ('58232492', 'Moir Cres', '55.943096160889', '-3.0167961120605');
INSERT INTO stop (busstop, service) VALUES ('58232492', 'N44');
INSERT INTO busstop (sms, name, x, y) VALUES ('64324542', 'Springfield Plac', '55.85962677002', '-3.1681530475616');
INSERT INTO stop (busstop, service) VALUES ('64324542', '15');
INSERT INTO busstop (sms, name, x, y) VALUES ('64324543', 'Springfield Plac', '55.859359741211', '-3.1679859161377');
INSERT INTO stop (busstop, service) VALUES ('64324543', '15');
INSERT INTO busstop (sms, name, x, y) VALUES ('64324548', 'Woodend Park', '55.856243133545', '-3.1742820739746');
INSERT INTO stop (busstop, service) VALUES ('64324548', '15');
INSERT INTO busstop (sms, name, x, y) VALUES ('58232498', 'Preston Road', '55.956535339355', '-2.9716129302979');
INSERT INTO stop (busstop, service) VALUES ('58232498', '26');
INSERT INTO busstop (sms, name, x, y) VALUES ('36237249', 'Montpelier Park', '55.936073303223', '-3.2094979286194');
INSERT INTO stop (busstop, service) VALUES ('36237249', '11');
INSERT INTO stop (busstop, service) VALUES ('36237249', '15');
INSERT INTO stop (busstop, service) VALUES ('36237249', '15A');
INSERT INTO stop (busstop, service) VALUES ('36237249', '16');
INSERT INTO stop (busstop, service) VALUES ('36237249', '23');
INSERT INTO stop (busstop, service) VALUES ('36237249', '45');
INSERT INTO stop (busstop, service) VALUES ('36237249', 'N16');
INSERT INTO busstop (sms, name, x, y) VALUES ('36237248', 'Holy Corner', '55.93461227417', '-3.2102370262146');
INSERT INTO stop (busstop, service) VALUES ('36237248', '11');
INSERT INTO stop (busstop, service) VALUES ('36237248', '15');
INSERT INTO stop (busstop, service) VALUES ('36237248', '15A');
INSERT INTO stop (busstop, service) VALUES ('36237248', '16');
INSERT INTO stop (busstop, service) VALUES ('36237248', '23');
INSERT INTO stop (busstop, service) VALUES ('36237248', '45');
INSERT INTO stop (busstop, service) VALUES ('36237248', 'N16');
INSERT INTO busstop (sms, name, x, y) VALUES ('36237243', 'Morningside Park', '55.928157806396', '-3.2095229625702');
INSERT INTO stop (busstop, service) VALUES ('36237243', '5');
INSERT INTO stop (busstop, service) VALUES ('36237243', '11');
INSERT INTO stop (busstop, service) VALUES ('36237243', '15');
INSERT INTO stop (busstop, service) VALUES ('36237243', '15A');
INSERT INTO stop (busstop, service) VALUES ('36237243', '16');
INSERT INTO stop (busstop, service) VALUES ('36237243', '23');
INSERT INTO stop (busstop, service) VALUES ('36237243', 'N16');
INSERT INTO busstop (sms, name, x, y) VALUES ('36237242', 'Maxwell Street', '55.92610168457', '-3.2093470096588');
INSERT INTO stop (busstop, service) VALUES ('36237242', '5');
INSERT INTO stop (busstop, service) VALUES ('36237242', '11');
INSERT INTO stop (busstop, service) VALUES ('36237242', '15');
INSERT INTO stop (busstop, service) VALUES ('36237242', '15A');
INSERT INTO stop (busstop, service) VALUES ('36237242', '16');
INSERT INTO stop (busstop, service) VALUES ('36237242', '23');
INSERT INTO stop (busstop, service) VALUES ('36237242', 'N16');
INSERT INTO busstop (sms, name, x, y) VALUES ('36237247', 'Churchhill', '55.932552337646', '-3.2101249694824');
INSERT INTO stop (busstop, service) VALUES ('36237247', '11');
INSERT INTO stop (busstop, service) VALUES ('36237247', '15');
INSERT INTO stop (busstop, service) VALUES ('36237247', '15A');
INSERT INTO stop (busstop, service) VALUES ('36237247', '16');
INSERT INTO stop (busstop, service) VALUES ('36237247', '23');
INSERT INTO stop (busstop, service) VALUES ('36237247', 'N16');
INSERT INTO busstop (sms, name, x, y) VALUES ('36237246', 'Falcon Avenue', '55.930355072021', '-3.2098639011383');
INSERT INTO stop (busstop, service) VALUES ('36237246', '5');
INSERT INTO stop (busstop, service) VALUES ('36237246', '11');
INSERT INTO stop (busstop, service) VALUES ('36237246', '15');
INSERT INTO stop (busstop, service) VALUES ('36237246', '15A');
INSERT INTO stop (busstop, service) VALUES ('36237246', '16');
INSERT INTO stop (busstop, service) VALUES ('36237246', '23');
INSERT INTO stop (busstop, service) VALUES ('36237246', 'N16');
INSERT INTO busstop (sms, name, x, y) VALUES ('58232365', 'obertson Ave.', '55.962829589844', '-2.9769439697266');
INSERT INTO stop (busstop, service) VALUES ('58232365', '26');
INSERT INTO stop (busstop, service) VALUES ('58232365', 'X26');
INSERT INTO busstop (sms, name, x, y) VALUES ('58232364', 'Robertson Ave', '55.962558746338', '-2.9772579669952');
INSERT INTO stop (busstop, service) VALUES ('58232364', '26');
INSERT INTO stop (busstop, service) VALUES ('58232364', 'X26');
INSERT INTO stop (busstop, service) VALUES ('58232364', 'N26');
INSERT INTO busstop (sms, name, x, y) VALUES ('58232367', 'Prestonpans (Ayr', '55.959270477295', '-2.9837419986725');
INSERT INTO stop (busstop, service) VALUES ('58232367', '26');
INSERT INTO stop (busstop, service) VALUES ('58232367', 'N26');
INSERT INTO busstop (sms, name, x, y) VALUES ('58232363', 'Harlaw Hill', '55.961547851562', '-2.9797959327698');
INSERT INTO stop (busstop, service) VALUES ('58232363', '26');
INSERT INTO stop (busstop, service) VALUES ('58232363', 'X26');
INSERT INTO stop (busstop, service) VALUES ('58232363', 'N26');
INSERT INTO busstop (sms, name, x, y) VALUES ('58232362', 'supermarket', '55.961269378662', '-2.9809100627899');
INSERT INTO stop (busstop, service) VALUES ('58232362', '26');
INSERT INTO stop (busstop, service) VALUES ('58232362', 'X26');
INSERT INTO busstop (sms, name, x, y) VALUES ('58232369', 'West Loan', '55.957576751709', '-2.9820981025696');
INSERT INTO stop (busstop, service) VALUES ('58232369', '26');
INSERT INTO busstop (sms, name, x, y) VALUES ('58232368', 'West Loan', '55.95775604248', '-2.9820220470428');
INSERT INTO stop (busstop, service) VALUES ('58232368', '26');
INSERT INTO stop (busstop, service) VALUES ('58232368', 'N26');
INSERT INTO busstop (sms, name, x, y) VALUES ('64323423', 'Melville Castle', '55.895099639893', '-3.0940899848938');
INSERT INTO stop (busstop, service) VALUES ('64323423', '3');
INSERT INTO stop (busstop, service) VALUES ('64323423', '3A');
INSERT INTO stop (busstop, service) VALUES ('64323423', 'N3');
INSERT INTO busstop (sms, name, x, y) VALUES ('36242485', 'Gyle Centre', '55.938083648682', '-3.3142321109772');
INSERT INTO stop (busstop, service) VALUES ('36242485', '2');
INSERT INTO stop (busstop, service) VALUES ('36242485', '12');
INSERT INTO stop (busstop, service) VALUES ('36242485', '18');
INSERT INTO stop (busstop, service) VALUES ('36242485', '26');
INSERT INTO stop (busstop, service) VALUES ('36242485', '33');
INSERT INTO stop (busstop, service) VALUES ('36242485', '35');
INSERT INTO busstop (sms, name, x, y) VALUES ('64323426', 'Waverley Crescen', '55.878314971924', '-3.1003000736237');
INSERT INTO stop (busstop, service) VALUES ('64323426', '49');
INSERT INTO busstop (sms, name, x, y) VALUES ('36242482', 'The Shore', '55.973926544189', '-3.1727809906006');
INSERT INTO stop (busstop, service) VALUES ('36242482', '22');
INSERT INTO stop (busstop, service) VALUES ('36242482', '36');
INSERT INTO stop (busstop, service) VALUES ('36242482', 'N22');
INSERT INTO busstop (sms, name, x, y) VALUES ('64323424', 'Viewbank Avenue', '55.880439758301', '-3.0938060283661');
INSERT INTO stop (busstop, service) VALUES ('64323424', '49');
INSERT INTO busstop (sms, name, x, y) VALUES ('64323425', 'Waverley Crescen', '55.877861022949', '-3.1007659435272');
INSERT INTO stop (busstop, service) VALUES ('64323425', '49');
INSERT INTO busstop (sms, name, x, y) VALUES ('64323938', 'Golf Club', '55.849803924561', '-3.1990060806274');
INSERT INTO stop (busstop, service) VALUES ('64323938', '15A');
INSERT INTO stop (busstop, service) VALUES ('64323938', '37');
INSERT INTO stop (busstop, service) VALUES ('64323938', '47');
INSERT INTO stop (busstop, service) VALUES ('64323938', 'X47');
INSERT INTO stop (busstop, service) VALUES ('64323938', 'N37');
INSERT INTO busstop (sms, name, x, y) VALUES ('64323939', 'Golf Club', '55.849613189697', '-3.2001190185547');
INSERT INTO stop (busstop, service) VALUES ('64323939', '15A');
INSERT INTO stop (busstop, service) VALUES ('64323939', '37');
INSERT INTO stop (busstop, service) VALUES ('64323939', '47');
INSERT INTO stop (busstop, service) VALUES ('64323939', 'X47');
INSERT INTO stop (busstop, service) VALUES ('64323939', 'N37');
INSERT INTO busstop (sms, name, x, y) VALUES ('64323428', 'Waverley Terr', '55.872909545898', '-3.101744890213');
INSERT INTO stop (busstop, service) VALUES ('64323428', '31');
INSERT INTO stop (busstop, service) VALUES ('64323428', 'X31');
INSERT INTO stop (busstop, service) VALUES ('64323428', 'N31');
INSERT INTO busstop (sms, name, x, y) VALUES ('64323429', 'Wolsey Ave', '55.871505737305', '-3.0978701114655');
INSERT INTO stop (busstop, service) VALUES ('64323429', '31');
INSERT INTO stop (busstop, service) VALUES ('64323429', 'X31');
INSERT INTO stop (busstop, service) VALUES ('64323429', 'N31');
INSERT INTO busstop (sms, name, x, y) VALUES ('58232389', 'Cadell Place', '55.96960067749', '-2.9614140987396');
INSERT INTO stop (busstop, service) VALUES ('58232389', '26');
INSERT INTO stop (busstop, service) VALUES ('58232389', 'X26');
INSERT INTO stop (busstop, service) VALUES ('58232389', 'N26');
INSERT INTO busstop (sms, name, x, y) VALUES ('58232383', 'Power Station', '55.965835571289', '-2.971734046936');
INSERT INTO stop (busstop, service) VALUES ('58232383', '26');
INSERT INTO stop (busstop, service) VALUES ('58232383', 'X26');
INSERT INTO busstop (sms, name, x, y) VALUES ('58232387', 'East Lorimer Pl', '55.969219207764', '-2.9641280174255');
INSERT INTO stop (busstop, service) VALUES ('58232387', '26');
INSERT INTO stop (busstop, service) VALUES ('58232387', 'X26');
INSERT INTO busstop (sms, name, x, y) VALUES ('58232386', 'North Lorimer Pl', '55.969223022461', '-2.9636468887329');
INSERT INTO stop (busstop, service) VALUES ('58232386', '26');
INSERT INTO stop (busstop, service) VALUES ('58232386', 'X26');
INSERT INTO stop (busstop, service) VALUES ('58232386', 'N26');
INSERT INTO busstop (sms, name, x, y) VALUES ('58232385', 'Power Station', '55.968940734863', '-2.9655630588531');
INSERT INTO stop (busstop, service) VALUES ('58232385', '26');
INSERT INTO stop (busstop, service) VALUES ('58232385', 'X26');
INSERT INTO stop (busstop, service) VALUES ('58232385', 'N26');
INSERT INTO busstop (sms, name, x, y) VALUES ('58232384', 'Power Station', '55.968837738037', '-2.9670820236206');
INSERT INTO stop (busstop, service) VALUES ('58232384', '26');
INSERT INTO stop (busstop, service) VALUES ('58232384', 'X26');
INSERT INTO busstop (sms, name, x, y) VALUES ('36246872', 'Heriot Watt Rese', '55.915073394775', '-3.32319688797');
INSERT INTO stop (busstop, service) VALUES ('36246872', '34');
INSERT INTO busstop (sms, name, x, y) VALUES ('64323838', 'Straiton Road', '55.888076782227', '-3.1622920036316');
INSERT INTO stop (busstop, service) VALUES ('64323838', '37');
INSERT INTO stop (busstop, service) VALUES ('64323838', 'N37');
INSERT INTO busstop (sms, name, x, y) VALUES ('36245253', 'Fort Kinnaird', '55.934993743896', '-3.1023859977722');
INSERT INTO stop (busstop, service) VALUES ('36245253', '30');
INSERT INTO stop (busstop, service) VALUES ('36245253', '69');
INSERT INTO stop (busstop, service) VALUES ('36245253', 'N30');
INSERT INTO busstop (sms, name, x, y) VALUES ('36245896', 'Joseph Black Bui', '55.922256469727', '-3.1774780750275');
INSERT INTO stop (busstop, service) VALUES ('36245896', '41');
INSERT INTO busstop (sms, name, x, y) VALUES ('58232465', 'Macbeth Moir', '55.942470550537', '-3.0166189670563');
INSERT INTO stop (busstop, service) VALUES ('58232465', '44');
INSERT INTO busstop (sms, name, x, y) VALUES ('64323687', 'Greenhall Road', '55.851783752441', '-3.0545198917389');
INSERT INTO stop (busstop, service) VALUES ('64323687', '3');
INSERT INTO stop (busstop, service) VALUES ('64323687', '3A');
INSERT INTO stop (busstop, service) VALUES ('64323687', '29');
INSERT INTO stop (busstop, service) VALUES ('64323687', 'X29');
INSERT INTO stop (busstop, service) VALUES ('64323687', 'N3');
INSERT INTO busstop (sms, name, x, y) VALUES ('64323684', 'Gorebride Inn', '55.842109680176', '-3.0476949214935');
INSERT INTO stop (busstop, service) VALUES ('64323684', '3');
INSERT INTO stop (busstop, service) VALUES ('64323684', '3A');
INSERT INTO stop (busstop, service) VALUES ('64323684', '29');
INSERT INTO stop (busstop, service) VALUES ('64323684', 'X29');
INSERT INTO stop (busstop, service) VALUES ('64323684', 'N3');
INSERT INTO busstop (sms, name, x, y) VALUES ('64323685', 'Greenhall Cresce', '55.849231719971', '-3.0555529594421');
INSERT INTO stop (busstop, service) VALUES ('64323685', '3');
INSERT INTO stop (busstop, service) VALUES ('64323685', '3A');
INSERT INTO stop (busstop, service) VALUES ('64323685', '29');
INSERT INTO stop (busstop, service) VALUES ('64323685', 'X29');
INSERT INTO stop (busstop, service) VALUES ('64323685', 'N3');
INSERT INTO busstop (sms, name, x, y) VALUES ('64323682', 'Gore Avenue to E', '55.846168518066', '-3.0460469722748');
INSERT INTO stop (busstop, service) VALUES ('64323682', '3');
INSERT INTO stop (busstop, service) VALUES ('64323682', '3A');
INSERT INTO stop (busstop, service) VALUES ('64323682', '29');
INSERT INTO stop (busstop, service) VALUES ('64323682', 'X29');
INSERT INTO busstop (sms, name, x, y) VALUES ('64323683', 'Gorebridge Inn', '55.842113494873', '-3.0473430156708');
INSERT INTO stop (busstop, service) VALUES ('64323683', '3');
INSERT INTO stop (busstop, service) VALUES ('64323683', '3A');
INSERT INTO stop (busstop, service) VALUES ('64323683', '29');
INSERT INTO stop (busstop, service) VALUES ('64323683', 'X29');
INSERT INTO stop (busstop, service) VALUES ('64323683', 'N3');
INSERT INTO busstop (sms, name, x, y) VALUES ('64323681', 'Gore Avenue to B', '55.846176147461', '-3.04603099823');
INSERT INTO stop (busstop, service) VALUES ('64323681', '3');
INSERT INTO stop (busstop, service) VALUES ('64323681', '3A');
INSERT INTO stop (busstop, service) VALUES ('64323681', '29');
INSERT INTO stop (busstop, service) VALUES ('64323681', 'X29');
INSERT INTO stop (busstop, service) VALUES ('64323681', 'N3');
INSERT INTO busstop (sms, name, x, y) VALUES ('64323689', 'Hogarth Avenue', '55.851390838623', '-3.0544610023499');
INSERT INTO stop (busstop, service) VALUES ('64323689', '3');
INSERT INTO stop (busstop, service) VALUES ('64323689', '3A');
INSERT INTO stop (busstop, service) VALUES ('64323689', '29');
INSERT INTO stop (busstop, service) VALUES ('64323689', 'X29');
INSERT INTO stop (busstop, service) VALUES ('64323689', 'N3');
INSERT INTO busstop (sms, name, x, y) VALUES ('36235243', 'Ellens Glen Road', '55.913566589355', '-3.1472640037537');
INSERT INTO stop (busstop, service) VALUES ('36235243', '3');
INSERT INTO stop (busstop, service) VALUES ('36235243', '3A');
INSERT INTO stop (busstop, service) VALUES ('36235243', '8');
INSERT INTO stop (busstop, service) VALUES ('36235243', '29');
INSERT INTO stop (busstop, service) VALUES ('36235243', 'N3');
INSERT INTO busstop (sms, name, x, y) VALUES ('36235242', 'Moredun Institut', '55.912166595459', '-3.1441509723663');
INSERT INTO stop (busstop, service) VALUES ('36235242', '3');
INSERT INTO stop (busstop, service) VALUES ('36235242', '3A');
INSERT INTO stop (busstop, service) VALUES ('36235242', '8');
INSERT INTO stop (busstop, service) VALUES ('36235242', '18');
INSERT INTO stop (busstop, service) VALUES ('36235242', '29');
INSERT INTO stop (busstop, service) VALUES ('36235242', 'N3');
INSERT INTO busstop (sms, name, x, y) VALUES ('36235247', 'Walter Scott Ave', '55.918716430664', '-3.1556730270386');
INSERT INTO stop (busstop, service) VALUES ('36235247', '3');
INSERT INTO stop (busstop, service) VALUES ('36235247', '3A');
INSERT INTO stop (busstop, service) VALUES ('36235247', '8');
INSERT INTO stop (busstop, service) VALUES ('36235247', '29');
INSERT INTO stop (busstop, service) VALUES ('36235247', 'N3');
INSERT INTO busstop (sms, name, x, y) VALUES ('36235246', 'Mount Vernon Roa', '55.917369842529', '-3.1529281139374');
INSERT INTO stop (busstop, service) VALUES ('36235246', '3');
INSERT INTO stop (busstop, service) VALUES ('36235246', '3A');
INSERT INTO stop (busstop, service) VALUES ('36235246', '8');
INSERT INTO stop (busstop, service) VALUES ('36235246', '29');
INSERT INTO stop (busstop, service) VALUES ('36235246', 'N3');
INSERT INTO busstop (sms, name, x, y) VALUES ('36235245', 'Robins Nest', '55.915107727051', '-3.1497089862823');
INSERT INTO stop (busstop, service) VALUES ('36235245', '3');
INSERT INTO stop (busstop, service) VALUES ('36235245', '3A');
INSERT INTO stop (busstop, service) VALUES ('36235245', '8');
INSERT INTO stop (busstop, service) VALUES ('36235245', '29');
INSERT INTO stop (busstop, service) VALUES ('36235245', 'N3');
INSERT INTO busstop (sms, name, x, y) VALUES ('36232478', 'Cramond Green', '55.975364685059', '-3.2999670505524');
INSERT INTO stop (busstop, service) VALUES ('36232478', '41');
INSERT INTO busstop (sms, name, x, y) VALUES ('36235249', 'Double Hedges Ro', '55.921165466309', '-3.1609299182892');
INSERT INTO stop (busstop, service) VALUES ('36235249', '3');
INSERT INTO stop (busstop, service) VALUES ('36235249', '3A');
INSERT INTO stop (busstop, service) VALUES ('36235249', '8');
INSERT INTO stop (busstop, service) VALUES ('36235249', '29');
INSERT INTO stop (busstop, service) VALUES ('36235249', 'N3');
INSERT INTO busstop (sms, name, x, y) VALUES ('36235248', 'Ivanhoe Crescent', '55.919570922852', '-3.1576180458069');
INSERT INTO stop (busstop, service) VALUES ('36235248', '3');
INSERT INTO stop (busstop, service) VALUES ('36235248', '3A');
INSERT INTO stop (busstop, service) VALUES ('36235248', '8');
INSERT INTO stop (busstop, service) VALUES ('36235248', '29');
INSERT INTO stop (busstop, service) VALUES ('36235248', 'N3');
INSERT INTO busstop (sms, name, x, y) VALUES ('64323832', 'Station Road', '55.877407073975', '-3.1503050327301');
INSERT INTO stop (busstop, service) VALUES ('64323832', '37');
INSERT INTO stop (busstop, service) VALUES ('64323832', 'N37');
INSERT INTO busstop (sms, name, x, y) VALUES ('36236758', 'Abbeyhill Cresce', '55.95397567749', '-3.1739881038666');
INSERT INTO stop (busstop, service) VALUES ('36236758', '35');
INSERT INTO busstop (sms, name, x, y) VALUES ('36236759', 'Holyrood', '55.952564239502', '-3.1750819683075');
INSERT INTO stop (busstop, service) VALUES ('36236759', '35');
INSERT INTO busstop (sms, name, x, y) VALUES ('36238935', 'Gogar Roundabout', '55.938980102539', '-3.3267979621887');
INSERT INTO stop (busstop, service) VALUES ('36238935', '35');
INSERT INTO stop (busstop, service) VALUES ('36238935', 'N22');
INSERT INTO busstop (sms, name, x, y) VALUES ('36236754', 'The Exchange', '55.947845458984', '-3.207447052002');
INSERT INTO stop (busstop, service) VALUES ('36236754', '22');
INSERT INTO stop (busstop, service) VALUES ('36236754', 'X25');
INSERT INTO stop (busstop, service) VALUES ('36236754', '30');
INSERT INTO stop (busstop, service) VALUES ('36236754', 'N22');
INSERT INTO stop (busstop, service) VALUES ('36236754', 'N30');
INSERT INTO busstop (sms, name, x, y) VALUES ('64323835', 'Straiton Retal P', '55.885765075684', '-3.1596651077271');
INSERT INTO stop (busstop, service) VALUES ('64323835', '37');
INSERT INTO stop (busstop, service) VALUES ('64323835', 'N37');
INSERT INTO busstop (sms, name, x, y) VALUES ('36236757', 'Easter Road', '55.955989837646', '-3.1730239391327');
INSERT INTO stop (busstop, service) VALUES ('36236757', 'X26');
INSERT INTO busstop (sms, name, x, y) VALUES ('36236752', 'Calder Road', '55.925754547119', '-3.2688889503479');
INSERT INTO stop (busstop, service) VALUES ('36236752', '1');
INSERT INTO stop (busstop, service) VALUES ('36236752', '30');
INSERT INTO stop (busstop, service) VALUES ('36236752', '33');
INSERT INTO stop (busstop, service) VALUES ('36236752', '34');
INSERT INTO stop (busstop, service) VALUES ('36236752', '38');
INSERT INTO stop (busstop, service) VALUES ('36236752', '109');
INSERT INTO stop (busstop, service) VALUES ('36236752', 'N30');
INSERT INTO busstop (sms, name, x, y) VALUES ('36236753', 'The Exchange', '55.948020935059', '-3.2070679664612');
INSERT INTO stop (busstop, service) VALUES ('36236753', '22');
INSERT INTO stop (busstop, service) VALUES ('36236753', 'X25');
INSERT INTO stop (busstop, service) VALUES ('36236753', '30');
INSERT INTO stop (busstop, service) VALUES ('36236753', 'N22');
INSERT INTO stop (busstop, service) VALUES ('36236753', 'N30');
INSERT INTO busstop (sms, name, x, y) VALUES ('36232473', 'Templers Cramond', '55.966762542725', '-3.3078339099884');
INSERT INTO stop (busstop, service) VALUES ('36232473', '41');
INSERT INTO busstop (sms, name, x, y) VALUES ('36232472', 'Braehead Grove', '55.963333129883', '-3.307333946228');
INSERT INTO stop (busstop, service) VALUES ('36232472', '41');
INSERT INTO busstop (sms, name, x, y) VALUES ('64323837', 'Straiton Road', '55.887989044189', '-3.1619699001312');
INSERT INTO stop (busstop, service) VALUES ('64323837', '37');
INSERT INTO stop (busstop, service) VALUES ('64323837', 'N37');
INSERT INTO busstop (sms, name, x, y) VALUES ('36232476', 'Gamekeepers Road', '55.97297668457', '-3.2952399253845');
INSERT INTO stop (busstop, service) VALUES ('36232476', '41');
INSERT INTO busstop (sms, name, x, y) VALUES ('36232479', 'Fair-a-far Cotta', '55.973197937012', '-3.3041410446167');
INSERT INTO stop (busstop, service) VALUES ('36232479', '41');
INSERT INTO busstop (sms, name, x, y) VALUES ('36235456', 'Bridgend Cottage', '55.927314758301', '-3.156023979187');
INSERT INTO stop (busstop, service) VALUES ('36235456', '21');
INSERT INTO stop (busstop, service) VALUES ('36235456', '24');
INSERT INTO stop (busstop, service) VALUES ('36235456', '33');
INSERT INTO stop (busstop, service) VALUES ('36235456', '38');
INSERT INTO stop (busstop, service) VALUES ('36235456', '48');
INSERT INTO stop (busstop, service) VALUES ('36235456', '49');
INSERT INTO busstop (sms, name, x, y) VALUES ('58232868', 'Loretto School', '55.945125579834', '-3.0427889823914');
INSERT INTO stop (busstop, service) VALUES ('58232868', 'N44');
